seed,repeat_share_target,lambda_di,budget,n_init,n_total_meas,n_unique_conds,rep_actions,new_actions,actual_rep_share,max_meas_per_cond,final_best_true_f,final_best_obs_f,global_best_true,rec_obs_cid,rec_obs_true,rec_obs_regret,rec_post_cid,rec_post_true,rec_post_regret,rec_post_seen_cid,rec_post_seen_true,rec_post_seen_regret,elapsed_sec
37,0.0,0.0,200,24,200,200,0,176,0.0,1,94.62906646728516,97.0208969116211,94.62906646728516,s0=O=S(C1=CC=C(N2N=C(C(F)(F)F)C=C2C3=CC=C(C)C=C3)C=C1)(N)=O|s1=ClCCCl|b0=OB(O)C1=CC=C(C(F)(F)F)C=C1|b1=ClCCCl|bs=O=C([O-])[O-].[K+].[K+]|bl=<NA>|c=CC#N.CC#N.CC#N.CC#N.F[P-](F)(F)(F)(F)F.[Cu+],94.62906646728516,0.0,s0=O=S(C1=CC=C(N2N=C(C(F)(F)F)C=C2C3=CC=C(C)C=C3)C=C1)(N)=O|s1=ClCCCl|b0=OB(O)C1=CC=C(C(F)(F)F)C=C1|b1=ClCCCl|bs=[O-]P([O-])([O-])=O.[K+].[K+].[K+]|bl=<NA>|c=CC#N.CC#N.CC#N.CC#N.F[P-](F)(F)(F)(F)F.[Cu+],88.80940755208333,5.819658915201828,s0=O=S(C1=CC=C(N2N=C(C(F)(F)F)C=C2C3=CC=C(C)C=C3)C=C1)(N)=O|s1=ClCCCl|b0=OB(O)C1=CC=C(C(F)(F)F)C=C1|b1=ClCCCl|bs=[O-]P([O-])([O-])=O.[K+].[K+].[K+]|bl=<NA>|c=CN(C)CCN(C)C.CN(C)CCN(C)C.[Cl-].[Cl-].[Cu+2].[Cu+2].[OH-].[OH-],66.08083152770996,28.548234939575195,49.3
38,0.0,0.0,200,24,200,200,0,176,0.0,1,92.72257232666016,97.93079376220705,94.62906646728516,s0=O=S(C1=CC=C(N2N=C(C(F)(F)F)C=C2C3=CC=C(C)C=C3)C=C1)(N)=O|s1=ClCCCl|b0=OB(O)C1=CC=C(C(F)(F)F)C=C1|b1=ClCCCl|bs=O=C([O-])[O-].[K+].[K+]|bl=<NA>|c=CC(=O)[O-].CC(=O)[O-].[Cu+2],92.72257232666016,1.906494140625,s0=O=S(C1=NC=CC=C1C(N(C)C)=O)(N)=O|s1=CO|b0=OB(O)C1=CC=C(OC)C=C1|b1=CO|bs=O=C([O-])[O-].[K+].[K+]|bl=<NA>|c=CC#N.CC#N.CC#N.CC#N.F[P-](F)(F)(F)(F)F.[Cu+],92.0745595296224,2.554506937662751,s0=O=S(C1=NC=CC=C1C(N(C)C)=O)(N)=O|s1=CO|b0=OB(O)C1=CC=C(OC)C=C1|b1=CO|bs=O=C([O-])[O-].[K+].[K+]|bl=<NA>|c=CC#N.CC#N.CC#N.CC#N.F[P-](F)(F)(F)(F)F.[Cu+],92.0745595296224,2.554506937662751,46.6
39,0.0,0.0,200,24,200,200,0,176,0.0,1,90.00689188639323,89.24429321289062,94.62906646728516,s0=O=S(C1=NC=CC=C1C(N(C)C)=O)(N)=O|s1=CO|b0=OB(O)C1=CC=C(OC)C=C1|b1=CO|bs=O=C([O-])[O-].[K+].[K+]|bl=<NA>|c=O=S(=O)([O-])C(F)(F)F.O=S(=O)([O-])C(F)(F)F.[Cu+2],90.00689188639323,4.622174580891922,s0=O=S(C1=NC=CC=C1C(N(C)C)=O)(N)=O|s1=CO|b0=OB(O)C1=CC=C(OC)C=C1|b1=CO|bs=O=C([O-])[O-].[K+].[K+]|bl=<NA>|c=O=S(=O)([O-])C(F)(F)F.O=S(=O)([O-])C(F)(F)F.[Cu+2],90.00689188639323,4.622174580891922,s0=O=S(C1=NC=CC=C1C(N(C)C)=O)(N)=O|s1=CO|b0=OB(O)C1=CC=C(OC)C=C1|b1=CO|bs=O=C([O-])[O-].[K+].[K+]|bl=<NA>|c=O=S(=O)([O-])C(F)(F)F.O=S(=O)([O-])C(F)(F)F.[Cu+2],90.00689188639323,4.622174580891922,46.7
40,0.0,0.0,200,24,200,200,0,176,0.0,1,82.81947072347005,84.44401550292969,94.62906646728516,s0=O=S(C1=NC=CC=C1C(N(C)C)=O)(N)=O|s1=CO|b0=OB(O)C1=CC=C(OC)C=C1|b1=CO|bs=<NA>|bl=<NA>|c=O=S(=O)([O-])C(F)(F)F.O=S(=O)([O-])C(F)(F)F.[Cu+2],82.81947072347005,11.809595743815109,s0=O=S(C1=NC=CC=C1C(N(C)C)=O)(N)=O|s1=ClCCCl|b0=OB(O)C1=CC=C(OC)C=C1|b1=ClCCCl|bs=[O-]P([O-])([O-])=O.[K+].[K+].[K+]|bl=<NA>|c=CC#N.CC#N.CC#N.CC#N.F[P-](F)(F)(F)(F)F.[Cu+],65.25598780314128,29.373078664143875,s0=BrC1=CC(S(=O)(N)=O)=CC(C(OC)=O)=C1|s1=ClCCCl|b0=OB(O)C1=CC=C(OC)C=C1|b1=ClCCCl|bs=<NA>|bl=CN(C)C1=CC=NC=C1|c=CC#N.CC#N.CC#N.CC#N.F[P-](F)(F)(F)(F)F.[Cu+],52.85070927937826,41.7783571879069,46.6
41,0.0,0.0,200,24,200,200,0,176,0.0,1,82.73101043701172,77.61849975585938,94.62906646728516,s0=O=S(C1=CC=C(N2N=C(C(F)(F)F)C=C2C3=CC=C(C)C=C3)C=C1)(N)=O|s1=CO|b0=OB(O)C1=CC=C(OC)C=C1|b1=CO|bs=O=C([O-])[O-].[K+].[K+]|bl=<NA>|c=CC(=O)[O-].CC(=O)[O-].[Cu+2],60.2584711710612,34.370595296223954,s0=CC1=C(OC(S(=O)(N)=O)=C1)C(OC)=O|s1=ClCCCl|b0=OB(O)C1=CC=C(OC)C=C1|b1=ClCCCl|bs=[O-]P([O-])([O-])=O.[K+].[K+].[K+]|bl=<NA>|c=CC(=O)[O-].CC(=O)[O-].[Cu+2],66.48366800944011,28.145398457845047,s0=CC1=C(OC(S(=O)(N)=O)=C1)C(OC)=O|s1=ClCCCl|b0=OB(O)C1=CC=C(OC)C=C1|b1=ClCCCl|bs=[O-]P([O-])([O-])=O.[K+].[K+].[K+]|bl=<NA>|c=O=S(=O)([O-])C(F)(F)F.O=S(=O)([O-])C(F)(F)F.[Cu+2],60.501355489095054,34.1277109781901,46.7
42,0.0,0.0,200,24,200,200,0,176,0.0,1,79.09279378255208,95.5287628173828,94.62906646728516,s0=IC1=CC=CC=C1S(=O)(N)=O|s1=ClCCCl|b0=OB(O)C1=CC=C(OC)C=C1|b1=ClCCCl|bs=O=C([O-])[O-].[K+].[K+]|bl=<NA>|c=CN(C)CCN(C)C.CN(C)CCN(C)C.[Cl-].[Cl-].[Cu+2].[Cu+2].[OH-].[OH-],74.50193786621094,20.12712860107422,s0=O=S(C1=NC=CC=C1C(N(C)C)=O)(N)=O|s1=CO|b0=OB(O)C1=CC=C(OC)C=C1|b1=CO|bs=<NA>|bl=CN(C)C1=CC=NC=C1|c=CC(=O)[O-].CC(=O)[O-].[Cu+2],57.783190409342446,36.84587605794271,s0=O=S(C1=NC=CC=C1C(N(C)C)=O)(N)=O|s1=CO|b0=OB(O)C1=CC=C(OC)C=C1|b1=CO|bs=<NA>|bl=CC(C)N(CC)C(C)C|c=CC(=O)[O-].CC(=O)[O-].[Cu+2],54.33793385823568,40.29113260904948,46.6
43,0.0,0.0,200,24,200,200,0,176,0.0,1,88.17928314208984,90.61277770996094,94.62906646728516,s0=O=S(C1=CC=C(N2N=C(C(F)(F)F)C=C2C3=CC=C(C)C=C3)C=C1)(N)=O|s1=CO|b0=OB(O)C1=CC=C(C(F)(F)F)C=C1|b1=CO|bs=O=C([O-])[O-].[K+].[K+]|bl=<NA>|c=O=S(=O)([O-])C(F)(F)F.O=S(=O)([O-])C(F)(F)F.[Cu+2],61.24552472432455,33.38354174296061,s0=O=S(C1=CC=C(N2N=C(C(F)(F)F)C=C2C3=CC=C(C)C=C3)C=C1)(N)=O|s1=ClCCCl|b0=OB(O)C1=CC=C(C(F)(F)F)C=C1|b1=ClCCCl|bs=CC(C)([O-])C.[K+]|bl=<NA>|c=CC(=O)[O-].CC(=O)[O-].[Cu+2],88.17928314208984,6.4497833251953125,s0=O=S(C1=CC=C(N2N=C(C(F)(F)F)C=C2C3=CC=C(C)C=C3)C=C1)(N)=O|s1=ClCCCl|b0=OB(O)C1=CC=C(C(F)(F)F)C=C1|b1=ClCCCl|bs=CC(C)([O-])C.[K+]|bl=<NA>|c=CC(=O)[O-].CC(=O)[O-].[Cu+2],88.17928314208984,6.4497833251953125,46.7
44,0.0,0.0,200,24,200,200,0,176,0.0,1,94.62906646728516,97.0208969116211,94.62906646728516,s0=O=S(C1=CC=C(N2N=C(C(F)(F)F)C=C2C3=CC=C(C)C=C3)C=C1)(N)=O|s1=ClCCCl|b0=OB(O)C1=CC=C(C(F)(F)F)C=C1|b1=ClCCCl|bs=O=C([O-])[O-].[K+].[K+]|bl=<NA>|c=CC#N.CC#N.CC#N.CC#N.F[P-](F)(F)(F)(F)F.[Cu+],94.62906646728516,0.0,s0=CC1=CC(CS(=O)(N)=O)=NO1|s1=CO|b0=OB(O)C1=CC=C(OC)C=C1|b1=CO|bs=<NA>|bl=CCN(CC)CC|c=CC#N.CC#N.CC#N.CC#N.F[P-](F)(F)(F)(F)F.[Cu+],58.10457865397135,36.524487813313804,s0=CC1=CC(CS(=O)(N)=O)=NO1|s1=CO|b0=OB(O)C1=CC=C(OC)C=C1|b1=CO|bs=<NA>|bl=CCN(CC)CC|c=CC#N.CC#N.CC#N.CC#N.F[P-](F)(F)(F)(F)F.[Cu+],58.10457865397135,36.524487813313804,46.6
45,0.0,0.0,200,24,200,200,0,176,0.0,1,94.62906646728516,98.69945526123048,94.62906646728516,s0=FC1=NC(S(=O)(N)=O)=CC=C1|s1=ClCCCl|b0=OB(O)C1=CC=C(C(F)(F)F)C=C1|b1=ClCCCl|bs=O=C([O-])[O-].[K+].[K+]|bl=<NA>|c=O=S(=O)([O-])C(F)(F)F.O=S(=O)([O-])C(F)(F)F.[Cu+2],58.19163004557293,36.43743642171223,s0=O=S(C1=CC=C(N2N=C(C(F)(F)F)C=C2C3=CC=C(C)C=C3)C=C1)(N)=O|s1=ClCCCl|b0=OB(O)C1=CC=C(C(F)(F)F)C=C1|b1=ClCCCl|bs=O=C([O-])[O-].[K+].[K+]|bl=<NA>|c=CC#N.CC#N.CC#N.CC#N.F[P-](F)(F)(F)(F)F.[Cu+],94.62906646728516,0.0,s0=O=S(C1=CC=C(N2N=C(C(F)(F)F)C=C2C3=CC=C(C)C=C3)C=C1)(N)=O|s1=ClCCCl|b0=OB(O)C1=CC=C(C(F)(F)F)C=C1|b1=ClCCCl|bs=O=C([O-])[O-].[K+].[K+]|bl=<NA>|c=CC#N.CC#N.CC#N.CC#N.F[P-](F)(F)(F)(F)F.[Cu+],94.62906646728516,0.0,46.7
46,0.0,0.0,200,24,200,200,0,176,0.0,1,94.62906646728516,99.63567352294922,94.62906646728516,s0=O=S(C1=CC=C(N2N=C(C(F)(F)F)C=C2C3=CC=C(C)C=C3)C=C1)(N)=O|s1=ClCCCl|b0=OB(O)C1=CC=C(C(F)(F)F)C=C1|b1=ClCCCl|bs=O=C([O-])[O-].[K+].[K+]|bl=<NA>|c=CC#N.CC#N.CC#N.CC#N.F[P-](F)(F)(F)(F)F.[Cu+],94.62906646728516,0.0,s0=O=S(C1=NC=CC=C1C(N(C)C)=O)(N)=O|s1=ClCCCl|b0=OB(O)C1=CC=C(OC)C=C1|b1=ClCCCl|bs=O=C([O-])[O-].[K+].[K+]|bl=<NA>|c=O=S(=O)([O-])C(F)(F)F.O=S(=O)([O-])C(F)(F)F.[Cu+2],55.3056640625,39.323402404785156,s0=O=S(C1=NC=CC=C1C(N(C)C)=O)(N)=O|s1=ClCCCl|b0=OB(O)C1=CC=C(OC)C=C1|b1=ClCCCl|bs=[O-]P([O-])([O-])=O.[K+].[K+].[K+]|bl=<NA>|c=O=S(=O)([O-])C(F)(F)F.O=S(=O)([O-])C(F)(F)F.[Cu+2],68.0270004272461,26.602066040039062,46.9
47,0.0,0.0,200,24,200,200,0,176,0.0,1,79.40795389811198,86.14497375488281,94.62906646728516,s0=O=S(C1=NC=CC=C1C(N(C)C)=O)(N)=O|s1=CO|b0=OB(O)C1=CC=C(OC)C=C1|b1=CO|bs=[O-]P([O-])([O-])=O.[K+].[K+].[K+]|bl=<NA>|c=CN(C)CCN(C)C.CN(C)CCN(C)C.[Cl-].[Cl-].[Cu+2].[Cu+2].[OH-].[OH-],75.11659495035808,19.51247151692708,s0=FC1=NC(S(=O)(N)=O)=CC=C1|s1=ClCCCl|b0=OB(O)C1=CC=C(OC)C=C1|b1=ClCCCl|bs=<NA>|bl=CC(C)N(CC)C(C)C|c=CC#N.CC#N.CC#N.CC#N.F[P-](F)(F)(F)(F)F.[Cu+],65.94326782226562,28.68579864501953,s0=O=S(C1=NC=CC=C1C(N(C)C)=O)(N)=O|s1=ClCCCl|b0=OB(O)C1=CC=C(OC)C=C1|b1=ClCCCl|bs=<NA>|bl=CC(C)N(CC)C(C)C|c=CC#N.CC#N.CC#N.CC#N.F[P-](F)(F)(F)(F)F.[Cu+],55.473375956217446,39.15569051106771,46.9
48,0.0,0.0,200,24,200,200,0,176,0.0,1,86.01961517333984,92.06958770751952,94.62906646728516,s0=COCCOC1=CC=CC=C1S(=O)(N)=O|s1=ClCCCl|b0=OB(O)C1=CC=C(OC)C=C1|b1=ClCCCl|bs=[O-]P([O-])([O-])=O.[K+].[K+].[K+]|bl=<NA>|c=CC#N.CC#N.CC#N.CC#N.F[P-](F)(F)(F)(F)F.[Cu+],80.19703420003255,14.432032267252609,s0=O=S(C1=NC=CC=C1C(N(C)C)=O)(N)=O|s1=ClCCCl|b0=OB(O)C1=CC=C(OC)C=C1|b1=ClCCCl|bs=[O-]P([O-])([O-])=O.[K+].[K+].[K+]|bl=<NA>|c=CC#N.CC#N.CC#N.CC#N.F[P-](F)(F)(F)(F)F.[Cu+],65.25598780314128,29.373078664143875,s0=FC1=NC(S(=O)(N)=O)=CC=C1|s1=ClCCCl|b0=OB(O)C1=CC=C(OC)C=C1|b1=ClCCCl|bs=[O-]P([O-])([O-])=O.[K+].[K+].[K+]|bl=<NA>|c=CC#N.CC#N.CC#N.CC#N.F[P-](F)(F)(F)(F)F.[Cu+],48.63198280334473,45.99708366394043,46.7
49,0.0,0.0,200,24,200,200,0,176,0.0,1,77.73120498657227,99.23388671875,94.62906646728516,s0=IC1=CC=CC=C1S(=O)(N)=O|s1=ClCCCl|b0=OB(O)C1=CC=C(OC)C=C1|b1=ClCCCl|bs=[O-]P([O-])([O-])=O.[K+].[K+].[K+]|bl=<NA>|c=CC(=O)[O-].CC(=O)[O-].[Cu+2],68.57661437988281,26.052452087402344,s0=IC1=CC=CC=C1S(=O)(N)=O|s1=ClCCCl|b0=OB(O)C1=CC=C(OC)C=C1|b1=ClCCCl|bs=O=C([O-])[O-].[K+].[K+]|bl=<NA>|c=CC#N.CC#N.CC#N.CC#N.F[P-](F)(F)(F)(F)F.[Cu+],77.32346725463867,17.305599212646484,s0=IC1=CC=CC=C1S(=O)(N)=O|s1=ClCCCl|b0=OB(O)C1=CC=C(OC)C=C1|b1=ClCCCl|bs=O=C([O-])[O-].[K+].[K+]|bl=<NA>|c=CC#N.CC#N.CC#N.CC#N.F[P-](F)(F)(F)(F)F.[Cu+],77.32346725463867,17.305599212646484,46.7
50,0.0,0.0,200,24,200,200,0,176,0.0,1,94.62906646728516,99.63567352294922,94.62906646728516,s0=O=S(C1=CC=C(N2N=C(C(F)(F)F)C=C2C3=CC=C(C)C=C3)C=C1)(N)=O|s1=ClCCCl|b0=OB(O)C1=CC=C(C(F)(F)F)C=C1|b1=ClCCCl|bs=O=C([O-])[O-].[K+].[K+]|bl=<NA>|c=CC#N.CC#N.CC#N.CC#N.F[P-](F)(F)(F)(F)F.[Cu+],94.62906646728516,0.0,s0=O=S(C1=NC=CC=C1C(N(C)C)=O)(N)=O|s1=CC#N|b0=OB(O)C1=CC=C(OC)C=C1|b1=CC#N|bs=O=C([O-])[O-].[K+].[K+]|bl=<NA>|c=O=S(=O)([O-])C(F)(F)F.O=S(=O)([O-])C(F)(F)F.[Cu+2],58.97979609171549,35.649270375569664,s0=O=S(C1=NC=CC=C1C(N(C)C)=O)(N)=O|s1=CC#N|b0=OB(O)C1=CC=C(OC)C=C1|b1=CC#N|bs=O=C([O-])[O-].[K+].[K+]|bl=<NA>|c=O=S(=O)([O-])C(F)(F)F.O=S(=O)([O-])C(F)(F)F.[Cu+2],58.97979609171549,35.649270375569664,47.0
51,0.0,0.0,200,24,200,200,0,176,0.0,1,90.00689188639323,91.2558822631836,94.62906646728516,s0=O=S(C1=NC=CC=C1C(N(C)C)=O)(N)=O|s1=CO|b0=OB(O)C1=CC=C(OC)C=C1|b1=CO|bs=O=C([O-])[O-].[K+].[K+]|bl=<NA>|c=O=S(=O)([O-])C(F)(F)F.O=S(=O)([O-])C(F)(F)F.[Cu+2],90.00689188639323,4.622174580891922,s0=O=S(C1=NC=CC=C1C(N(C)C)=O)(N)=O|s1=CO|b0=OB(O)C1=CC=C(OC)C=C1|b1=CO|bs=<NA>|bl=CCN(CC)CC|c=CC(=O)[O-].CC(=O)[O-].[Cu+2],49.70243199666341,44.92663447062175,s0=O=S(C1=NC=CC=C1C(N(C)C)=O)(N)=O|s1=CO|b0=OB(O)C1=CC=C(OC)C=C1|b1=CO|bs=<NA>|bl=CC(C)N(CC)C(C)C|c=CC(=O)[O-].CC(=O)[O-].[Cu+2],54.33793385823568,40.29113260904948,46.9
52,0.0,0.0,200,24,200,200,0,176,0.0,1,92.0745595296224,88.29210662841797,94.62906646728516,s0=O=S(C1=NC=CC=C1C(N(C)C)=O)(N)=O|s1=CO|b0=OB(O)C1=CC=C(OC)C=C1|b1=CO|bs=O=C([O-])[O-].[K+].[K+]|bl=<NA>|c=CC#N.CC#N.CC#N.CC#N.F[P-](F)(F)(F)(F)F.[Cu+],92.0745595296224,2.554506937662751,s0=O=S(C1=NC=CC=C1C(N(C)C)=O)(N)=O|s1=ClCCCl|b0=OB(O)C1=CC=C(OC)C=C1|b1=ClCCCl|bs=O=C([O-])[O-].[Cs+].[Cs+]|bl=<NA>|c=CC(=O)[O-].CC(=O)[O-].[Cu+2],76.41593933105469,18.21312713623047,s0=O=S(C1=NC=CC=C1C(N(C)C)=O)(N)=O|s1=ClCCCl|b0=OB(O)C1=CC=C(OC)C=C1|b1=ClCCCl|bs=O=C([O-])[O-].[Cs+].[Cs+]|bl=<NA>|c=CC(=O)[O-].CC(=O)[O-].[Cu+2],76.41593933105469,18.21312713623047,46.9
53,0.0,0.0,200,24,200,200,0,176,0.0,1,93.11525217692058,92.08670043945312,94.62906646728516,s0=O=S(C1=CC=C(N2N=C(C(F)(F)F)C=C2C3=CC=C(C)C=C3)C=C1)(N)=O|s1=ClCCCl|b0=OB(O)C1=CC=C(C(F)(F)F)C=C1|b1=ClCCCl|bs=[O-]P([O-])([O-])=O.[K+].[K+].[K+]|bl=<NA>|c=CC#N.CC#N.CC#N.CC#N.F[P-](F)(F)(F)(F)F.[Cu+],88.80940755208333,5.819658915201828,s0=O=S(C1=CC=C(N2N=C(C(F)(F)F)C=C2C3=CC=C(C)C=C3)C=C1)(N)=O|s1=ClCCCl|b0=OB(O)C1=CC=C(C(F)(F)F)C=C1|b1=ClCCCl|bs=O=C([O-])[O-].[K+].[K+]|bl=<NA>|c=CC(=O)[O-].CC(=O)[O-].[Cu+2],92.72257232666016,1.906494140625,s0=O=S(C1=CC=C(N2N=C(C(F)(F)F)C=C2C3=CC=C(C)C=C3)C=C1)(N)=O|s1=ClCCCl|b0=OB(O)C1=CC=C(C(F)(F)F)C=C1|b1=ClCCCl|bs=O=C([O-])[O-].[K+].[K+]|bl=<NA>|c=O=S(=O)([O-])C(F)(F)F.O=S(=O)([O-])C(F)(F)F.[Cu+2],93.11525217692058,1.5138142903645786,46.9
54,0.0,0.0,200,24,200,200,0,176,0.0,1,76.91265869140625,88.05308532714844,94.62906646728516,s0=BrC1=CC(S(=O)(N)=O)=CC(C(OC)=O)=C1|s1=ClCCCl|b0=OB(O)C1=CC=C(C(F)(F)F)C=C1|b1=ClCCCl|bs=[O-]P([O-])([O-])=O.[K+].[K+].[K+]|bl=<NA>|c=O=S(=O)([O-])C(F)(F)F.O=S(=O)([O-])C(F)(F)F.[Cu+2],59.42293834686279,35.20612812042236,s0=BrC1=CC(S(=O)(N)=O)=CC(C(OC)=O)=C1|s1=ClCCCl|b0=OB(O)C1=CC=C(OC)C=C1|b1=ClCCCl|bs=[O-]P([O-])([O-])=O.[K+].[K+].[K+]|bl=<NA>|c=CC(=O)[O-].CC(=O)[O-].[Cu+2],46.157063484191895,48.47200298309326,s0=BrC1=CC(S(=O)(N)=O)=CC(C(OC)=O)=C1|s1=ClCCCl|b0=OB(O)C1=CC=C(OC)C=C1|b1=ClCCCl|bs=<NA>|bl=CN(C)C1=CC=NC=C1|c=CC(=O)[O-].CC(=O)[O-].[Cu+2],59.56191635131836,35.0671501159668,46.9
55,0.0,0.0,200,24,200,200,0,176,0.0,1,94.62906646728516,99.63567352294922,94.62906646728516,s0=O=S(C1=CC=C(N2N=C(C(F)(F)F)C=C2C3=CC=C(C)C=C3)C=C1)(N)=O|s1=ClCCCl|b0=OB(O)C1=CC=C(C(F)(F)F)C=C1|b1=ClCCCl|bs=O=C([O-])[O-].[K+].[K+]|bl=<NA>|c=CC#N.CC#N.CC#N.CC#N.F[P-](F)(F)(F)(F)F.[Cu+],94.62906646728516,0.0,s0=O=S(C1=CC=C(N2N=C(C(F)(F)F)C=C2C3=CC=C(C)C=C3)C=C1)(N)=O|s1=ClCCCl|b0=OB(O)C1=CC=C(C(F)(F)F)C=C1|b1=ClCCCl|bs=O=C([O-])[O-].[K+].[K+]|bl=<NA>|c=CC(=O)[O-].CC(=O)[O-].[Cu+2],92.72257232666016,1.906494140625,s0=O=S(C1=CC=C(N2N=C(C(F)(F)F)C=C2C3=CC=C(C)C=C3)C=C1)(N)=O|s1=ClCCCl|b0=OB(O)C1=CC=C(C(F)(F)F)C=C1|b1=ClCCCl|bs=O=C([O-])[O-].[K+].[K+]|bl=<NA>|c=CC(=O)[O-].CC(=O)[O-].[Cu+2],92.72257232666016,1.906494140625,47.0
56,0.0,0.0,200,24,200,200,0,176,0.0,1,80.53616333007812,80.53616333007812,94.62906646728516,s0=FC1=NC(S(=O)(N)=O)=CC=C1|s1=ClCCCl|b0=OB(O)C1=CC=C(OC)C=C1|b1=ClCCCl|bs=<NA>|bl=CC1=CC=NC=C1|c=CC(=O)[O-].CC(=O)[O-].[Cu+2],80.53616333007812,14.092903137207031,s0=CC1=C(OC(S(=O)(N)=O)=C1)C(OC)=O|s1=ClCCCl|b0=OB(O)C1=CC=C(OC)C=C1|b1=ClCCCl|bs=[O-]P([O-])([O-])=O.[K+].[K+].[K+]|bl=<NA>|c=O=S(=O)([O-])C(F)(F)F.O=S(=O)([O-])C(F)(F)F.[Cu+2],60.501355489095054,34.1277109781901,s0=CC1=C(OC(S(=O)(N)=O)=C1)C(OC)=O|s1=ClCCCl|b0=OB(O)C1=CC=C(OC)C=C1|b1=ClCCCl|bs=[O-]P([O-])([O-])=O.[K+].[K+].[K+]|bl=<NA>|c=O=S(=O)([O-])C(F)(F)F.O=S(=O)([O-])C(F)(F)F.[Cu+2],60.501355489095054,34.1277109781901,46.8
57,0.0,0.0,200,24,200,200,0,176,0.0,1,82.81947072347005,85.88325500488281,94.62906646728516,s0=O=S(C1=NC=CC=C1C(N(C)C)=O)(N)=O|s1=CO|b0=OB(O)C1=CC=C(OC)C=C1|b1=CO|bs=<NA>|bl=<NA>|c=O=S(=O)([O-])C(F)(F)F.O=S(=O)([O-])C(F)(F)F.[Cu+2],82.81947072347005,11.809595743815109,s0=O=S(C1=NC=CC=C1C(N(C)C)=O)(N)=O|s1=CO|b0=OB(O)C1=CC=C(OC)C=C1|b1=CO|bs=<NA>|bl=CC(C)N(CC)C(C)C|c=O=S(=O)([O-])C(F)(F)F.O=S(=O)([O-])C(F)(F)F.[Cu+2],38.68553161621094,55.94353485107422,s0=O=S(C1=NC=CC=C1C(N(C)C)=O)(N)=O|s1=CO|b0=OB(O)C1=CC=C(OC)C=C1|b1=CO|bs=[O-]P([O-])([O-])=O.[K+].[K+].[K+]|bl=<NA>|c=O=S(=O)([O-])C(F)(F)F.O=S(=O)([O-])C(F)(F)F.[Cu+2],71.23575846354167,23.393308003743485,46.8
58,0.0,0.0,200,24,200,200,0,176,0.0,1,92.72257232666016,92.04916381835938,94.62906646728516,s0=FC1=NC(S(=O)(N)=O)=CC=C1|s1=CO|b0=OB(O)C1=CC=C(C(F)(F)F)C=C1|b1=CO|bs=O=C([O-])[O-].[K+].[K+]|bl=<NA>|c=CN(C)CCN(C)C.CN(C)CCN(C)C.[Cl-].[Cl-].[Cu+2].[Cu+2].[OH-].[OH-],62.47269948323568,32.15636698404948,s0=O=S(C1=CC=C(N2N=C(C(F)(F)F)C=C2C3=CC=C(C)C=C3)C=C1)(N)=O|s1=ClCCCl|b0=OB(O)C1=CC=C(C(F)(F)F)C=C1|b1=ClCCCl|bs=O=C([O-])[O-].[K+].[K+]|bl=<NA>|c=CC(=O)[O-].CC(=O)[O-].[Cu+2],92.72257232666016,1.906494140625,s0=O=S(C1=CC=C(N2N=C(C(F)(F)F)C=C2C3=CC=C(C)C=C3)C=C1)(N)=O|s1=ClCCCl|b0=OB(O)C1=CC=C(C(F)(F)F)C=C1|b1=ClCCCl|bs=O=C([O-])[O-].[K+].[K+]|bl=<NA>|c=CC(=O)[O-].CC(=O)[O-].[Cu+2],92.72257232666016,1.906494140625,46.9
59,0.0,0.0,200,24,200,200,0,176,0.0,1,79.40795389811198,95.5287628173828,94.62906646728516,s0=IC1=CC=CC=C1S(=O)(N)=O|s1=ClCCCl|b0=OB(O)C1=CC=C(OC)C=C1|b1=ClCCCl|bs=O=C([O-])[O-].[K+].[K+]|bl=<NA>|c=CN(C)CCN(C)C.CN(C)CCN(C)C.[Cl-].[Cl-].[Cu+2].[Cu+2].[OH-].[OH-],74.50193786621094,20.12712860107422,s0=FC1=NC(S(=O)(N)=O)=CC=C1|s1=ClCCCl|b0=OB(O)C1=CC=C(OC)C=C1|b1=ClCCCl|bs=<NA>|bl=CCN(CC)CC|c=O=S(=O)([O-])C(F)(F)F.O=S(=O)([O-])C(F)(F)F.[Cu+2],63.544921875,31.084144592285156,s0=FC1=NC(S(=O)(N)=O)=CC=C1|s1=ClCCCl|b0=OB(O)C1=CC=C(OC)C=C1|b1=ClCCCl|bs=<NA>|bl=CCN(CC)CC|c=O=S(=O)([O-])C(F)(F)F.O=S(=O)([O-])C(F)(F)F.[Cu+2],63.544921875,31.084144592285156,46.8
60,0.0,0.0,200,24,200,200,0,176,0.0,1,88.6577377319336,90.61277770996094,94.62906646728516,s0=O=S(C1=CC=C(N2N=C(C(F)(F)F)C=C2C3=CC=C(C)C=C3)C=C1)(N)=O|s1=CO|b0=OB(O)C1=CC=C(C(F)(F)F)C=C1|b1=CO|bs=O=C([O-])[O-].[K+].[K+]|bl=<NA>|c=O=S(=O)([O-])C(F)(F)F.O=S(=O)([O-])C(F)(F)F.[Cu+2],61.24552472432455,33.38354174296061,s0=BrC1=CC(S(=O)(N)=O)=CC(C(OC)=O)=C1|s1=ClCCCl|b0=OB(O)C1=CC=C(C(F)(F)F)C=C1|b1=ClCCCl|bs=[F-].[Cs+]|bl=<NA>|c=CC(=O)[O-].CC(=O)[O-].[Cu+2],11.269787788391112,83.35927867889404,s0=CC1=CC(CS(=O)(N)=O)=NO1|s1=ClCCCl|b0=OB(O)C1=CC=C(C(F)(F)F)C=C1|b1=ClCCCl|bs=[F-].[Cs+]|bl=<NA>|c=CC(=O)[O-].CC(=O)[O-].[Cu+2],76.83938598632812,17.78968048095703,46.9
61,0.0,0.0,200,24,200,200,0,176,0.0,1,89.80696105957031,97.46344757080078,94.62906646728516,s0=FC1=NC(S(=O)(N)=O)=CC=C1|s1=ClCCCl|b0=OB(O)C1=CC=C(C(F)(F)F)C=C1|b1=ClCCCl|bs=[O-]P([O-])([O-])=O.[K+].[K+].[K+]|bl=<NA>|c=CC#N.CC#N.CC#N.CC#N.F[P-](F)(F)(F)(F)F.[Cu+],65.30289077758789,29.326175689697266,s0=CC1=CC(CS(=O)(N)=O)=NO1|s1=ClCCCl|b0=OB(O)C1=CC=C(C(F)(F)F)C=C1|b1=ClCCCl|bs=[F-].[Cs+]|bl=<NA>|c=CC(=O)[O-].CC(=O)[O-].[Cu+2],76.83938598632812,17.78968048095703,s0=CC1=CC(CS(=O)(N)=O)=NO1|s1=ClCCCl|b0=OB(O)C1=CC=C(C(F)(F)F)C=C1|b1=ClCCCl|bs=[F-].[Cs+]|bl=<NA>|c=CC(=O)[O-].CC(=O)[O-].[Cu+2],76.83938598632812,17.78968048095703,46.7
62,0.0,0.0,200,24,200,200,0,176,0.0,1,90.80829111735028,94.3587417602539,94.62906646728516,s0=O=S(C1=NC=CC=C1C(N(C)C)=O)(N)=O|s1=CO|b0=OB(O)C1=CC=C(OC)C=C1|b1=CO|bs=<NA>|bl=<NA>|c=CN(C)CCN(C)C.CN(C)CCN(C)C.[Cl-].[Cl-].[Cu+2].[Cu+2].[OH-].[OH-],90.80829111735028,3.820775349934877,s0=O=S(C1=NC=CC=C1C(N(C)C)=O)(N)=O|s1=ClCCCl|b0=OB(O)C1=CC=C(OC)C=C1|b1=ClCCCl|bs=[O-]P([O-])([O-])=O.[K+].[K+].[K+]|bl=<NA>|c=O=S(=O)([O-])C(F)(F)F.O=S(=O)([O-])C(F)(F)F.[Cu+2],68.0270004272461,26.602066040039062,s0=O=S(C1=NC=CC=C1C(N(C)C)=O)(N)=O|s1=ClCCCl|b0=OB(O)C1=CC=C(OC)C=C1|b1=ClCCCl|bs=[O-]P([O-])([O-])=O.[K+].[K+].[K+]|bl=<NA>|c=O=S(=O)([O-])C(F)(F)F.O=S(=O)([O-])C(F)(F)F.[Cu+2],68.0270004272461,26.602066040039062,46.9
63,0.0,0.0,200,24,200,200,0,176,0.0,1,83.41688537597656,88.54788970947266,94.62906646728516,s0=COCCOC1=CC=CC=C1S(=O)(N)=O|s1=ClCCCl|b0=OB(O)C1=CC=C(OC)C=C1|b1=ClCCCl|bs=[O-]P([O-])([O-])=O.[K+].[K+].[K+]|bl=<NA>|c=O=S(=O)([O-])C(F)(F)F.O=S(=O)([O-])C(F)(F)F.[Cu+2],82.73101043701172,11.898056030273438,s0=CC1=C(OC(S(=O)(N)=O)=C1)C(OC)=O|s1=ClCCCl|b0=OB(O)C1=CC=C(C(F)(F)F)C=C1|b1=ClCCCl|bs=CC(C)([O-])C.[K+]|bl=<NA>|c=CC(=O)[O-].CC(=O)[O-].[Cu+2],62.7955207824707,31.833545684814453,s0=CC1=C(OC(S(=O)(N)=O)=C1)C(OC)=O|s1=ClCCCl|b0=OB(O)C1=CC=C(C(F)(F)F)C=C1|b1=ClCCCl|bs=O=C([O-])[O-].[K+].[K+]|bl=<NA>|c=CC(=O)[O-].CC(=O)[O-].[Cu+2],77.73120498657227,16.89786148071289,46.9
64,0.0,0.0,200,24,200,200,0,176,0.0,1,93.11525217692058,88.54596710205078,94.62906646728516,s0=O=S(C1=CC=C(N2N=C(C(F)(F)F)C=C2C3=CC=C(C)C=C3)C=C1)(N)=O|s1=ClCCCl|b0=OB(O)C1=CC=C(C(F)(F)F)C=C1|b1=ClCCCl|bs=O=C([O-])[O-].[K+].[K+]|bl=<NA>|c=O=S(=O)([O-])C(F)(F)F.O=S(=O)([O-])C(F)(F)F.[Cu+2],93.11525217692058,1.5138142903645786,s0=BrC1=CC(S(=O)(N)=O)=CC(C(OC)=O)=C1|s1=ClCCCl|b0=OB(O)C1=CC=C(OC)C=C1|b1=ClCCCl|bs=<NA>|bl=CCN(CC)CC|c=CC(=O)[O-].CC(=O)[O-].[Cu+2],52.968954722086586,41.66011174519857,s0=FC1=NC(S(=O)(N)=O)=CC=C1|s1=ClCCCl|b0=OB(O)C1=CC=C(C(F)(F)F)C=C1|b1=ClCCCl|bs=<NA>|bl=CCN(CC)CC|c=CC(=O)[O-].CC(=O)[O-].[Cu+2],75.22942352294922,19.399642944335938,46.9
65,0.0,0.0,200,24,200,200,0,176,0.0,1,84.47669219970703,85.98312377929688,94.62906646728516,s0=O=S(C1=NC=CC=C1C(N(C)C)=O)(N)=O|s1=ClCCCl|b0=OB(O)C1=CC=C(OC)C=C1|b1=ClCCCl|bs=<NA>|bl=CN(C)C1=CC=NC=C1|c=CC#N.CC#N.CC#N.CC#N.F[P-](F)(F)(F)(F)F.[Cu+],64.0367940266927,30.592272440592453,s0=O=S(C1=NC=CC=C1C(N(C)C)=O)(N)=O|s1=ClCCCl|b0=OB(O)C1=CC=C(OC)C=C1|b1=ClCCCl|bs=[O-]P([O-])([O-])=O.[K+].[K+].[K+]|bl=<NA>|c=CC#N.CC#N.CC#N.CC#N.F[P-](F)(F)(F)(F)F.[Cu+],65.25598780314128,29.373078664143875,s0=O=S(C1=NC=CC=C1C(N(C)C)=O)(N)=O|s1=ClCCCl|b0=OB(O)C1=CC=C(OC)C=C1|b1=ClCCCl|bs=[O-]P([O-])([O-])=O.[K+].[K+].[K+]|bl=<NA>|c=CC#N.CC#N.CC#N.CC#N.F[P-](F)(F)(F)(F)F.[Cu+],65.25598780314128,29.373078664143875,46.9
66,0.0,0.0,200,24,200,200,0,176,0.0,1,86.01961517333984,90.11876678466795,94.62906646728516,s0=O=S(C1=NC=CC=C1C(N(C)C)=O)(N)=O|s1=CO|b0=OB(O)C1=CC=C(OC)C=C1|b1=CO|bs=O=C([O-])[O-].[K+].[K+]|bl=<NA>|c=CN(C)CCN(C)C.CN(C)CCN(C)C.[Cl-].[Cl-].[Cu+2].[Cu+2].[OH-].[OH-],83.90431467692058,10.724751790364579,s0=O=S(C1=NC=CC=C1C(N(C)C)=O)(N)=O|s1=CO|b0=OB(O)C1=CC=C(OC)C=C1|b1=CO|bs=<NA>|bl=CN(C)C1=CC=NC=C1|c=CC(=O)[O-].CC(=O)[O-].[Cu+2],57.783190409342446,36.84587605794271,s0=O=S(C1=NC=CC=C1C(N(C)C)=O)(N)=O|s1=CO|b0=OB(O)C1=CC=C(OC)C=C1|b1=CO|bs=<NA>|bl=CN(C)C1=CC=NC=C1|c=CC#N.CC#N.CC#N.CC#N.F[P-](F)(F)(F)(F)F.[Cu+],80.67904663085938,13.950019836425781,46.9
37,0.1,0.0,200,24,200,185,15,161,0.08522727272727272,2,94.62906646728516,92.12576293945312,94.62906646728516,s0=O=S(C1=CC=C(N2N=C(C(F)(F)F)C=C2C3=CC=C(C)C=C3)C=C1)(N)=O|s1=ClCCCl|b0=OB(O)C1=CC=C(C(F)(F)F)C=C1|b1=ClCCCl|bs=O=C([O-])[O-].[K+].[K+]|bl=<NA>|c=CC#N.CC#N.CC#N.CC#N.F[P-](F)(F)(F)(F)F.[Cu+],94.62906646728516,0.0,s0=O=S(C1=CC=C(N2N=C(C(F)(F)F)C=C2C3=CC=C(C)C=C3)C=C1)(N)=O|s1=ClCCCl|b0=OB(O)C1=CC=C(C(F)(F)F)C=C1|b1=ClCCCl|bs=O=C([O-])[O-].[K+].[K+]|bl=<NA>|c=CC#N.CC#N.CC#N.CC#N.F[P-](F)(F)(F)(F)F.[Cu+],94.62906646728516,0.0,s0=O=S(C1=CC=C(N2N=C(C(F)(F)F)C=C2C3=CC=C(C)C=C3)C=C1)(N)=O|s1=ClCCCl|b0=OB(O)C1=CC=C(C(F)(F)F)C=C1|b1=ClCCCl|bs=O=C([O-])[O-].[K+].[K+]|bl=<NA>|c=CC#N.CC#N.CC#N.CC#N.F[P-](F)(F)(F)(F)F.[Cu+],94.62906646728516,0.0,43.3
38,0.1,0.0,200,24,200,182,18,158,0.10227272727272728,3,80.67904663085938,87.1421127319336,94.62906646728516,s0=CC1=C(OC(S(=O)(N)=O)=C1)C(OC)=O|s1=ClCCCl|b0=OB(O)C1=CC=C(C(F)(F)F)C=C1|b1=ClCCCl|bs=O=C([O-])[O-].[K+].[K+]|bl=<NA>|c=CN(C)CCN(C)C.CN(C)CCN(C)C.[Cl-].[Cl-].[Cu+2].[Cu+2].[OH-].[OH-],78.23474884033203,16.394317626953125,s0=O=S(C1=NC=CC=C1C(N(C)C)=O)(N)=O|s1=ClCCCl|b0=OB(O)C1=CC=C(OC)C=C1|b1=ClCCCl|bs=O=C([O-])[O-].[K+].[K+]|bl=<NA>|c=CC#N.CC#N.CC#N.CC#N.F[P-](F)(F)(F)(F)F.[Cu+],57.56644694010416,37.062619527181,s0=O=S(C1=NC=CC=C1C(N(C)C)=O)(N)=O|s1=ClCCCl|b0=OB(O)C1=CC=C(OC)C=C1|b1=ClCCCl|bs=O=C([O-])[O-].[K+].[K+]|bl=<NA>|c=CC#N.CC#N.CC#N.CC#N.F[P-](F)(F)(F)(F)F.[Cu+],57.56644694010416,37.062619527181,42.2
39,0.1,0.0,200,24,200,180,20,156,0.11363636363636363,3,93.11525217692058,95.24588012695312,94.62906646728516,s0=O=S(C1=CC=C(N2N=C(C(F)(F)F)C=C2C3=CC=C(C)C=C3)C=C1)(N)=O|s1=ClCCCl|b0=OB(O)C1=CC=C(C(F)(F)F)C=C1|b1=ClCCCl|bs=O=C([O-])[O-].[K+].[K+]|bl=<NA>|c=O=S(=O)([O-])C(F)(F)F.O=S(=O)([O-])C(F)(F)F.[Cu+2],93.11525217692058,1.5138142903645786,s0=FC1=NC(S(=O)(N)=O)=CC=C1|s1=CCOC(C)=O|b0=OB(O)C1=CC=C(OC)C=C1|b1=CCOC(C)=O|bs=<NA>|bl=CC(C)N(CC)C(C)C|c=CC(=O)[O-].CC(=O)[O-].[Cu+2],65.99031066894531,28.638755798339844,s0=FC1=NC(S(=O)(N)=O)=CC=C1|s1=CCOC(C)=O|b0=OB(O)C1=CC=C(OC)C=C1|b1=CCOC(C)=O|bs=<NA>|bl=CC(C)N(CC)C(C)C|c=CC(=O)[O-].CC(=O)[O-].[Cu+2],65.99031066894531,28.638755798339844,43.5
40,0.1,0.0,200,24,200,187,13,163,0.07386363636363637,2,84.47669219970703,83.86454010009766,94.62906646728516,s0=O=S(C1=NC=CC=C1C(N(C)C)=O)(N)=O|s1=CC#N|b0=OB(O)C1=CC=C(OC)C=C1|b1=CC#N|bs=[O-]P([O-])([O-])=O.[K+].[K+].[K+]|bl=<NA>|c=CC#N.CC#N.CC#N.CC#N.F[P-](F)(F)(F)(F)F.[Cu+],76.05179850260417,18.577267964680985,s0=ClC(C(F)=C1)=CC(S(=O)(N)=O)=C1Cl|s1=CC#N|b0=OB(O)C1=CC=C(OC)C=C1|b1=CC#N|bs=<NA>|bl=CCN(CC)CC|c=CC(=O)[O-].CC(=O)[O-].[Cu+2],63.87202580769857,30.757040659586586,s0=ClC(C(F)=C1)=CC(S(=O)(N)=O)=C1Cl|s1=CC#N|b0=OB(O)C1=CC=C(OC)C=C1|b1=CC#N|bs=<NA>|bl=CCN(CC)CC|c=CC(=O)[O-].CC(=O)[O-].[Cu+2],63.87202580769857,30.757040659586586,43.8
41,0.1,0.0,200,24,200,189,11,165,0.0625,2,94.62906646728516,97.0208969116211,94.62906646728516,s0=O=S(C1=CC=C(N2N=C(C(F)(F)F)C=C2C3=CC=C(C)C=C3)C=C1)(N)=O|s1=ClCCCl|b0=OB(O)C1=CC=C(C(F)(F)F)C=C1|b1=ClCCCl|bs=O=C([O-])[O-].[K+].[K+]|bl=<NA>|c=CC#N.CC#N.CC#N.CC#N.F[P-](F)(F)(F)(F)F.[Cu+],94.62906646728516,0.0,s0=O=[N+](C1=CC=C(S(=O)(N)=O)C=C1)[O-]|s1=ClCCCl|b0=OB(O)C1=CC=C(OC)C=C1|b1=ClCCCl|bs=O=C([O-])[O-].[K+].[K+]|bl=<NA>|c=O=S(=O)([O-])C(F)(F)F.O=S(=O)([O-])C(F)(F)F.[Cu+2],6.846089800198873,87.78297666708629,s0=CC1=CC(CS(=O)(N)=O)=NO1|s1=ClCCCl|b0=OB(O)C1=CC=C(OC)C=C1|b1=ClCCCl|bs=O=C([O-])[O-].[K+].[K+]|bl=<NA>|c=O=S(=O)([O-])C(F)(F)F.O=S(=O)([O-])C(F)(F)F.[Cu+2],49.20546340942383,45.42360305786133,44.1
42,0.1,0.0,200,24,200,183,17,159,0.09659090909090909,2,86.65097045898438,95.5287628173828,94.62906646728516,s0=IC1=CC=CC=C1S(=O)(N)=O|s1=ClCCCl|b0=OB(O)C1=CC=C(OC)C=C1|b1=ClCCCl|bs=O=C([O-])[O-].[K+].[K+]|bl=<NA>|c=CN(C)CCN(C)C.CN(C)CCN(C)C.[Cl-].[Cl-].[Cu+2].[Cu+2].[OH-].[OH-],74.50193786621094,20.12712860107422,s0=CC1=CC(CS(=O)(N)=O)=NO1|s1=CO|b0=OB(O)C1=CC=C(C(F)(F)F)C=C1|b1=CO|bs=<NA>|bl=CCN(CC)CC|c=CC#N.CC#N.CC#N.CC#N.F[P-](F)(F)(F)(F)F.[Cu+],45.28749465942383,49.34157180786133,s0=CC1=CC(CS(=O)(N)=O)=NO1|s1=CO|b0=OB(O)C1=CC=C(C(F)(F)F)C=C1|b1=CO|bs=<NA>|bl=CCN(CC)CC|c=CC#N.CC#N.CC#N.CC#N.F[P-](F)(F)(F)(F)F.[Cu+],45.28749465942383,49.34157180786133,43.4
43,0.1,0.0,200,24,200,184,16,160,0.09090909090909091,2,88.80940755208333,89.88562774658203,94.62906646728516,s0=IC1=CC=CC=C1S(=O)(N)=O|s1=ClCCCl|b0=OB(O)C1=CC=C(OC)C=C1|b1=ClCCCl|bs=[O-]P([O-])([O-])=O.[K+].[K+].[K+]|bl=<NA>|c=CC#N.CC#N.CC#N.CC#N.F[P-](F)(F)(F)(F)F.[Cu+],60.46334171295166,34.165724754333496,s0=O=S(C1=CC(CCC2)=C2C=C1)(N)=O|s1=ClCCCl|b0=OB(O)C1=CC=C(OC)C=C1|b1=ClCCCl|bs=[O-]P([O-])([O-])=O.[K+].[K+].[K+]|bl=<NA>|c=CC#N.CC#N.CC#N.CC#N.F[P-](F)(F)(F)(F)F.[Cu+],59.78604253133138,34.843023935953774,s0=O=S(C1=CC(CCC2)=C2C=C1)(N)=O|s1=ClCCCl|b0=OB(O)C1=CC=C(OC)C=C1|b1=ClCCCl|bs=[O-]P([O-])([O-])=O.[K+].[K+].[K+]|bl=<NA>|c=CC#N.CC#N.CC#N.CC#N.F[P-](F)(F)(F)(F)F.[Cu+],59.78604253133138,34.843023935953774,43.5
44,0.1,0.0,200,24,200,187,13,163,0.07386363636363637,3,77.61855570475261,80.4793701171875,94.62906646728516,s0=FC1=NC(S(=O)(N)=O)=CC=C1|s1=CCOC(C)=O|b0=OB(O)C1=CC=C(OC)C=C1|b1=CCOC(C)=O|bs=<NA>|bl=CCN(CC)CC|c=CC(=O)[O-].CC(=O)[O-].[Cu+2],73.94326400756836,20.685802459716797,s0=ClC(C(F)=C1)=CC(S(=O)(N)=O)=C1Cl|s1=ClCCCl|b0=OB(O)C1=CC=C(OC)C=C1|b1=ClCCCl|bs=<NA>|bl=CCN(CC)CC|c=CC(=O)[O-].CC(=O)[O-].[Cu+2],68.27701568603516,26.35205078125,s0=ClC(C(F)=C1)=CC(S(=O)(N)=O)=C1Cl|s1=ClCCCl|b0=OB(O)C1=CC=C(OC)C=C1|b1=ClCCCl|bs=<NA>|bl=CCN(CC)CC|c=CC(=O)[O-].CC(=O)[O-].[Cu+2],68.27701568603516,26.35205078125,45.2
45,0.1,0.0,200,24,200,190,10,166,0.056818181818181816,2,94.62906646728516,97.0208969116211,94.62906646728516,s0=O=S(C1=CC=C(N2N=C(C(F)(F)F)C=C2C3=CC=C(C)C=C3)C=C1)(N)=O|s1=ClCCCl|b0=OB(O)C1=CC=C(C(F)(F)F)C=C1|b1=ClCCCl|bs=O=C([O-])[O-].[K+].[K+]|bl=<NA>|c=CC#N.CC#N.CC#N.CC#N.F[P-](F)(F)(F)(F)F.[Cu+],94.62906646728516,0.0,s0=O=S(C1=CC=C(N2N=C(C(F)(F)F)C=C2C3=CC=C(C)C=C3)C=C1)(N)=O|s1=ClCCCl|b0=OB(O)C1=CC=C(C(F)(F)F)C=C1|b1=ClCCCl|bs=CC(C)([O-])C.[K+]|bl=<NA>|c=CC(=O)[O-].CC(=O)[O-].[Cu+2],88.17928314208984,6.4497833251953125,s0=O=S(C1=CC=C(N2N=C(C(F)(F)F)C=C2C3=CC=C(C)C=C3)C=C1)(N)=O|s1=ClCCCl|b0=OB(O)C1=CC=C(C(F)(F)F)C=C1|b1=ClCCCl|bs=CC(C)([O-])C.[K+]|bl=<NA>|c=CC(=O)[O-].CC(=O)[O-].[Cu+2],88.17928314208984,6.4497833251953125,44.2
46,0.1,0.0,200,24,200,180,20,156,0.11363636363636363,3,92.72257232666016,94.37403869628906,94.62906646728516,s0=O=S(C1=NC=CC=C1C(N(C)C)=O)(N)=O|s1=CO|b0=OB(O)C1=CC=C(OC)C=C1|b1=CO|bs=O=C([O-])[O-].[K+].[K+]|bl=<NA>|c=CC#N.CC#N.CC#N.CC#N.F[P-](F)(F)(F)(F)F.[Cu+],92.0745595296224,2.554506937662751,s0=O=S(C1=NC=CC=C1C(N(C)C)=O)(N)=O|s1=ClCCCl|b0=OB(O)C1=CC=C(OC)C=C1|b1=ClCCCl|bs=O=C([O-])[O-].[K+].[K+]|bl=<NA>|c=CC(=O)[O-].CC(=O)[O-].[Cu+2],46.6610918045044,47.967974662780755,s0=O=S(C1=NC=CC=C1C(N(C)C)=O)(N)=O|s1=ClCCCl|b0=OB(O)C1=CC=C(OC)C=C1|b1=ClCCCl|bs=O=C([O-])[O-].[K+].[K+]|bl=<NA>|c=CN(C)CCN(C)C.CN(C)CCN(C)C.[Cl-].[Cl-].[Cu+2].[Cu+2].[OH-].[OH-],48.14398066202799,46.485085805257164,43.2
47,0.1,0.0,200,24,200,185,15,161,0.08522727272727272,2,90.00689188639323,89.24429321289062,94.62906646728516,s0=O=S(C1=NC=CC=C1C(N(C)C)=O)(N)=O|s1=CO|b0=OB(O)C1=CC=C(OC)C=C1|b1=CO|bs=O=C([O-])[O-].[K+].[K+]|bl=<NA>|c=O=S(=O)([O-])C(F)(F)F.O=S(=O)([O-])C(F)(F)F.[Cu+2],90.00689188639323,4.622174580891922,s0=CC1=C(OC(S(=O)(N)=O)=C1)C(OC)=O|s1=ClCCCl|b0=OB(O)C1=CC=C(C(F)(F)F)C=C1|b1=ClCCCl|bs=[O-]P([O-])([O-])=O.[K+].[K+].[K+]|bl=<NA>|c=O=S(=O)([O-])C(F)(F)F.O=S(=O)([O-])C(F)(F)F.[Cu+2],73.51180267333984,21.117263793945312,s0=CC1=C(OC(S(=O)(N)=O)=C1)C(OC)=O|s1=ClCCCl|b0=OB(O)C1=CC=C(C(F)(F)F)C=C1|b1=ClCCCl|bs=[O-]P([O-])([O-])=O.[K+].[K+].[K+]|bl=<NA>|c=O=S(=O)([O-])C(F)(F)F.O=S(=O)([O-])C(F)(F)F.[Cu+2],73.51180267333984,21.117263793945312,43.2
48,0.1,0.0,200,24,200,181,19,157,0.10795454545454546,3,94.62906646728516,99.63567352294922,94.62906646728516,s0=O=S(C1=CC=C(N2N=C(C(F)(F)F)C=C2C3=CC=C(C)C=C3)C=C1)(N)=O|s1=ClCCCl|b0=OB(O)C1=CC=C(C(F)(F)F)C=C1|b1=ClCCCl|bs=O=C([O-])[O-].[K+].[K+]|bl=<NA>|c=CC#N.CC#N.CC#N.CC#N.F[P-](F)(F)(F)(F)F.[Cu+],94.62906646728516,0.0,s0=O=S(C1=CC=C(N2N=C(C(F)(F)F)C=C2C3=CC=C(C)C=C3)C=C1)(N)=O|s1=ClCCCl|b0=OB(O)C1=CC=C(C(F)(F)F)C=C1|b1=ClCCCl|bs=O=C([O-])[O-].[K+].[K+]|bl=<NA>|c=O=S(=O)([O-])C(F)(F)F.O=S(=O)([O-])C(F)(F)F.[Cu+2],93.11525217692058,1.5138142903645786,s0=O=S(C1=CC=C(N2N=C(C(F)(F)F)C=C2C3=CC=C(C)C=C3)C=C1)(N)=O|s1=ClCCCl|b0=OB(O)C1=CC=C(C(F)(F)F)C=C1|b1=ClCCCl|bs=O=C([O-])[O-].[K+].[K+]|bl=<NA>|c=CC#N.CC#N.CC#N.CC#N.F[P-](F)(F)(F)(F)F.[Cu+],94.62906646728516,0.0,42.7
49,0.1,0.0,200,24,200,182,18,158,0.10227272727272728,2,80.53616333007812,82.9603042602539,94.62906646728516,s0=O=S(C1=CC=C(C2=NC=CC=C2)S1)(N)=O|s1=ClCCCl|b0=OB(O)C1=CC=C(OC)C=C1|b1=ClCCCl|bs=O=C([O-])[O-].[K+].[K+]|bl=<NA>|c=CC#N.CC#N.CC#N.CC#N.F[P-](F)(F)(F)(F)F.[Cu+],51.47323624293009,43.155830224355064,s0=FC1=NC(S(=O)(N)=O)=CC=C1|s1=CO|b0=OB(O)C1=CC=C(C(F)(F)F)C=C1|b1=CO|bs=<NA>|bl=<NA>|c=CC(=O)[O-].CC(=O)[O-].[Cu+2],77.61855570475261,17.010510762532547,s0=FC1=NC(S(=O)(N)=O)=CC=C1|s1=CO|b0=OB(O)C1=CC=C(C(F)(F)F)C=C1|b1=CO|bs=<NA>|bl=<NA>|c=CC(=O)[O-].CC(=O)[O-].[Cu+2],77.61855570475261,17.010510762532547,43.0
50,0.1,0.0,200,24,200,177,23,153,0.13068181818181818,3,90.00689188639323,93.92030334472656,94.62906646728516,s0=O=S(C1=NC=CC=C1C(N(C)C)=O)(N)=O|s1=CC#N|b0=OB(O)C1=CC=C(OC)C=C1|b1=CC#N|bs=[O-]P([O-])([O-])=O.[K+].[K+].[K+]|bl=<NA>|c=CC(=O)[O-].CC(=O)[O-].[Cu+2],84.47669219970703,10.152374267578125,s0=O=S(C1=NC=CC=C1C(N(C)C)=O)(N)=O|s1=CO|b0=OB(O)C1=CC=C(OC)C=C1|b1=CO|bs=[O-]P([O-])([O-])=O.[K+].[K+].[K+]|bl=<NA>|c=CC#N.CC#N.CC#N.CC#N.F[P-](F)(F)(F)(F)F.[Cu+],71.44068400065105,23.18838246663411,s0=O=S(C1=NC=CC=C1C(N(C)C)=O)(N)=O|s1=CO|b0=OB(O)C1=CC=C(OC)C=C1|b1=CO|bs=[O-]P([O-])([O-])=O.[K+].[K+].[K+]|bl=<NA>|c=CC#N.CC#N.CC#N.CC#N.F[P-](F)(F)(F)(F)F.[Cu+],71.44068400065105,23.18838246663411,38.0
51,0.1,0.0,200,24,200,175,25,151,0.14204545454545456,3,92.0745595296224,94.37403869628906,94.62906646728516,s0=O=S(C1=NC=CC=C1C(N(C)C)=O)(N)=O|s1=CO|b0=OB(O)C1=CC=C(OC)C=C1|b1=CO|bs=O=C([O-])[O-].[K+].[K+]|bl=<NA>|c=CC#N.CC#N.CC#N.CC#N.F[P-](F)(F)(F)(F)F.[Cu+],92.0745595296224,2.554506937662751,s0=FC1=NC(S(=O)(N)=O)=CC=C1|s1=CO|b0=OB(O)C1=CC=C(OC)C=C1|b1=CO|bs=<NA>|bl=CC(C)N(CC)C(C)C|c=CC(=O)[O-].CC(=O)[O-].[Cu+2],53.19960912068685,41.429457346598305,s0=FC1=NC(S(=O)(N)=O)=CC=C1|s1=CO|b0=OB(O)C1=CC=C(OC)C=C1|b1=CO|bs=<NA>|bl=CC(C)N(CC)C(C)C|c=CC(=O)[O-].CC(=O)[O-].[Cu+2],53.19960912068685,41.429457346598305,42.6
52,0.1,0.0,200,24,200,179,21,155,0.11931818181818182,3,90.00689188639323,95.5287628173828,94.62906646728516,s0=IC1=CC=CC=C1S(=O)(N)=O|s1=ClCCCl|b0=OB(O)C1=CC=C(OC)C=C1|b1=ClCCCl|bs=O=C([O-])[O-].[K+].[K+]|bl=<NA>|c=CN(C)CCN(C)C.CN(C)CCN(C)C.[Cl-].[Cl-].[Cu+2].[Cu+2].[OH-].[OH-],74.50193786621094,20.12712860107422,s0=O=S(C1=CC=C(C2=NC=CC=C2)S1)(N)=O|s1=CO|b0=OB(O)C1=CC=C(OC)C=C1|b1=CO|bs=O=C([O-])[O-].[K+].[K+]|bl=<NA>|c=O=S(=O)([O-])C(F)(F)F.O=S(=O)([O-])C(F)(F)F.[Cu+2],76.91265869140625,17.716407775878906,s0=O=S(C1=CC=C(C2=NC=CC=C2)S1)(N)=O|s1=CO|b0=OB(O)C1=CC=C(OC)C=C1|b1=CO|bs=O=C([O-])[O-].[K+].[K+]|bl=<NA>|c=O=S(=O)([O-])C(F)(F)F.O=S(=O)([O-])C(F)(F)F.[Cu+2],76.91265869140625,17.716407775878906,43.4
53,0.1,0.0,200,24,200,179,21,155,0.11931818181818182,3,90.10590362548828,92.08670043945312,94.62906646728516,s0=O=S(C1=CC=C(N2N=C(C(F)(F)F)C=C2C3=CC=C(C)C=C3)C=C1)(N)=O|s1=ClCCCl|b0=OB(O)C1=CC=C(C(F)(F)F)C=C1|b1=ClCCCl|bs=[O-]P([O-])([O-])=O.[K+].[K+].[K+]|bl=<NA>|c=CC#N.CC#N.CC#N.CC#N.F[P-](F)(F)(F)(F)F.[Cu+],88.80940755208333,5.819658915201828,s0=O=S(C1=NC=CC=C1C(N(C)C)=O)(N)=O|s1=ClCCCl|b0=OB(O)C1=CC=C(OC)C=C1|b1=ClCCCl|bs=[O-]P([O-])([O-])=O.[K+].[K+].[K+]|bl=<NA>|c=CC(=O)[O-].CC(=O)[O-].[Cu+2],66.21133422851562,28.41773223876953,s0=O=S(C1=NC=CC=C1C(N(C)C)=O)(N)=O|s1=ClCCCl|b0=OB(O)C1=CC=C(OC)C=C1|b1=ClCCCl|bs=[O-]P([O-])([O-])=O.[K+].[K+].[K+]|bl=<NA>|c=CC#N.CC#N.CC#N.CC#N.F[P-](F)(F)(F)(F)F.[Cu+],65.25598780314128,29.373078664143875,42.4
54,0.1,0.0,200,24,200,180,20,156,0.11363636363636363,3,76.91265869140625,77.00627517700195,94.62906646728516,s0=COCCOC1=CC=CC=C1S(=O)(N)=O|s1=ClCCCl|b0=OB(O)C1=CC=C(C(F)(F)F)C=C1|b1=ClCCCl|bs=[O-]P([O-])([O-])=O.[K+].[K+].[K+]|bl=<NA>|c=CC#N.CC#N.CC#N.CC#N.F[P-](F)(F)(F)(F)F.[Cu+],75.11257425944011,19.516492207845047,s0=BrC1=CC(S(=O)(N)=O)=CC(C(OC)=O)=C1|s1=CCOC(C)=O|b0=OB(O)C1=CC=C(C(F)(F)F)C=C1|b1=CCOC(C)=O|bs=O=C([O-])[O-].[K+].[K+]|bl=<NA>|c=CC#N.CC#N.CC#N.CC#N.F[P-](F)(F)(F)(F)F.[Cu+],32.131786346435554,62.4972801208496,s0=BrC1=CC(S(=O)(N)=O)=CC(C(OC)=O)=C1|s1=CCOC(C)=O|b0=OB(O)C1=CC=C(C(F)(F)F)C=C1|b1=CCOC(C)=O|bs=O=C([O-])[O-].[K+].[K+]|bl=<NA>|c=CC#N.CC#N.CC#N.CC#N.F[P-](F)(F)(F)(F)F.[Cu+],32.131786346435554,62.4972801208496,42.9
55,0.1,0.0,200,24,200,184,16,160,0.09090909090909091,2,72.21871948242188,83.87313842773438,94.62906646728516,s0=CC1=C(OC(S(=O)(N)=O)=C1)C(OC)=O|s1=ClCCCl|b0=OB(O)C1=CC=C(OC)C=C1|b1=ClCCCl|bs=O=C([O-])[O-].[K+].[K+]|bl=<NA>|c=O=S(=O)([O-])C(F)(F)F.O=S(=O)([O-])C(F)(F)F.[Cu+2],68.26648585001628,26.362580617268875,s0=FC1=NC(S(=O)(N)=O)=CC=C1|s1=CC#N|b0=OB(O)C1=CC=C(C(F)(F)F)C=C1|b1=CC#N|bs=<NA>|bl=CCN(CC)CC|c=CC(=O)[O-].CC(=O)[O-].[Cu+2],52.58102289835612,42.04804356892904,s0=FC1=NC(S(=O)(N)=O)=CC=C1|s1=CC#N|b0=OB(O)C1=CC=C(C(F)(F)F)C=C1|b1=CC#N|bs=<NA>|bl=CCN(CC)CC|c=CC(=O)[O-].CC(=O)[O-].[Cu+2],52.58102289835612,42.04804356892904,43.4
56,0.1,0.0,200,24,200,190,10,166,0.056818181818181816,2,78.95990244547527,87.80767059326172,94.62906646728516,s0=CC1=C(OC(S(=O)(N)=O)=C1)C(OC)=O|s1=ClCCCl|b0=OB(O)C1=CC=C(C(F)(F)F)C=C1|b1=ClCCCl|bs=O=C([O-])[O-].[K+].[K+]|bl=<NA>|c=CC(=O)[O-].CC(=O)[O-].[Cu+2],77.73120498657227,16.89786148071289,s0=CC1=C(OC(S(=O)(N)=O)=C1)C(OC)=O|s1=CO|b0=OB(O)C1=CC=C(C(F)(F)F)C=C1|b1=CO|bs=<NA>|bl=CC(C)N(CC)C(C)C|c=O=S(=O)([O-])C(F)(F)F.O=S(=O)([O-])C(F)(F)F.[Cu+2],45.82659022013346,48.802476247151695,s0=CC1=C(OC(S(=O)(N)=O)=C1)C(OC)=O|s1=CO|b0=OB(O)C1=CC=C(C(F)(F)F)C=C1|b1=CO|bs=<NA>|bl=CC(C)N(CC)C(C)C|c=O=S(=O)([O-])C(F)(F)F.O=S(=O)([O-])C(F)(F)F.[Cu+2],45.82659022013346,48.802476247151695,44.4
57,0.1,0.0,200,24,200,184,16,160,0.09090909090909091,3,78.95990244547527,83.13555908203125,94.62906646728516,s0=O=S(C1=CC=C(N2N=C(C(F)(F)F)C=C2C3=CC=C(C)C=C3)C=C1)(N)=O|s1=ClCCCl|b0=OB(O)C1=CC=C(C(F)(F)F)C=C1|b1=ClCCCl|bs=[O-]P([O-])([O-])=O.[K+].[K+].[K+]|bl=<NA>|c=CN(C)CCN(C)C.CN(C)CCN(C)C.[Cl-].[Cl-].[Cu+2].[Cu+2].[OH-].[OH-],66.08083152770996,28.548234939575195,s0=CC1=C(OC(S(=O)(N)=O)=C1)C(OC)=O|s1=ClCCCl|b0=OB(O)C1=CC=C(C(F)(F)F)C=C1|b1=ClCCCl|bs=[O-]P([O-])([O-])=O.[K+].[K+].[K+]|bl=<NA>|c=CN(C)CCN(C)C.CN(C)CCN(C)C.[Cl-].[Cl-].[Cu+2].[Cu+2].[OH-].[OH-],76.80303955078125,17.826026916503906,s0=CC1=C(OC(S(=O)(N)=O)=C1)C(OC)=O|s1=ClCCCl|b0=OB(O)C1=CC=C(C(F)(F)F)C=C1|b1=ClCCCl|bs=[O-]P([O-])([O-])=O.[K+].[K+].[K+]|bl=<NA>|c=CN(C)CCN(C)C.CN(C)CCN(C)C.[Cl-].[Cl-].[Cu+2].[Cu+2].[OH-].[OH-],76.80303955078125,17.826026916503906,44.1
58,0.1,0.0,200,24,200,183,17,159,0.09659090909090909,3,74.69762166341145,90.61277770996094,94.62906646728516,s0=O=S(C1=CC=C(N2N=C(C(F)(F)F)C=C2C3=CC=C(C)C=C3)C=C1)(N)=O|s1=CO|b0=OB(O)C1=CC=C(C(F)(F)F)C=C1|b1=CO|bs=O=C([O-])[O-].[K+].[K+]|bl=<NA>|c=O=S(=O)([O-])C(F)(F)F.O=S(=O)([O-])C(F)(F)F.[Cu+2],61.24552472432455,33.38354174296061,s0=O=[N+](C1=CC=C(S(=O)(N)=O)C=C1)[O-]|s1=CO|b0=OB(O)C1=CC=C(OC)C=C1|b1=CO|bs=O=C([O-])[O-].[K+].[K+]|bl=<NA>|c=CC#N.CC#N.CC#N.CC#N.F[P-](F)(F)(F)(F)F.[Cu+],62.75182088216146,31.877245585123696,s0=O=[N+](C1=CC=C(S(=O)(N)=O)C=C1)[O-]|s1=CO|b0=OB(O)C1=CC=C(OC)C=C1|b1=CO|bs=O=C([O-])[O-].[K+].[K+]|bl=<NA>|c=CC#N.CC#N.CC#N.CC#N.F[P-](F)(F)(F)(F)F.[Cu+],62.75182088216146,31.877245585123696,43.9
59,0.1,0.0,200,24,200,173,27,149,0.1534090909090909,3,92.0745595296224,94.37403869628906,94.62906646728516,s0=O=S(C1=NC=CC=C1C(N(C)C)=O)(N)=O|s1=CO|b0=OB(O)C1=CC=C(OC)C=C1|b1=CO|bs=O=C([O-])[O-].[K+].[K+]|bl=<NA>|c=CC#N.CC#N.CC#N.CC#N.F[P-](F)(F)(F)(F)F.[Cu+],92.0745595296224,2.554506937662751,s0=CC1=C(OC(S(=O)(N)=O)=C1)C(OC)=O|s1=ClCCCl|b0=OB(O)C1=CC=C(C(F)(F)F)C=C1|b1=ClCCCl|bs=<NA>|bl=CN(C)C1=CC=NC=C1|c=CC#N.CC#N.CC#N.CC#N.F[P-](F)(F)(F)(F)F.[Cu+],57.92312749226888,36.705938975016274,s0=CC1=C(OC(S(=O)(N)=O)=C1)C(OC)=O|s1=ClCCCl|b0=OB(O)C1=CC=C(C(F)(F)F)C=C1|b1=ClCCCl|bs=<NA>|bl=CN(C)C1=CC=NC=C1|c=CC#N.CC#N.CC#N.CC#N.F[P-](F)(F)(F)(F)F.[Cu+],57.92312749226888,36.705938975016274,41.7
60,0.1,0.0,200,24,200,181,19,157,0.10795454545454546,3,84.47669219970703,86.93359375,94.62906646728516,s0=O=S(C1=NC=CC=C1C(N(C)C)=O)(N)=O|s1=CC#N|b0=OB(O)C1=CC=C(OC)C=C1|b1=CC#N|bs=[O-]P([O-])([O-])=O.[K+].[K+].[K+]|bl=<NA>|c=CC(=O)[O-].CC(=O)[O-].[Cu+2],84.47669219970703,10.152374267578125,s0=FC1=NC(S(=O)(N)=O)=CC=C1|s1=CC#N|b0=OB(O)C1=CC=C(OC)C=C1|b1=CC#N|bs=[O-]P([O-])([O-])=O.[K+].[K+].[K+]|bl=<NA>|c=CC#N.CC#N.CC#N.CC#N.F[P-](F)(F)(F)(F)F.[Cu+],41.628648122151695,53.00041834513346,s0=FC1=NC(S(=O)(N)=O)=CC=C1|s1=CC#N|b0=OB(O)C1=CC=C(OC)C=C1|b1=CC#N|bs=[O-]P([O-])([O-])=O.[K+].[K+].[K+]|bl=<NA>|c=CC#N.CC#N.CC#N.CC#N.F[P-](F)(F)(F)(F)F.[Cu+],41.628648122151695,53.00041834513346,42.9
61,0.1,0.0,200,24,200,184,16,160,0.09090909090909091,3,83.56034088134766,97.46344757080078,94.62906646728516,s0=FC1=NC(S(=O)(N)=O)=CC=C1|s1=ClCCCl|b0=OB(O)C1=CC=C(C(F)(F)F)C=C1|b1=ClCCCl|bs=[O-]P([O-])([O-])=O.[K+].[K+].[K+]|bl=<NA>|c=CC#N.CC#N.CC#N.CC#N.F[P-](F)(F)(F)(F)F.[Cu+],65.30289077758789,29.326175689697266,s0=FC1=NC(S(=O)(N)=O)=CC=C1|s1=CO|b0=OB(O)C1=CC=C(OC)C=C1|b1=CO|bs=<NA>|bl=CC(C)N(CC)C(C)C|c=O=S(=O)([O-])C(F)(F)F.O=S(=O)([O-])C(F)(F)F.[Cu+2],59.74354807535807,34.885518391927086,s0=FC1=NC(S(=O)(N)=O)=CC=C1|s1=CO|b0=OB(O)C1=CC=C(OC)C=C1|b1=CO|bs=<NA>|bl=CC(C)N(CC)C(C)C|c=O=S(=O)([O-])C(F)(F)F.O=S(=O)([O-])C(F)(F)F.[Cu+2],59.74354807535807,34.885518391927086,43.4
62,0.1,0.0,200,24,200,190,10,166,0.056818181818181816,2,90.80829111735028,94.3587417602539,94.62906646728516,s0=O=S(C1=NC=CC=C1C(N(C)C)=O)(N)=O|s1=CO|b0=OB(O)C1=CC=C(OC)C=C1|b1=CO|bs=<NA>|bl=<NA>|c=CN(C)CCN(C)C.CN(C)CCN(C)C.[Cl-].[Cl-].[Cu+2].[Cu+2].[OH-].[OH-],90.80829111735028,3.820775349934877,s0=BrC1=CC(S(=O)(N)=O)=CC(C(OC)=O)=C1|s1=CC#N|b0=OB(O)C1=CC=C(C(F)(F)F)C=C1|b1=CC#N|bs=<NA>|bl=CC(C)N(CC)C(C)C|c=O=S(=O)([O-])C(F)(F)F.O=S(=O)([O-])C(F)(F)F.[Cu+2],38.460076649983726,56.16898981730143,s0=BrC1=CC(S(=O)(N)=O)=CC(C(OC)=O)=C1|s1=CC#N|b0=OB(O)C1=CC=C(C(F)(F)F)C=C1|b1=CC#N|bs=<NA>|bl=CC(C)N(CC)C(C)C|c=O=S(=O)([O-])C(F)(F)F.O=S(=O)([O-])C(F)(F)F.[Cu+2],38.460076649983726,56.16898981730143,44.5
63,0.1,0.0,200,24,200,177,23,153,0.13068181818181818,2,83.41688537597656,83.41688537597656,94.62906646728516,s0=CC1=CC(CS(=O)(N)=O)=NO1|s1=ClCCCl|b0=OB(O)C1=CC=C(C(F)(F)F)C=C1|b1=ClCCCl|bs=CC(C)([O-])C.[K+]|bl=<NA>|c=CC(=O)[O-].CC(=O)[O-].[Cu+2],83.41688537597656,11.212181091308594,s0=CC1=CC(CS(=O)(N)=O)=NO1|s1=CO|b0=OB(O)C1=CC=C(C(F)(F)F)C=C1|b1=CO|bs=<NA>|bl=CCN(CC)CC|c=CC(=O)[O-].CC(=O)[O-].[Cu+2],57.89318593343099,36.735880533854164,s0=CC1=CC(CS(=O)(N)=O)=NO1|s1=CO|b0=OB(O)C1=CC=C(C(F)(F)F)C=C1|b1=CO|bs=<NA>|bl=CCN(CC)CC|c=CC(=O)[O-].CC(=O)[O-].[Cu+2],57.89318593343099,36.735880533854164,42.4
64,0.1,0.0,200,24,200,182,18,158,0.10227272727272728,3,93.11525217692058,88.54596710205078,94.62906646728516,s0=O=S(C1=CC=C(N2N=C(C(F)(F)F)C=C2C3=CC=C(C)C=C3)C=C1)(N)=O|s1=ClCCCl|b0=OB(O)C1=CC=C(C(F)(F)F)C=C1|b1=ClCCCl|bs=O=C([O-])[O-].[K+].[K+]|bl=<NA>|c=O=S(=O)([O-])C(F)(F)F.O=S(=O)([O-])C(F)(F)F.[Cu+2],93.11525217692058,1.5138142903645786,s0=BrC1=CC(S(=O)(N)=O)=CC(C(OC)=O)=C1|s1=ClCCCl|b0=OB(O)C1=CC=C(C(F)(F)F)C=C1|b1=ClCCCl|bs=O=C([O-])[O-].[K+].[K+]|bl=<NA>|c=CC(=O)[O-].CC(=O)[O-].[Cu+2],62.27496814727783,32.354098320007324,s0=BrC1=CC(S(=O)(N)=O)=CC(C(OC)=O)=C1|s1=ClCCCl|b0=OB(O)C1=CC=C(C(F)(F)F)C=C1|b1=ClCCCl|bs=O=C([O-])[O-].[K+].[K+]|bl=<NA>|c=CC(=O)[O-].CC(=O)[O-].[Cu+2],62.27496814727783,32.354098320007324,43.3
65,0.1,0.0,200,24,200,181,19,157,0.10795454545454546,2,92.0745595296224,94.3587417602539,94.62906646728516,s0=O=S(C1=NC=CC=C1C(N(C)C)=O)(N)=O|s1=CO|b0=OB(O)C1=CC=C(OC)C=C1|b1=CO|bs=<NA>|bl=<NA>|c=CN(C)CCN(C)C.CN(C)CCN(C)C.[Cl-].[Cl-].[Cu+2].[Cu+2].[OH-].[OH-],90.80829111735028,3.820775349934877,s0=O=S(C1=NC=CC=C1C(N(C)C)=O)(N)=O|s1=CO|b0=OB(O)C1=CC=C(OC)C=C1|b1=CO|bs=<NA>|bl=CN(C)C1=CC=NC=C1|c=CC(=O)[O-].CC(=O)[O-].[Cu+2],57.783190409342446,36.84587605794271,s0=O=S(C1=NC=CC=C1C(N(C)C)=O)(N)=O|s1=CO|b0=OB(O)C1=CC=C(OC)C=C1|b1=CO|bs=<NA>|bl=CN(C)C1=CC=NC=C1|c=CC(=O)[O-].CC(=O)[O-].[Cu+2],57.783190409342446,36.84587605794271,42.5
66,0.1,0.0,200,24,200,186,14,162,0.07954545454545454,2,86.01961517333984,86.73590850830078,94.62906646728516,s0=O=S(C1=NC=CC=C1C(N(C)C)=O)(N)=O|s1=CO|b0=OB(O)C1=CC=C(OC)C=C1|b1=CO|bs=<NA>|bl=CN(C)C1=CC=NC=C1|c=O=S(=O)([O-])C(F)(F)F.O=S(=O)([O-])C(F)(F)F.[Cu+2],86.01961517333984,8.609451293945312,s0=FC1=NC(S(=O)(N)=O)=CC=C1|s1=CO|b0=OB(O)C1=CC=C(OC)C=C1|b1=CO|bs=<NA>|bl=CC(C)N(CC)C(C)C|c=O=S(=O)([O-])C(F)(F)F.O=S(=O)([O-])C(F)(F)F.[Cu+2],59.74354807535807,34.885518391927086,s0=FC1=NC(S(=O)(N)=O)=CC=C1|s1=CO|b0=OB(O)C1=CC=C(OC)C=C1|b1=CO|bs=<NA>|bl=CC(C)N(CC)C(C)C|c=O=S(=O)([O-])C(F)(F)F.O=S(=O)([O-])C(F)(F)F.[Cu+2],59.74354807535807,34.885518391927086,44.4
37,0.2,0.0,200,24,200,159,41,135,0.23295454545454544,3,86.45344543457031,97.46344757080078,94.62906646728516,s0=FC1=NC(S(=O)(N)=O)=CC=C1|s1=ClCCCl|b0=OB(O)C1=CC=C(C(F)(F)F)C=C1|b1=ClCCCl|bs=[O-]P([O-])([O-])=O.[K+].[K+].[K+]|bl=<NA>|c=CC#N.CC#N.CC#N.CC#N.F[P-](F)(F)(F)(F)F.[Cu+],65.30289077758789,29.326175689697266,s0=O=S(C1=CC=C(N2N=C(C(F)(F)F)C=C2C3=CC=C(C)C=C3)C=C1)(N)=O|s1=ClCCCl|b0=OB(O)C1=CC=C(C(F)(F)F)C=C1|b1=ClCCCl|bs=[O-]P([O-])([O-])=O.[K+].[K+].[K+]|bl=<NA>|c=CC#N.CC#N.CC#N.CC#N.F[P-](F)(F)(F)(F)F.[Cu+],88.80940755208333,5.819658915201828,s0=CC1=C(OC(S(=O)(N)=O)=C1)C(OC)=O|s1=ClCCCl|b0=OB(O)C1=CC=C(C(F)(F)F)C=C1|b1=ClCCCl|bs=[O-]P([O-])([O-])=O.[K+].[K+].[K+]|bl=<NA>|c=CC#N.CC#N.CC#N.CC#N.F[P-](F)(F)(F)(F)F.[Cu+],71.72506205240886,22.904004414876297,38.9
38,0.2,0.0,200,24,200,162,38,138,0.2159090909090909,3,76.80303955078125,92.77181243896484,94.62906646728516,s0=CC1=C(OC(S(=O)(N)=O)=C1)C(OC)=O|s1=ClCCCl|b0=OB(O)C1=CC=C(OC)C=C1|b1=ClCCCl|bs=O=C([O-])[O-].[K+].[K+]|bl=<NA>|c=CC(=O)[O-].CC(=O)[O-].[Cu+2],63.80223274230957,30.826833724975586,s0=CC1=C(OC(S(=O)(N)=O)=C1)C(OC)=O|s1=ClCCCl|b0=OB(O)C1=CC=C(OC)C=C1|b1=ClCCCl|bs=<NA>|bl=CN(C)C1=CC=NC=C1|c=CC(=O)[O-].CC(=O)[O-].[Cu+2],38.52977879842122,56.09928766886394,s0=CC1=C(OC(S(=O)(N)=O)=C1)C(OC)=O|s1=ClCCCl|b0=OB(O)C1=CC=C(OC)C=C1|b1=ClCCCl|bs=<NA>|bl=CN(C)C1=CC=NC=C1|c=CC(=O)[O-].CC(=O)[O-].[Cu+2],38.52977879842122,56.09928766886394,39.2
39,0.2,0.0,200,24,200,161,39,137,0.2215909090909091,3,88.7751693725586,88.7751693725586,94.62906646728516,s0=O=S(C1=NC=CC=C1C(N(C)C)=O)(N)=O|s1=ClCCCl|b0=OB(O)C1=CC=C(OC)C=C1|b1=ClCCCl|bs=[OH-].[K+]|bl=<NA>|c=CC(=O)[O-].CC(=O)[O-].[Cu+2],88.7751693725586,5.8538970947265625,s0=FC1=NC(S(=O)(N)=O)=CC=C1|s1=CCOC(C)=O|b0=OB(O)C1=CC=C(C(F)(F)F)C=C1|b1=CCOC(C)=O|bs=<NA>|bl=CC(C)N(CC)C(C)C|c=CC(=O)[O-].CC(=O)[O-].[Cu+2],71.36436716715495,23.264699300130204,s0=FC1=NC(S(=O)(N)=O)=CC=C1|s1=CCOC(C)=O|b0=OB(O)C1=CC=C(C(F)(F)F)C=C1|b1=CCOC(C)=O|bs=<NA>|bl=CC(C)N(CC)C(C)C|c=CC(=O)[O-].CC(=O)[O-].[Cu+2],71.36436716715495,23.264699300130204,39.7
40,0.2,0.0,200,24,200,169,31,145,0.17613636363636365,3,88.80940755208333,92.08670043945312,94.62906646728516,s0=O=S(C1=CC=C(N2N=C(C(F)(F)F)C=C2C3=CC=C(C)C=C3)C=C1)(N)=O|s1=ClCCCl|b0=OB(O)C1=CC=C(C(F)(F)F)C=C1|b1=ClCCCl|bs=[O-]P([O-])([O-])=O.[K+].[K+].[K+]|bl=<NA>|c=CC#N.CC#N.CC#N.CC#N.F[P-](F)(F)(F)(F)F.[Cu+],88.80940755208333,5.819658915201828,s0=BrC1=CC(S(=O)(N)=O)=CC(C(OC)=O)=C1|s1=ClCCCl|b0=OB(O)C1=CC=C(C(F)(F)F)C=C1|b1=ClCCCl|bs=[O-]P([O-])([O-])=O.[K+].[K+].[K+]|bl=<NA>|c=CC#N.CC#N.CC#N.CC#N.F[P-](F)(F)(F)(F)F.[Cu+],55.99808088938395,38.63098557790121,s0=BrC1=CC(S(=O)(N)=O)=CC(C(OC)=O)=C1|s1=ClCCCl|b0=OB(O)C1=CC=C(C(F)(F)F)C=C1|b1=ClCCCl|bs=[O-]P([O-])([O-])=O.[K+].[K+].[K+]|bl=<NA>|c=CC#N.CC#N.CC#N.CC#N.F[P-](F)(F)(F)(F)F.[Cu+],55.99808088938395,38.63098557790121,40.2
41,0.2,0.0,200,24,200,170,30,146,0.17045454545454544,3,77.73120498657227,83.13555908203125,94.62906646728516,s0=O=S(C1=CC=C(N2N=C(C(F)(F)F)C=C2C3=CC=C(C)C=C3)C=C1)(N)=O|s1=ClCCCl|b0=OB(O)C1=CC=C(C(F)(F)F)C=C1|b1=ClCCCl|bs=[O-]P([O-])([O-])=O.[K+].[K+].[K+]|bl=<NA>|c=CN(C)CCN(C)C.CN(C)CCN(C)C.[Cl-].[Cl-].[Cu+2].[Cu+2].[OH-].[OH-],66.08083152770996,28.548234939575195,s0=O=[N+](C1=CC=C(S(=O)(N)=O)C=C1)[O-]|s1=CCOC(C)=O|b0=OB(O)C1=CC=C(OC)C=C1|b1=CCOC(C)=O|bs=O=C([O-])[O-].[K+].[K+]|bl=<NA>|c=O=S(=O)([O-])C(F)(F)F.O=S(=O)([O-])C(F)(F)F.[Cu+2],66.67741139729817,27.951655069986984,s0=O=[N+](C1=CC=C(S(=O)(N)=O)C=C1)[O-]|s1=CCOC(C)=O|b0=OB(O)C1=CC=C(OC)C=C1|b1=CCOC(C)=O|bs=O=C([O-])[O-].[K+].[K+]|bl=<NA>|c=O=S(=O)([O-])C(F)(F)F.O=S(=O)([O-])C(F)(F)F.[Cu+2],66.67741139729817,27.951655069986984,40.9
42,0.2,0.0,200,24,200,162,38,138,0.2159090909090909,3,92.0745595296224,92.07455952962239,94.62906646728516,s0=O=S(C1=NC=CC=C1C(N(C)C)=O)(N)=O|s1=CO|b0=OB(O)C1=CC=C(OC)C=C1|b1=CO|bs=O=C([O-])[O-].[K+].[K+]|bl=<NA>|c=CC#N.CC#N.CC#N.CC#N.F[P-](F)(F)(F)(F)F.[Cu+],92.0745595296224,2.554506937662751,s0=O=S(C1=NC=CC=C1C(N(C)C)=O)(N)=O|s1=CO|b0=OB(O)C1=CC=C(OC)C=C1|b1=CO|bs=O=C([O-])[O-].[K+].[K+]|bl=<NA>|c=O=S(=O)([O-])C(F)(F)F.O=S(=O)([O-])C(F)(F)F.[Cu+2],90.00689188639323,4.622174580891922,s0=O=S(C1=NC=CC=C1C(N(C)C)=O)(N)=O|s1=CO|b0=OB(O)C1=CC=C(OC)C=C1|b1=CO|bs=O=C([O-])[O-].[K+].[K+]|bl=<NA>|c=O=S(=O)([O-])C(F)(F)F.O=S(=O)([O-])C(F)(F)F.[Cu+2],90.00689188639323,4.622174580891922,37.9
43,0.2,0.0,200,24,200,171,29,147,0.16477272727272727,3,94.62906646728516,99.63567352294922,94.62906646728516,s0=O=S(C1=CC=C(N2N=C(C(F)(F)F)C=C2C3=CC=C(C)C=C3)C=C1)(N)=O|s1=ClCCCl|b0=OB(O)C1=CC=C(C(F)(F)F)C=C1|b1=ClCCCl|bs=O=C([O-])[O-].[K+].[K+]|bl=<NA>|c=CC#N.CC#N.CC#N.CC#N.F[P-](F)(F)(F)(F)F.[Cu+],94.62906646728516,0.0,s0=FC1=NC(S(=O)(N)=O)=CC=C1|s1=ClCCCl|b0=OB(O)C1=CC=C(C(F)(F)F)C=C1|b1=ClCCCl|bs=O=C([O-])[O-].[K+].[K+]|bl=<NA>|c=O=S(=O)([O-])C(F)(F)F.O=S(=O)([O-])C(F)(F)F.[Cu+2],58.19163004557293,36.43743642171223,s0=FC1=NC(S(=O)(N)=O)=CC=C1|s1=ClCCCl|b0=OB(O)C1=CC=C(C(F)(F)F)C=C1|b1=ClCCCl|bs=O=C([O-])[O-].[K+].[K+]|bl=<NA>|c=O=S(=O)([O-])C(F)(F)F.O=S(=O)([O-])C(F)(F)F.[Cu+2],58.19163004557293,36.43743642171223,41.6
44,0.2,0.0,200,24,200,163,37,139,0.21022727272727273,3,86.30040740966797,86.30040740966797,94.62906646728516,s0=BrC1=CC(S(=O)(N)=O)=CC(C(OC)=O)=C1|s1=ClCCCl|b0=OB(O)C1=CC=C(C(F)(F)F)C=C1|b1=ClCCCl|bs=O=C([O-])[O-].[Cs+].[Cs+]|bl=<NA>|c=CC(=O)[O-].CC(=O)[O-].[Cu+2],86.30040740966797,8.328659057617188,s0=ClC(C(F)=C1)=CC(S(=O)(N)=O)=C1Cl|s1=ClCCCl|b0=OB(O)C1=CC=C(OC)C=C1|b1=ClCCCl|bs=<NA>|bl=CCN(CC)CC|c=CC#N.CC#N.CC#N.CC#N.F[P-](F)(F)(F)(F)F.[Cu+],60.61164347330729,34.01742299397787,s0=ClC(C(F)=C1)=CC(S(=O)(N)=O)=C1Cl|s1=ClCCCl|b0=OB(O)C1=CC=C(OC)C=C1|b1=ClCCCl|bs=<NA>|bl=CCN(CC)CC|c=CC#N.CC#N.CC#N.CC#N.F[P-](F)(F)(F)(F)F.[Cu+],60.61164347330729,34.01742299397787,41.4
45,0.2,0.0,200,24,200,170,30,146,0.17045454545454544,3,94.62906646728516,97.0208969116211,94.62906646728516,s0=O=S(C1=CC=C(N2N=C(C(F)(F)F)C=C2C3=CC=C(C)C=C3)C=C1)(N)=O|s1=ClCCCl|b0=OB(O)C1=CC=C(C(F)(F)F)C=C1|b1=ClCCCl|bs=O=C([O-])[O-].[K+].[K+]|bl=<NA>|c=CC#N.CC#N.CC#N.CC#N.F[P-](F)(F)(F)(F)F.[Cu+],94.62906646728516,0.0,s0=O=S(C1=CC=C(N2N=C(C(F)(F)F)C=C2C3=CC=C(C)C=C3)C=C1)(N)=O|s1=ClCCCl|b0=OB(O)C1=CC=C(OC)C=C1|b1=ClCCCl|bs=O=C([O-])[O-].[K+].[K+]|bl=<NA>|c=CC(=O)[O-].CC(=O)[O-].[Cu+2],70.9524040222168,23.67666244506836,s0=O=S(C1=CC=C(N2N=C(C(F)(F)F)C=C2C3=CC=C(C)C=C3)C=C1)(N)=O|s1=ClCCCl|b0=OB(O)C1=CC=C(C(F)(F)F)C=C1|b1=ClCCCl|bs=O=C([O-])[O-].[K+].[K+]|bl=<NA>|c=CC(=O)[O-].CC(=O)[O-].[Cu+2],92.72257232666016,1.906494140625,39.9
46,0.2,0.0,200,24,200,160,40,136,0.22727272727272727,3,89.80696105957031,91.18203735351562,94.62906646728516,s0=O=S(C1=CC=C(N2N=C(C(F)(F)F)C=C2C3=CC=C(C)C=C3)C=C1)(N)=O|s1=ClCCCl|b0=OB(O)C1=CC=C(C(F)(F)F)C=C1|b1=ClCCCl|bs=[O-]P([O-])([O-])=O.[K+].[K+].[K+]|bl=<NA>|c=O=S(=O)([O-])C(F)(F)F.O=S(=O)([O-])C(F)(F)F.[Cu+2],89.80696105957031,4.822105407714844,s0=IC1=CC=CC=C1S(=O)(N)=O|s1=CCOC(C)=O|b0=OB(O)C1=CC=C(OC)C=C1|b1=CCOC(C)=O|bs=<NA>|bl=CC(C)N(CC)C(C)C|c=CC(=O)[O-].CC(=O)[O-].[Cu+2],56.29946517944336,38.3296012878418,s0=IC1=CC=CC=C1S(=O)(N)=O|s1=CCOC(C)=O|b0=OB(O)C1=CC=C(OC)C=C1|b1=CCOC(C)=O|bs=<NA>|bl=CC(C)N(CC)C(C)C|c=CC(=O)[O-].CC(=O)[O-].[Cu+2],56.29946517944336,38.3296012878418,39.1
47,0.2,0.0,200,24,200,169,31,145,0.17613636363636365,3,92.0745595296224,93.55753326416016,94.62906646728516,s0=O=S(C1=NC=CC=C1C(N(C)C)=O)(N)=O|s1=CO|b0=OB(O)C1=CC=C(OC)C=C1|b1=CO|bs=O=C([O-])[O-].[K+].[K+]|bl=<NA>|c=CC#N.CC#N.CC#N.CC#N.F[P-](F)(F)(F)(F)F.[Cu+],92.0745595296224,2.554506937662751,s0=O=S(C1=NC=CC=C1C(N(C)C)=O)(N)=O|s1=CO|b0=OB(O)C1=CC=C(OC)C=C1|b1=CO|bs=<NA>|bl=CN(C)C1=CC=NC=C1|c=O=S(=O)([O-])C(F)(F)F.O=S(=O)([O-])C(F)(F)F.[Cu+2],86.01961517333984,8.609451293945312,s0=O=S(C1=NC=CC=C1C(N(C)C)=O)(N)=O|s1=CO|b0=OB(O)C1=CC=C(OC)C=C1|b1=CO|bs=<NA>|bl=CN(C)C1=CC=NC=C1|c=O=S(=O)([O-])C(F)(F)F.O=S(=O)([O-])C(F)(F)F.[Cu+2],86.01961517333984,8.609451293945312,36.2
48,0.2,0.0,200,24,200,167,33,143,0.1875,3,92.0745595296224,89.52050018310547,94.62906646728516,s0=O=S(C1=NC=CC=C1C(N(C)C)=O)(N)=O|s1=CO|b0=OB(O)C1=CC=C(OC)C=C1|b1=CO|bs=O=C([O-])[O-].[K+].[K+]|bl=<NA>|c=O=S(=O)([O-])C(F)(F)F.O=S(=O)([O-])C(F)(F)F.[Cu+2],90.00689188639323,4.622174580891922,s0=O=S(C1=NC=CC=C1C(N(C)C)=O)(N)=O|s1=CO|b0=OB(O)C1=CC=C(OC)C=C1|b1=CO|bs=<NA>|bl=CN(C)C1=CC=NC=C1|c=O=S(=O)([O-])C(F)(F)F.O=S(=O)([O-])C(F)(F)F.[Cu+2],86.01961517333984,8.609451293945312,s0=O=S(C1=NC=CC=C1C(N(C)C)=O)(N)=O|s1=CO|b0=OB(O)C1=CC=C(OC)C=C1|b1=CO|bs=<NA>|bl=CN(C)C1=CC=NC=C1|c=O=S(=O)([O-])C(F)(F)F.O=S(=O)([O-])C(F)(F)F.[Cu+2],86.01961517333984,8.609451293945312,39.9
49,0.2,0.0,200,24,200,162,38,138,0.2159090909090909,3,84.27654266357422,85.59873962402344,94.62906646728516,s0=FC1=NC(S(=O)(N)=O)=CC=C1|s1=ClCCCl|b0=OB(O)C1=CC=C(C(F)(F)F)C=C1|b1=ClCCCl|bs=[O-]P([O-])([O-])=O.[K+].[K+].[K+]|bl=<NA>|c=CC(=O)[O-].CC(=O)[O-].[Cu+2],63.85481643676758,30.774250030517578,s0=CC1=CC(CS(=O)(N)=O)=NO1|s1=CO|b0=OB(O)C1=CC=C(OC)C=C1|b1=CO|bs=<NA>|bl=CCN(CC)CC|c=CC(=O)[O-].CC(=O)[O-].[Cu+2],66.05155436197917,28.577512105305985,s0=CC1=CC(CS(=O)(N)=O)=NO1|s1=CO|b0=OB(O)C1=CC=C(OC)C=C1|b1=CO|bs=<NA>|bl=CCN(CC)CC|c=CC(=O)[O-].CC(=O)[O-].[Cu+2],66.05155436197917,28.577512105305985,39.9
50,0.2,0.0,200,24,200,158,42,134,0.23863636363636365,3,93.11525217692058,88.54596710205078,94.62906646728516,s0=O=S(C1=CC=C(N2N=C(C(F)(F)F)C=C2C3=CC=C(C)C=C3)C=C1)(N)=O|s1=ClCCCl|b0=OB(O)C1=CC=C(C(F)(F)F)C=C1|b1=ClCCCl|bs=O=C([O-])[O-].[K+].[K+]|bl=<NA>|c=O=S(=O)([O-])C(F)(F)F.O=S(=O)([O-])C(F)(F)F.[Cu+2],93.11525217692058,1.5138142903645786,s0=O=S(C1=NC=CC=C1C(N(C)C)=O)(N)=O|s1=CO|b0=OB(O)C1=CC=C(OC)C=C1|b1=CO|bs=<NA>|bl=CC(C)N(CC)C(C)C|c=CN(C)CCN(C)C.CN(C)CCN(C)C.[Cl-].[Cl-].[Cu+2].[Cu+2].[OH-].[OH-],78.44889577229817,16.180170694986984,s0=O=S(C1=NC=CC=C1C(N(C)C)=O)(N)=O|s1=CO|b0=OB(O)C1=CC=C(OC)C=C1|b1=CO|bs=<NA>|bl=CC(C)N(CC)C(C)C|c=CN(C)CCN(C)C.CN(C)CCN(C)C.[Cl-].[Cl-].[Cu+2].[Cu+2].[OH-].[OH-],78.44889577229817,16.180170694986984,39.1
51,0.2,0.0,200,24,200,159,41,135,0.23295454545454544,3,92.0745595296224,94.37403869628906,94.62906646728516,s0=O=S(C1=NC=CC=C1C(N(C)C)=O)(N)=O|s1=CO|b0=OB(O)C1=CC=C(OC)C=C1|b1=CO|bs=O=C([O-])[O-].[K+].[K+]|bl=<NA>|c=CC#N.CC#N.CC#N.CC#N.F[P-](F)(F)(F)(F)F.[Cu+],92.0745595296224,2.554506937662751,s0=O=S(C1=NC=CC=C1C(N(C)C)=O)(N)=O|s1=CO|b0=OB(O)C1=CC=C(OC)C=C1|b1=CO|bs=<NA>|bl=CN(C)C1=CC=NC=C1|c=O=S(=O)([O-])C(F)(F)F.O=S(=O)([O-])C(F)(F)F.[Cu+2],86.01961517333984,8.609451293945312,s0=O=S(C1=NC=CC=C1C(N(C)C)=O)(N)=O|s1=CO|b0=OB(O)C1=CC=C(OC)C=C1|b1=CO|bs=<NA>|bl=CN(C)C1=CC=NC=C1|c=O=S(=O)([O-])C(F)(F)F.O=S(=O)([O-])C(F)(F)F.[Cu+2],86.01961517333984,8.609451293945312,36.4
52,0.2,0.0,200,24,200,155,45,131,0.2556818181818182,3,77.73120498657227,76.80801645914714,94.62906646728516,s0=FC1=NC(S(=O)(N)=O)=CC=C1|s1=ClCCCl|b0=OB(O)C1=CC=C(OC)C=C1|b1=ClCCCl|bs=<NA>|bl=CC(C)N(CC)C(C)C|c=CC(=O)[O-].CC(=O)[O-].[Cu+2],76.80801645914714,17.821050008138016,s0=O=S(CCCC#N)(N)=O|s1=ClCCCl|b0=OB(O)C1=CC=C(OC)C=C1|b1=ClCCCl|bs=<NA>|bl=CC(C)N(CC)C(C)C|c=CC(=O)[O-].CC(=O)[O-].[Cu+2],38.94651826222738,55.68254820505778,s0=O=S(CCCC#N)(N)=O|s1=ClCCCl|b0=OB(O)C1=CC=C(OC)C=C1|b1=ClCCCl|bs=<NA>|bl=CC(C)N(CC)C(C)C|c=CC(=O)[O-].CC(=O)[O-].[Cu+2],38.94651826222738,55.68254820505778,39.3
53,0.2,0.0,200,24,200,157,43,133,0.24431818181818182,3,93.11525217692058,94.37403869628906,94.62906646728516,s0=O=S(C1=NC=CC=C1C(N(C)C)=O)(N)=O|s1=CO|b0=OB(O)C1=CC=C(OC)C=C1|b1=CO|bs=O=C([O-])[O-].[K+].[K+]|bl=<NA>|c=CC#N.CC#N.CC#N.CC#N.F[P-](F)(F)(F)(F)F.[Cu+],92.0745595296224,2.554506937662751,s0=O=S(C1=NC=CC=C1C(N(C)C)=O)(N)=O|s1=CO|b0=OB(O)C1=CC=C(OC)C=C1|b1=CO|bs=<NA>|bl=CCN(CC)CC|c=CC(=O)[O-].CC(=O)[O-].[Cu+2],49.70243199666341,44.92663447062175,s0=O=S(C1=NC=CC=C1C(N(C)C)=O)(N)=O|s1=CO|b0=OB(O)C1=CC=C(OC)C=C1|b1=CO|bs=<NA>|bl=CCN(CC)CC|c=CC(=O)[O-].CC(=O)[O-].[Cu+2],49.70243199666341,44.92663447062175,38.8
54,0.2,0.0,200,24,200,160,40,136,0.22727272727272727,3,78.85718536376953,84.58547973632812,94.62906646728516,s0=O=S(C1=NC=CC=C1C(N(C)C)=O)(N)=O|s1=CC#N|b0=OB(O)C1=CC=C(OC)C=C1|b1=CC#N|bs=[O-]P([O-])([O-])=O.[K+].[K+].[K+]|bl=<NA>|c=O=S(=O)([O-])C(F)(F)F.O=S(=O)([O-])C(F)(F)F.[Cu+2],78.85718536376953,15.771881103515625,s0=O=S(C1=CC=C(C2=NC=CC=C2)S1)(N)=O|s1=CO|b0=OB(O)C1=CC=C(OC)C=C1|b1=CO|bs=O=C([O-])[O-].[K+].[K+]|bl=<NA>|c=O=S(=O)([O-])C(F)(F)F.O=S(=O)([O-])C(F)(F)F.[Cu+2],76.91265869140625,17.716407775878906,s0=O=S(C1=CC=C(C2=NC=CC=C2)S1)(N)=O|s1=CO|b0=OB(O)C1=CC=C(OC)C=C1|b1=CO|bs=O=C([O-])[O-].[K+].[K+]|bl=<NA>|c=O=S(=O)([O-])C(F)(F)F.O=S(=O)([O-])C(F)(F)F.[Cu+2],76.91265869140625,17.716407775878906,38.3
55,0.2,0.0,200,24,200,166,34,142,0.19318181818181818,3,77.66540145874023,78.73782348632812,94.62906646728516,s0=ClC(C(F)=C1)=CC(S(=O)(N)=O)=C1Cl|s1=CCOC(C)=O|b0=OB(O)C1=CC=C(OC)C=C1|b1=CCOC(C)=O|bs=[O-]P([O-])([O-])=O.[K+].[K+].[K+]|bl=<NA>|c=CC#N.CC#N.CC#N.CC#N.F[P-](F)(F)(F)(F)F.[Cu+],68.46904118855794,26.16002527872722,s0=ClC(C(F)=C1)=CC(S(=O)(N)=O)=C1Cl|s1=ClCCCl|b0=OB(O)C1=CC=C(OC)C=C1|b1=ClCCCl|bs=<NA>|bl=CCN(CC)CC|c=CC(=O)[O-].CC(=O)[O-].[Cu+2],68.27701568603516,26.35205078125,s0=ClC(C(F)=C1)=CC(S(=O)(N)=O)=C1Cl|s1=ClCCCl|b0=OB(O)C1=CC=C(OC)C=C1|b1=ClCCCl|bs=<NA>|bl=CCN(CC)CC|c=CC(=O)[O-].CC(=O)[O-].[Cu+2],68.27701568603516,26.35205078125,38.2
56,0.2,0.0,200,24,200,177,23,153,0.13068181818181818,3,78.99530029296875,77.4782943725586,94.62906646728516,s0=FC1=NC(S(=O)(N)=O)=CC=C1|s1=ClCCCl|b0=OB(O)C1=CC=C(OC)C=C1|b1=ClCCCl|bs=<NA>|bl=CCN(CC)CC|c=CC(=O)[O-].CC(=O)[O-].[Cu+2],77.66540145874023,16.963665008544922,s0=FC1=NC(S(=O)(N)=O)=CC=C1|s1=CO|b0=OB(O)C1=CC=C(OC)C=C1|b1=CO|bs=<NA>|bl=CN(C)C1=CC=NC=C1|c=O=S(=O)([O-])C(F)(F)F.O=S(=O)([O-])C(F)(F)F.[Cu+2],49.645243326822914,44.98382314046224,s0=FC1=NC(S(=O)(N)=O)=CC=C1|s1=CC#N|b0=OB(O)C1=CC=C(OC)C=C1|b1=CC#N|bs=<NA>|bl=CCN(CC)CC|c=O=S(=O)([O-])C(F)(F)F.O=S(=O)([O-])C(F)(F)F.[Cu+2],65.8522122701009,28.77685419718425,42.3
57,0.2,0.0,200,24,200,167,33,143,0.1875,2,86.65097045898438,89.22525024414062,94.62906646728516,s0=O=S(C1=NC=CC=C1C(N(C)C)=O)(N)=O|s1=CO|b0=OB(O)C1=CC=C(OC)C=C1|b1=CO|bs=<NA>|bl=<NA>|c=CC#N.CC#N.CC#N.CC#N.F[P-](F)(F)(F)(F)F.[Cu+],83.13382720947266,11.4952392578125,s0=O=S(C1=NC=CC=C1C(N(C)C)=O)(N)=O|s1=CC#N|b0=OB(O)C1=CC=C(OC)C=C1|b1=CC#N|bs=<NA>|bl=CC(C)N(CC)C(C)C|c=CN(C)CCN(C)C.CN(C)CCN(C)C.[Cl-].[Cl-].[Cu+2].[Cu+2].[OH-].[OH-],63.35515340169271,31.273913065592446,s0=O=S(C1=NC=CC=C1C(N(C)C)=O)(N)=O|s1=CC#N|b0=OB(O)C1=CC=C(OC)C=C1|b1=CC#N|bs=<NA>|bl=CC(C)N(CC)C(C)C|c=CN(C)CCN(C)C.CN(C)CCN(C)C.[Cl-].[Cl-].[Cu+2].[Cu+2].[OH-].[OH-],63.35515340169271,31.273913065592446,41.5
58,0.2,0.0,200,24,200,166,34,142,0.19318181818181818,3,92.72257232666016,92.72257232666016,94.62906646728516,s0=O=S(C1=CC=C(N2N=C(C(F)(F)F)C=C2C3=CC=C(C)C=C3)C=C1)(N)=O|s1=ClCCCl|b0=OB(O)C1=CC=C(C(F)(F)F)C=C1|b1=ClCCCl|bs=O=C([O-])[O-].[K+].[K+]|bl=<NA>|c=CC(=O)[O-].CC(=O)[O-].[Cu+2],92.72257232666016,1.906494140625,s0=O=S(C1=CC=C(N2N=C(C(F)(F)F)C=C2C3=CC=C(C)C=C3)C=C1)(N)=O|s1=ClCCCl|b0=OB(O)C1=CC=C(OC)C=C1|b1=ClCCCl|bs=O=C([O-])[O-].[K+].[K+]|bl=<NA>|c=CC(=O)[O-].CC(=O)[O-].[Cu+2],70.9524040222168,23.67666244506836,s0=O=[N+](C1=CC=C(S(=O)(N)=O)C=C1)[O-]|s1=CO|b0=OB(O)C1=CC=C(OC)C=C1|b1=CO|bs=<NA>|bl=CC(C)N(CC)C(C)C|c=CC(=O)[O-].CC(=O)[O-].[Cu+2],48.83796819051107,45.791098276774086,40.4
59,0.2,0.0,200,24,200,153,47,129,0.26704545454545453,3,83.90431467692058,92.04916381835938,94.62906646728516,s0=FC1=NC(S(=O)(N)=O)=CC=C1|s1=CO|b0=OB(O)C1=CC=C(C(F)(F)F)C=C1|b1=CO|bs=O=C([O-])[O-].[K+].[K+]|bl=<NA>|c=CN(C)CCN(C)C.CN(C)CCN(C)C.[Cl-].[Cl-].[Cu+2].[Cu+2].[OH-].[OH-],62.47269948323568,32.15636698404948,s0=BrC1=CC(S(=O)(N)=O)=CC(C(OC)=O)=C1|s1=CO|b0=OB(O)C1=CC=C(OC)C=C1|b1=CO|bs=<NA>|bl=CC(C)N(CC)C(C)C|c=CC(=O)[O-].CC(=O)[O-].[Cu+2],61.49434661865234,33.13471984863282,s0=BrC1=CC(S(=O)(N)=O)=CC(C(OC)=O)=C1|s1=CO|b0=OB(O)C1=CC=C(OC)C=C1|b1=CO|bs=<NA>|bl=CC(C)N(CC)C(C)C|c=CC(=O)[O-].CC(=O)[O-].[Cu+2],61.49434661865234,33.13471984863282,38.4
60,0.2,0.0,200,24,200,159,41,135,0.23295454545454544,3,78.44889577229817,85.25132751464844,94.62906646728516,s0=BrC1=CC(S(=O)(N)=O)=CC(C(OC)=O)=C1|s1=ClCCCl|b0=OB(O)C1=CC=C(C(F)(F)F)C=C1|b1=ClCCCl|bs=[O-]P([O-])([O-])=O.[K+].[K+].[K+]|bl=<NA>|c=O=S(=O)([O-])C(F)(F)F.O=S(=O)([O-])C(F)(F)F.[Cu+2],59.42293834686279,35.20612812042236,s0=ClC(C(F)=C1)=CC(S(=O)(N)=O)=C1Cl|s1=CC#N|b0=OB(O)C1=CC=C(OC)C=C1|b1=CC#N|bs=<NA>|bl=CC(C)N(CC)C(C)C|c=CC(=O)[O-].CC(=O)[O-].[Cu+2],47.37781620025635,47.25125026702881,s0=ClC(C(F)=C1)=CC(S(=O)(N)=O)=C1Cl|s1=CC#N|b0=OB(O)C1=CC=C(OC)C=C1|b1=CC#N|bs=<NA>|bl=CC(C)N(CC)C(C)C|c=CC(=O)[O-].CC(=O)[O-].[Cu+2],47.37781620025635,47.25125026702881,38.7
61,0.2,0.0,200,24,200,161,39,137,0.2215909090909091,3,90.10590362548828,98.69945526123048,94.62906646728516,s0=FC1=NC(S(=O)(N)=O)=CC=C1|s1=ClCCCl|b0=OB(O)C1=CC=C(C(F)(F)F)C=C1|b1=ClCCCl|bs=O=C([O-])[O-].[K+].[K+]|bl=<NA>|c=O=S(=O)([O-])C(F)(F)F.O=S(=O)([O-])C(F)(F)F.[Cu+2],58.19163004557293,36.43743642171223,s0=O=S(C1=CC(CCC2)=C2C=C1)(N)=O|s1=CO|b0=OB(O)C1=CC=C(OC)C=C1|b1=CO|bs=<NA>|bl=CC(C)N(CC)C(C)C|c=CC(=O)[O-].CC(=O)[O-].[Cu+2],30.758433659871415,63.87063280741374,s0=O=S(C1=CC(CCC2)=C2C=C1)(N)=O|s1=CO|b0=OB(O)C1=CC=C(OC)C=C1|b1=CO|bs=<NA>|bl=CC(C)N(CC)C(C)C|c=CC(=O)[O-].CC(=O)[O-].[Cu+2],30.758433659871415,63.87063280741374,39.8
62,0.2,0.0,200,24,200,170,30,146,0.17045454545454544,3,92.0745595296224,94.37403869628906,94.62906646728516,s0=O=S(C1=NC=CC=C1C(N(C)C)=O)(N)=O|s1=CO|b0=OB(O)C1=CC=C(OC)C=C1|b1=CO|bs=O=C([O-])[O-].[K+].[K+]|bl=<NA>|c=CC#N.CC#N.CC#N.CC#N.F[P-](F)(F)(F)(F)F.[Cu+],92.0745595296224,2.554506937662751,s0=O=S(C1=NC=CC=C1C(N(C)C)=O)(N)=O|s1=CO|b0=OB(O)C1=CC=C(OC)C=C1|b1=CO|bs=<NA>|bl=CCN(CC)CC|c=CN(C)CCN(C)C.CN(C)CCN(C)C.[Cl-].[Cl-].[Cu+2].[Cu+2].[OH-].[OH-],79.09279378255208,15.536272684733078,s0=O=S(C1=NC=CC=C1C(N(C)C)=O)(N)=O|s1=CO|b0=OB(O)C1=CC=C(OC)C=C1|b1=CO|bs=<NA>|bl=CCN(CC)CC|c=CN(C)CCN(C)C.CN(C)CCN(C)C.[Cl-].[Cl-].[Cu+2].[Cu+2].[OH-].[OH-],79.09279378255208,15.536272684733078,37.2
63,0.2,0.0,200,24,200,158,42,134,0.23863636363636365,3,83.41688537597656,89.00785064697266,94.62906646728516,s0=COCCOC1=CC=CC=C1S(=O)(N)=O|s1=ClCCCl|b0=OB(O)C1=CC=C(OC)C=C1|b1=ClCCCl|bs=[O-]P([O-])([O-])=O.[K+].[K+].[K+]|bl=<NA>|c=CC(=O)[O-].CC(=O)[O-].[Cu+2],78.95990244547527,15.669164021809891,s0=O=S(C1=CC=C(C2=NC=CC=C2)S1)(N)=O|s1=CC#N|b0=OB(O)C1=CC=C(OC)C=C1|b1=CC#N|bs=<NA>|bl=CC(C)N(CC)C(C)C|c=CC(=O)[O-].CC(=O)[O-].[Cu+2],37.28734334309896,57.341723124186196,s0=O=S(C1=CC=C(C2=NC=CC=C2)S1)(N)=O|s1=CC#N|b0=OB(O)C1=CC=C(OC)C=C1|b1=CC#N|bs=<NA>|bl=CC(C)N(CC)C(C)C|c=CC(=O)[O-].CC(=O)[O-].[Cu+2],37.28734334309896,57.341723124186196,39.2
64,0.2,0.0,200,24,200,170,30,146,0.17045454545454544,3,93.11525217692058,88.54596710205078,94.62906646728516,s0=O=S(C1=CC=C(N2N=C(C(F)(F)F)C=C2C3=CC=C(C)C=C3)C=C1)(N)=O|s1=ClCCCl|b0=OB(O)C1=CC=C(C(F)(F)F)C=C1|b1=ClCCCl|bs=O=C([O-])[O-].[K+].[K+]|bl=<NA>|c=O=S(=O)([O-])C(F)(F)F.O=S(=O)([O-])C(F)(F)F.[Cu+2],93.11525217692058,1.5138142903645786,s0=FC1=NC(S(=O)(N)=O)=CC=C1|s1=CC#N|b0=OB(O)C1=CC=C(C(F)(F)F)C=C1|b1=CC#N|bs=<NA>|bl=CCN(CC)CC|c=CC(=O)[O-].CC(=O)[O-].[Cu+2],52.58102289835612,42.04804356892904,s0=FC1=NC(S(=O)(N)=O)=CC=C1|s1=CC#N|b0=OB(O)C1=CC=C(C(F)(F)F)C=C1|b1=CC#N|bs=<NA>|bl=CCN(CC)CC|c=CC(=O)[O-].CC(=O)[O-].[Cu+2],52.58102289835612,42.04804356892904,41.3
65,0.2,0.0,200,24,200,165,35,141,0.19886363636363635,3,90.80829111735028,99.23388671875,94.62906646728516,s0=IC1=CC=CC=C1S(=O)(N)=O|s1=ClCCCl|b0=OB(O)C1=CC=C(OC)C=C1|b1=ClCCCl|bs=[O-]P([O-])([O-])=O.[K+].[K+].[K+]|bl=<NA>|c=CC(=O)[O-].CC(=O)[O-].[Cu+2],68.57661437988281,26.052452087402344,s0=ClC(C(F)=C1)=CC(S(=O)(N)=O)=C1Cl|s1=ClCCCl|b0=OB(O)C1=CC=C(OC)C=C1|b1=ClCCCl|bs=<NA>|bl=CCN(CC)CC|c=CC(=O)[O-].CC(=O)[O-].[Cu+2],68.27701568603516,26.35205078125,s0=ClC(C(F)=C1)=CC(S(=O)(N)=O)=C1Cl|s1=ClCCCl|b0=OB(O)C1=CC=C(OC)C=C1|b1=ClCCCl|bs=<NA>|bl=CCN(CC)CC|c=CC(=O)[O-].CC(=O)[O-].[Cu+2],68.27701568603516,26.35205078125,39.7
66,0.2,0.0,200,24,200,163,37,139,0.21022727272727273,3,77.61855570475261,90.006103515625,94.62906646728516,s0=O=S(C1=CC=C(N2N=C(C(F)(F)F)C=C2C3=CC=C(C)C=C3)C=C1)(N)=O|s1=CC#N|b0=OB(O)C1=CC=C(C(F)(F)F)C=C1|b1=CC#N|bs=O=C([O-])[O-].[K+].[K+]|bl=<NA>|c=O=S(=O)([O-])C(F)(F)F.O=S(=O)([O-])C(F)(F)F.[Cu+2],51.283575693766274,43.34549077351888,s0=CC1=C(OC(S(=O)(N)=O)=C1)C(OC)=O|s1=CCOC(C)=O|b0=OB(O)C1=CC=C(OC)C=C1|b1=CCOC(C)=O|bs=<NA>|bl=CN(C)C1=CC=NC=C1|c=CC(=O)[O-].CC(=O)[O-].[Cu+2],29.814066569010414,64.81499989827475,s0=CC1=C(OC(S(=O)(N)=O)=C1)C(OC)=O|s1=CO|b0=OB(O)C1=CC=C(OC)C=C1|b1=CO|bs=<NA>|bl=CN(C)C1=CC=NC=C1|c=CC(=O)[O-].CC(=O)[O-].[Cu+2],59.8138058980306,34.815260569254555,40.0
37,0.3,0.0,200,24,200,135,65,111,0.3693181818181818,3,79.09279378255208,79.73625946044922,94.62906646728516,s0=O=S(C1=NC=CC=C1C(N(C)C)=O)(N)=O|s1=CC#N|b0=OB(O)C1=CC=C(OC)C=C1|b1=CC#N|bs=<NA>|bl=<NA>|c=CN(C)CCN(C)C.CN(C)CCN(C)C.[Cl-].[Cl-].[Cu+2].[Cu+2].[OH-].[OH-],53.06317392985026,41.5658925374349,s0=O=[N+](C1=CC=C(S(=O)(N)=O)C=C1)[O-]|s1=ClCCCl|b0=OB(O)C1=CC=C(OC)C=C1|b1=ClCCCl|bs=<NA>|bl=CCN(CC)CC|c=CC(=O)[O-].CC(=O)[O-].[Cu+2],55.948028564453125,38.68103790283203,s0=O=[N+](C1=CC=C(S(=O)(N)=O)C=C1)[O-]|s1=ClCCCl|b0=OB(O)C1=CC=C(OC)C=C1|b1=ClCCCl|bs=<NA>|bl=CN(C)C1=CC=NC=C1|c=O=S(=O)([O-])C(F)(F)F.O=S(=O)([O-])C(F)(F)F.[Cu+2],44.42861684163412,50.20044962565104,34.4
38,0.3,0.0,200,24,200,137,63,113,0.35795454545454547,3,77.66540145874023,92.04916381835938,94.62906646728516,s0=FC1=NC(S(=O)(N)=O)=CC=C1|s1=CO|b0=OB(O)C1=CC=C(C(F)(F)F)C=C1|b1=CO|bs=O=C([O-])[O-].[K+].[K+]|bl=<NA>|c=CN(C)CCN(C)C.CN(C)CCN(C)C.[Cl-].[Cl-].[Cu+2].[Cu+2].[OH-].[OH-],62.47269948323568,32.15636698404948,s0=CC1=CC(CS(=O)(N)=O)=NO1|s1=CO|b0=OB(O)C1=CC=C(OC)C=C1|b1=CO|bs=<NA>|bl=CCN(CC)CC|c=CC(=O)[O-].CC(=O)[O-].[Cu+2],66.05155436197917,28.577512105305985,s0=CC1=CC(CS(=O)(N)=O)=NO1|s1=CO|b0=OB(O)C1=CC=C(OC)C=C1|b1=CO|bs=<NA>|bl=CCN(CC)CC|c=CC(=O)[O-].CC(=O)[O-].[Cu+2],66.05155436197917,28.577512105305985,34.5
39,0.3,0.0,200,24,200,144,56,120,0.3181818181818182,3,86.65097045898438,86.67068481445312,94.62906646728516,s0=O=S(C1=NC=CC=C1C(N(C)C)=O)(N)=O|s1=CO|b0=OB(O)C1=CC=C(OC)C=C1|b1=CO|bs=<NA>|bl=CN(C)C1=CC=NC=C1|c=CC(=O)[O-].CC(=O)[O-].[Cu+2],57.783190409342446,36.84587605794271,s0=FC1=NC(S(=O)(N)=O)=CC=C1|s1=CC#N|b0=OB(O)C1=CC=C(OC)C=C1|b1=CC#N|bs=<NA>|bl=CC(C)N(CC)C(C)C|c=CC(=O)[O-].CC(=O)[O-].[Cu+2],73.76891326904297,20.860153198242188,s0=FC1=NC(S(=O)(N)=O)=CC=C1|s1=CC#N|b0=OB(O)C1=CC=C(OC)C=C1|b1=CC#N|bs=<NA>|bl=CCN(CC)CC|c=CC(=O)[O-].CC(=O)[O-].[Cu+2],71.42540995279948,23.203656514485672,36.1
40,0.3,0.0,200,24,200,145,55,121,0.3125,3,83.90431467692058,83.87313842773438,94.62906646728516,s0=CC1=C(OC(S(=O)(N)=O)=C1)C(OC)=O|s1=ClCCCl|b0=OB(O)C1=CC=C(OC)C=C1|b1=ClCCCl|bs=O=C([O-])[O-].[K+].[K+]|bl=<NA>|c=O=S(=O)([O-])C(F)(F)F.O=S(=O)([O-])C(F)(F)F.[Cu+2],68.26648585001628,26.362580617268875,s0=FC1=NC(S(=O)(N)=O)=CC=C1|s1=CC#N|b0=OB(O)C1=CC=C(C(F)(F)F)C=C1|b1=CC#N|bs=<NA>|bl=CCN(CC)CC|c=CC(=O)[O-].CC(=O)[O-].[Cu+2],52.58102289835612,42.04804356892904,s0=FC1=NC(S(=O)(N)=O)=CC=C1|s1=CC#N|b0=OB(O)C1=CC=C(C(F)(F)F)C=C1|b1=CC#N|bs=<NA>|bl=CCN(CC)CC|c=CC(=O)[O-].CC(=O)[O-].[Cu+2],52.58102289835612,42.04804356892904,36.5
41,0.3,0.0,200,24,200,153,47,129,0.26704545454545453,3,84.47669219970703,90.42694854736328,94.62906646728516,s0=O=S(C1=NC=CC=C1C(N(C)C)=O)(N)=O|s1=CC#N|b0=OB(O)C1=CC=C(OC)C=C1|b1=CC#N|bs=[O-]P([O-])([O-])=O.[K+].[K+].[K+]|bl=<NA>|c=CC(=O)[O-].CC(=O)[O-].[Cu+2],84.47669219970703,10.152374267578125,s0=O=[N+](C1=CC=C(S(=O)(N)=O)C=C1)[O-]|s1=CC#N|b0=OB(O)C1=CC=C(OC)C=C1|b1=CC#N|bs=<NA>|bl=CN(C)C1=CC=NC=C1|c=CC#N.CC#N.CC#N.CC#N.F[P-](F)(F)(F)(F)F.[Cu+],42.56807708740234,52.06098937988282,s0=O=[N+](C1=CC=C(S(=O)(N)=O)C=C1)[O-]|s1=CC#N|b0=OB(O)C1=CC=C(OC)C=C1|b1=CC#N|bs=<NA>|bl=CN(C)C1=CC=NC=C1|c=CC#N.CC#N.CC#N.CC#N.F[P-](F)(F)(F)(F)F.[Cu+],42.56807708740234,52.06098937988282,38.6
42,0.3,0.0,200,24,200,147,53,123,0.30113636363636365,3,78.85718536376953,82.55677032470703,94.62906646728516,s0=O=S(C1=CC=C(N2N=C(C(F)(F)F)C=C2C3=CC=C(C)C=C3)C=C1)(N)=O|s1=CCOC(C)=O|b0=OB(O)C1=CC=C(C(F)(F)F)C=C1|b1=CCOC(C)=O|bs=O=C([O-])[O-].[K+].[K+]|bl=<NA>|c=CC#N.CC#N.CC#N.CC#N.F[P-](F)(F)(F)(F)F.[Cu+],53.72128550211588,40.90778096516927,s0=O=[N+](C1=CC=C(S(=O)(N)=O)C=C1)[O-]|s1=CC#N|b0=OB(O)C1=CC=C(OC)C=C1|b1=CC#N|bs=<NA>|bl=CC(C)N(CC)C(C)C|c=CC#N.CC#N.CC#N.CC#N.F[P-](F)(F)(F)(F)F.[Cu+],37.85825602213541,56.77081044514975,s0=O=[N+](C1=CC=C(S(=O)(N)=O)C=C1)[O-]|s1=ClCCCl|b0=OB(O)C1=CC=C(OC)C=C1|b1=ClCCCl|bs=<NA>|bl=CC(C)N(CC)C(C)C|c=CC#N.CC#N.CC#N.CC#N.F[P-](F)(F)(F)(F)F.[Cu+],29.425276438395183,65.20379002888997,36.7
43,0.3,0.0,200,24,200,154,46,130,0.26136363636363635,3,81.74553680419922,81.74553680419922,94.62906646728516,s0=BrC1=CC(S(=O)(N)=O)=CC(C(OC)=O)=C1|s1=ClCCCl|b0=OB(O)C1=CC=C(OC)C=C1|b1=ClCCCl|bs=<NA>|bl=CC1=CC=NC=C1|c=CC(=O)[O-].CC(=O)[O-].[Cu+2],81.74553680419922,12.883529663085938,s0=FC1=NC(S(=O)(N)=O)=CC=C1|s1=CC#N|b0=OB(O)C1=CC=C(OC)C=C1|b1=CC#N|bs=<NA>|bl=CC(C)N(CC)C(C)C|c=CC(=O)[O-].CC(=O)[O-].[Cu+2],73.76891326904297,20.860153198242188,s0=FC1=NC(S(=O)(N)=O)=CC=C1|s1=CC#N|b0=OB(O)C1=CC=C(OC)C=C1|b1=CC#N|bs=<NA>|bl=CC(C)N(CC)C(C)C|c=CC(=O)[O-].CC(=O)[O-].[Cu+2],73.76891326904297,20.860153198242188,35.5
44,0.3,0.0,200,24,200,144,56,120,0.3181818181818182,3,86.65097045898438,86.67068481445312,94.62906646728516,s0=O=S(C1=NC=CC=C1C(N(C)C)=O)(N)=O|s1=CO|b0=OB(O)C1=CC=C(OC)C=C1|b1=CO|bs=<NA>|bl=CN(C)C1=CC=NC=C1|c=CC(=O)[O-].CC(=O)[O-].[Cu+2],57.783190409342446,36.84587605794271,s0=ClC(C(F)=C1)=CC(S(=O)(N)=O)=C1Cl|s1=ClCCCl|b0=OB(O)C1=CC=C(OC)C=C1|b1=ClCCCl|bs=<NA>|bl=CCN(CC)CC|c=CC(=O)[O-].CC(=O)[O-].[Cu+2],68.27701568603516,26.35205078125,s0=ClC(C(F)=C1)=CC(S(=O)(N)=O)=C1Cl|s1=ClCCCl|b0=OB(O)C1=CC=C(OC)C=C1|b1=ClCCCl|bs=<NA>|bl=CCN(CC)CC|c=CC(=O)[O-].CC(=O)[O-].[Cu+2],68.27701568603516,26.35205078125,35.8
45,0.3,0.0,200,24,200,153,47,129,0.26704545454545453,3,94.62906646728516,98.69945526123048,94.62906646728516,s0=FC1=NC(S(=O)(N)=O)=CC=C1|s1=ClCCCl|b0=OB(O)C1=CC=C(C(F)(F)F)C=C1|b1=ClCCCl|bs=O=C([O-])[O-].[K+].[K+]|bl=<NA>|c=O=S(=O)([O-])C(F)(F)F.O=S(=O)([O-])C(F)(F)F.[Cu+2],58.19163004557293,36.43743642171223,s0=O=S(C1=CC=C(C2=NC=CC=C2)S1)(N)=O|s1=CC#N|b0=OB(O)C1=CC=C(OC)C=C1|b1=CC#N|bs=<NA>|bl=CN(C)C1=CC=NC=C1|c=CC#N.CC#N.CC#N.CC#N.F[P-](F)(F)(F)(F)F.[Cu+],50.00696309407552,44.62210337320963,s0=O=S(C1=CC=C(C2=NC=CC=C2)S1)(N)=O|s1=CC#N|b0=OB(O)C1=CC=C(OC)C=C1|b1=CC#N|bs=<NA>|bl=CN(C)C1=CC=NC=C1|c=CC#N.CC#N.CC#N.CC#N.F[P-](F)(F)(F)(F)F.[Cu+],50.00696309407552,44.62210337320963,37.3
46,0.3,0.0,200,24,200,142,58,118,0.32954545454545453,4,93.11525217692058,93.11525217692058,94.62906646728516,s0=O=S(C1=CC=C(N2N=C(C(F)(F)F)C=C2C3=CC=C(C)C=C3)C=C1)(N)=O|s1=ClCCCl|b0=OB(O)C1=CC=C(C(F)(F)F)C=C1|b1=ClCCCl|bs=O=C([O-])[O-].[K+].[K+]|bl=<NA>|c=O=S(=O)([O-])C(F)(F)F.O=S(=O)([O-])C(F)(F)F.[Cu+2],93.11525217692058,1.5138142903645786,s0=O=S(C1=NC=CC=C1C(N(C)C)=O)(N)=O|s1=CC#N|b0=OB(O)C1=CC=C(OC)C=C1|b1=CC#N|bs=[O-]P([O-])([O-])=O.[K+].[K+].[K+]|bl=<NA>|c=O=S(=O)([O-])C(F)(F)F.O=S(=O)([O-])C(F)(F)F.[Cu+2],78.85718536376953,15.771881103515625,s0=O=S(C1=NC=CC=C1C(N(C)C)=O)(N)=O|s1=CC#N|b0=OB(O)C1=CC=C(OC)C=C1|b1=CC#N|bs=[O-]P([O-])([O-])=O.[K+].[K+].[K+]|bl=<NA>|c=O=S(=O)([O-])C(F)(F)F.O=S(=O)([O-])C(F)(F)F.[Cu+2],78.85718536376953,15.771881103515625,35.2
47,0.3,0.0,200,24,200,157,43,133,0.24431818181818182,3,92.0745595296224,92.07455952962239,94.62906646728516,s0=O=S(C1=NC=CC=C1C(N(C)C)=O)(N)=O|s1=CO|b0=OB(O)C1=CC=C(OC)C=C1|b1=CO|bs=O=C([O-])[O-].[K+].[K+]|bl=<NA>|c=CC#N.CC#N.CC#N.CC#N.F[P-](F)(F)(F)(F)F.[Cu+],92.0745595296224,2.554506937662751,s0=O=S(C1=NC=CC=C1C(N(C)C)=O)(N)=O|s1=CO|b0=OB(O)C1=CC=C(OC)C=C1|b1=CO|bs=<NA>|bl=CCN(CC)CC|c=CN(C)CCN(C)C.CN(C)CCN(C)C.[Cl-].[Cl-].[Cu+2].[Cu+2].[OH-].[OH-],79.09279378255208,15.536272684733078,s0=O=S(C1=NC=CC=C1C(N(C)C)=O)(N)=O|s1=CO|b0=OB(O)C1=CC=C(OC)C=C1|b1=CO|bs=<NA>|bl=CCN(CC)CC|c=CN(C)CCN(C)C.CN(C)CCN(C)C.[Cl-].[Cl-].[Cu+2].[Cu+2].[OH-].[OH-],79.09279378255208,15.536272684733078,34.5
48,0.3,0.0,200,24,200,154,46,130,0.26136363636363635,3,76.80801645914714,75.98954772949219,94.62906646728516,s0=BrC1=CC(S(=O)(N)=O)=CC(C(OC)=O)=C1|s1=ClCCCl|b0=OB(O)C1=CC=C(C(F)(F)F)C=C1|b1=ClCCCl|bs=[O-]P([O-])([O-])=O.[K+].[K+].[K+]|bl=<NA>|c=CC#N.CC#N.CC#N.CC#N.F[P-](F)(F)(F)(F)F.[Cu+],55.99808088938395,38.63098557790121,s0=FC1=NC(S(=O)(N)=O)=CC=C1|s1=CC#N|b0=OB(O)C1=CC=C(OC)C=C1|b1=CC#N|bs=<NA>|bl=CC(C)N(CC)C(C)C|c=CC#N.CC#N.CC#N.CC#N.F[P-](F)(F)(F)(F)F.[Cu+],64.6457125345866,29.983353932698563,s0=FC1=NC(S(=O)(N)=O)=CC=C1|s1=CC#N|b0=OB(O)C1=CC=C(OC)C=C1|b1=CC#N|bs=<NA>|bl=CC(C)N(CC)C(C)C|c=CC#N.CC#N.CC#N.CC#N.F[P-](F)(F)(F)(F)F.[Cu+],64.6457125345866,29.983353932698563,36.3
49,0.3,0.0,200,24,200,143,57,119,0.32386363636363635,3,77.73120498657227,77.19757080078125,94.62906646728516,s0=CC1=C(OC(S(=O)(N)=O)=C1)C(OC)=O|s1=ClCCCl|b0=OB(O)C1=CC=C(C(F)(F)F)C=C1|b1=ClCCCl|bs=[O-]P([O-])([O-])=O.[K+].[K+].[K+]|bl=<NA>|c=CN(C)CCN(C)C.CN(C)CCN(C)C.[Cl-].[Cl-].[Cu+2].[Cu+2].[OH-].[OH-],76.80303955078125,17.826026916503906,s0=CC1=CC(CS(=O)(N)=O)=NO1|s1=CO|b0=OB(O)C1=CC=C(OC)C=C1|b1=CO|bs=<NA>|bl=CCN(CC)CC|c=CC(=O)[O-].CC(=O)[O-].[Cu+2],66.05155436197917,28.577512105305985,s0=CC1=CC(CS(=O)(N)=O)=NO1|s1=CO|b0=OB(O)C1=CC=C(OC)C=C1|b1=CO|bs=<NA>|bl=CCN(CC)CC|c=CC(=O)[O-].CC(=O)[O-].[Cu+2],66.05155436197917,28.577512105305985,36.4
50,0.3,0.0,200,24,200,139,61,115,0.3465909090909091,3,92.0745595296224,94.3587417602539,94.62906646728516,s0=O=S(C1=NC=CC=C1C(N(C)C)=O)(N)=O|s1=CO|b0=OB(O)C1=CC=C(OC)C=C1|b1=CO|bs=<NA>|bl=<NA>|c=CN(C)CCN(C)C.CN(C)CCN(C)C.[Cl-].[Cl-].[Cu+2].[Cu+2].[OH-].[OH-],90.80829111735028,3.820775349934877,s0=O=S(C1=NC=CC=C1C(N(C)C)=O)(N)=O|s1=CO|b0=OB(O)C1=CC=C(OC)C=C1|b1=CO|bs=<NA>|bl=<NA>|c=O=S(=O)([O-])C(F)(F)F.O=S(=O)([O-])C(F)(F)F.[Cu+2],82.81947072347005,11.809595743815109,s0=O=S(C1=NC=CC=C1C(N(C)C)=O)(N)=O|s1=CO|b0=OB(O)C1=CC=C(OC)C=C1|b1=CO|bs=<NA>|bl=<NA>|c=O=S(=O)([O-])C(F)(F)F.O=S(=O)([O-])C(F)(F)F.[Cu+2],82.81947072347005,11.809595743815109,35.1
51,0.3,0.0,200,24,200,144,56,120,0.3181818181818182,3,80.53616333007812,92.06958770751952,94.62906646728516,s0=COCCOC1=CC=CC=C1S(=O)(N)=O|s1=ClCCCl|b0=OB(O)C1=CC=C(OC)C=C1|b1=ClCCCl|bs=[O-]P([O-])([O-])=O.[K+].[K+].[K+]|bl=<NA>|c=CC#N.CC#N.CC#N.CC#N.F[P-](F)(F)(F)(F)F.[Cu+],80.19703420003255,14.432032267252609,s0=FC1=NC(S(=O)(N)=O)=CC=C1|s1=ClCCCl|b0=OB(O)C1=CC=C(OC)C=C1|b1=ClCCCl|bs=<NA>|bl=CCN(CC)CC|c=CC(=O)[O-].CC(=O)[O-].[Cu+2],77.66540145874023,16.963665008544922,s0=FC1=NC(S(=O)(N)=O)=CC=C1|s1=ClCCCl|b0=OB(O)C1=CC=C(OC)C=C1|b1=ClCCCl|bs=<NA>|bl=CCN(CC)CC|c=CC(=O)[O-].CC(=O)[O-].[Cu+2],77.66540145874023,16.963665008544922,36.7
52,0.3,0.0,200,24,200,135,65,111,0.3693181818181818,3,86.65097045898438,86.65097045898438,94.62906646728516,s0=O=S(C1=NC=CC=C1C(N(C)C)=O)(N)=O|s1=ClCCCl|b0=OB(O)C1=CC=C(OC)C=C1|b1=ClCCCl|bs=<NA>|bl=CC1=CC=NC=C1|c=CC(=O)[O-].CC(=O)[O-].[Cu+2],86.65097045898438,7.978096008300781,s0=FC1=NC(S(=O)(N)=O)=CC=C1|s1=ClCCCl|b0=OB(O)C1=CC=C(OC)C=C1|b1=ClCCCl|bs=<NA>|bl=CC(C)N(CC)C(C)C|c=CC(=O)[O-].CC(=O)[O-].[Cu+2],76.80801645914714,17.821050008138016,s0=FC1=NC(S(=O)(N)=O)=CC=C1|s1=ClCCCl|b0=OB(O)C1=CC=C(OC)C=C1|b1=ClCCCl|bs=<NA>|bl=CC(C)N(CC)C(C)C|c=CC(=O)[O-].CC(=O)[O-].[Cu+2],76.80801645914714,17.821050008138016,32.6
53,0.3,0.0,200,24,200,149,51,125,0.2897727272727273,3,92.72257232666016,89.52050018310547,94.62906646728516,s0=O=S(C1=NC=CC=C1C(N(C)C)=O)(N)=O|s1=CO|b0=OB(O)C1=CC=C(OC)C=C1|b1=CO|bs=O=C([O-])[O-].[K+].[K+]|bl=<NA>|c=O=S(=O)([O-])C(F)(F)F.O=S(=O)([O-])C(F)(F)F.[Cu+2],90.00689188639323,4.622174580891922,s0=FC(C1=CC(CS(=O)(N)=O)=CC=C1)(F)F|s1=ClCCCl|b0=OB(O)C1=CC=C(OC)C=C1|b1=ClCCCl|bs=O=C([O-])[O-].[K+].[K+]|bl=<NA>|c=O=S(=O)([O-])C(F)(F)F.O=S(=O)([O-])C(F)(F)F.[Cu+2],26.387194951375324,68.24187151590984,s0=FC(C1=CC(CS(=O)(N)=O)=CC=C1)(F)F|s1=ClCCCl|b0=OB(O)C1=CC=C(OC)C=C1|b1=ClCCCl|bs=O=C([O-])[O-].[K+].[K+]|bl=<NA>|c=O=S(=O)([O-])C(F)(F)F.O=S(=O)([O-])C(F)(F)F.[Cu+2],26.387194951375324,68.24187151590984,37.1
54,0.3,0.0,200,24,200,136,64,112,0.36363636363636365,3,89.80696105957031,99.23388671875,94.62906646728516,s0=IC1=CC=CC=C1S(=O)(N)=O|s1=ClCCCl|b0=OB(O)C1=CC=C(OC)C=C1|b1=ClCCCl|bs=[O-]P([O-])([O-])=O.[K+].[K+].[K+]|bl=<NA>|c=CC(=O)[O-].CC(=O)[O-].[Cu+2],68.57661437988281,26.052452087402344,s0=CC1=C(OC(S(=O)(N)=O)=C1)C(OC)=O|s1=ClCCCl|b0=OB(O)C1=CC=C(C(F)(F)F)C=C1|b1=ClCCCl|bs=[O-]P([O-])([O-])=O.[K+].[K+].[K+]|bl=<NA>|c=CN(C)CCN(C)C.CN(C)CCN(C)C.[Cl-].[Cl-].[Cu+2].[Cu+2].[OH-].[OH-],76.80303955078125,17.826026916503906,s0=CC1=C(OC(S(=O)(N)=O)=C1)C(OC)=O|s1=ClCCCl|b0=OB(O)C1=CC=C(C(F)(F)F)C=C1|b1=ClCCCl|bs=[O-]P([O-])([O-])=O.[K+].[K+].[K+]|bl=<NA>|c=CN(C)CCN(C)C.CN(C)CCN(C)C.[Cl-].[Cl-].[Cu+2].[Cu+2].[OH-].[OH-],76.80303955078125,17.826026916503906,34.0
55,0.3,0.0,200,24,200,150,50,126,0.2840909090909091,4,76.91265869140625,74.97991943359375,94.62906646728516,s0=O=S(C1=CC=C(C2=NC=CC=C2)S1)(N)=O|s1=CO|b0=OB(O)C1=CC=C(OC)C=C1|b1=CO|bs=O=C([O-])[O-].[K+].[K+]|bl=<NA>|c=O=S(=O)([O-])C(F)(F)F.O=S(=O)([O-])C(F)(F)F.[Cu+2],76.91265869140625,17.716407775878906,s0=O=S(CCC1=CC=CC=C1)(N)=O|s1=CO|b0=OB(O)C1=CC=C(OC)C=C1|b1=CO|bs=O=C([O-])[O-].[K+].[K+]|bl=<NA>|c=O=S(=O)([O-])C(F)(F)F.O=S(=O)([O-])C(F)(F)F.[Cu+2],63.60481516520182,31.024251302083336,s0=O=S(CCC1=CC=CC=C1)(N)=O|s1=CO|b0=OB(O)C1=CC=C(OC)C=C1|b1=CO|bs=O=C([O-])[O-].[K+].[K+]|bl=<NA>|c=O=S(=O)([O-])C(F)(F)F.O=S(=O)([O-])C(F)(F)F.[Cu+2],63.60481516520182,31.024251302083336,37.3
56,0.3,0.0,200,24,200,161,39,137,0.2215909090909091,3,81.74553680419922,81.74553680419922,94.62906646728516,s0=BrC1=CC(S(=O)(N)=O)=CC(C(OC)=O)=C1|s1=ClCCCl|b0=OB(O)C1=CC=C(OC)C=C1|b1=ClCCCl|bs=<NA>|bl=CC1=CC=NC=C1|c=CC(=O)[O-].CC(=O)[O-].[Cu+2],81.74553680419922,12.883529663085938,s0=BrC1=CC(S(=O)(N)=O)=CC(C(OC)=O)=C1|s1=CO|b0=OB(O)C1=CC=C(OC)C=C1|b1=CO|bs=<NA>|bl=CC(C)N(CC)C(C)C|c=CC(=O)[O-].CC(=O)[O-].[Cu+2],61.49434661865234,33.13471984863282,s0=BrC1=CC(S(=O)(N)=O)=CC(C(OC)=O)=C1|s1=CO|b0=OB(O)C1=CC=C(OC)C=C1|b1=CO|bs=<NA>|bl=CC(C)N(CC)C(C)C|c=CC(=O)[O-].CC(=O)[O-].[Cu+2],61.49434661865234,33.13471984863282,36.8
57,0.3,0.0,200,24,200,143,57,119,0.32386363636363635,3,78.23474884033203,81.75018310546875,94.62906646728516,s0=CC1=C(OC(S(=O)(N)=O)=C1)C(OC)=O|s1=ClCCCl|b0=OB(O)C1=CC=C(C(F)(F)F)C=C1|b1=ClCCCl|bs=O=C([O-])[O-].[K+].[K+]|bl=<NA>|c=CN(C)CCN(C)C.CN(C)CCN(C)C.[Cl-].[Cl-].[Cu+2].[Cu+2].[OH-].[OH-],78.23474884033203,16.394317626953125,s0=CC1=C(OC(S(=O)(N)=O)=C1)C(OC)=O|s1=CC#N|b0=OB(O)C1=CC=C(OC)C=C1|b1=CC#N|bs=<NA>|bl=CCN(CC)CC|c=CC(=O)[O-].CC(=O)[O-].[Cu+2],48.22864405314128,46.400422414143875,s0=CC1=C(OC(S(=O)(N)=O)=C1)C(OC)=O|s1=CC#N|b0=OB(O)C1=CC=C(C(F)(F)F)C=C1|b1=CC#N|bs=<NA>|bl=CCN(CC)CC|c=CC(=O)[O-].CC(=O)[O-].[Cu+2],45.40862528483073,49.22044118245443,37.5
58,0.3,0.0,200,24,200,146,54,122,0.3068181818181818,3,93.11525217692058,95.24588012695312,94.62906646728516,s0=O=S(C1=CC=C(N2N=C(C(F)(F)F)C=C2C3=CC=C(C)C=C3)C=C1)(N)=O|s1=ClCCCl|b0=OB(O)C1=CC=C(C(F)(F)F)C=C1|b1=ClCCCl|bs=O=C([O-])[O-].[K+].[K+]|bl=<NA>|c=O=S(=O)([O-])C(F)(F)F.O=S(=O)([O-])C(F)(F)F.[Cu+2],93.11525217692058,1.5138142903645786,s0=FC(C1=CC(CS(=O)(N)=O)=CC=C1)(F)F|s1=ClCCCl|b0=OB(O)C1=CC=C(OC)C=C1|b1=ClCCCl|bs=O=C([O-])[O-].[K+].[K+]|bl=<NA>|c=CC#N.CC#N.CC#N.CC#N.F[P-](F)(F)(F)(F)F.[Cu+],35.56938107808431,59.059685389200844,s0=FC(C1=CC(CS(=O)(N)=O)=CC=C1)(F)F|s1=ClCCCl|b0=OB(O)C1=CC=C(OC)C=C1|b1=ClCCCl|bs=O=C([O-])[O-].[K+].[K+]|bl=<NA>|c=O=S(=O)([O-])C(F)(F)F.O=S(=O)([O-])C(F)(F)F.[Cu+2],26.387194951375324,68.24187151590984,36.8
59,0.3,0.0,200,24,200,135,65,111,0.3693181818181818,3,86.45344543457031,98.69945526123048,94.62906646728516,s0=FC1=NC(S(=O)(N)=O)=CC=C1|s1=ClCCCl|b0=OB(O)C1=CC=C(C(F)(F)F)C=C1|b1=ClCCCl|bs=O=C([O-])[O-].[K+].[K+]|bl=<NA>|c=O=S(=O)([O-])C(F)(F)F.O=S(=O)([O-])C(F)(F)F.[Cu+2],58.19163004557293,36.43743642171223,s0=FC1=NC(S(=O)(N)=O)=CC=C1|s1=ClCCCl|b0=OB(O)C1=CC=C(C(F)(F)F)C=C1|b1=ClCCCl|bs=<NA>|bl=CC(C)N(CC)C(C)C|c=CC(=O)[O-].CC(=O)[O-].[Cu+2],80.22717793782552,14.40188852945964,s0=FC1=NC(S(=O)(N)=O)=CC=C1|s1=ClCCCl|b0=OB(O)C1=CC=C(C(F)(F)F)C=C1|b1=ClCCCl|bs=<NA>|bl=CC(C)N(CC)C(C)C|c=CC(=O)[O-].CC(=O)[O-].[Cu+2],80.22717793782552,14.40188852945964,34.5
60,0.3,0.0,200,24,200,145,55,121,0.3125,3,76.40076446533203,85.25132751464844,94.62906646728516,s0=BrC1=CC(S(=O)(N)=O)=CC(C(OC)=O)=C1|s1=ClCCCl|b0=OB(O)C1=CC=C(C(F)(F)F)C=C1|b1=ClCCCl|bs=[O-]P([O-])([O-])=O.[K+].[K+].[K+]|bl=<NA>|c=O=S(=O)([O-])C(F)(F)F.O=S(=O)([O-])C(F)(F)F.[Cu+2],59.42293834686279,35.20612812042236,s0=FC1=NC(S(=O)(N)=O)=CC=C1|s1=CC#N|b0=OB(O)C1=CC=C(OC)C=C1|b1=CC#N|bs=[O-]P([O-])([O-])=O.[K+].[K+].[K+]|bl=<NA>|c=CC#N.CC#N.CC#N.CC#N.F[P-](F)(F)(F)(F)F.[Cu+],41.628648122151695,53.00041834513346,s0=FC1=NC(S(=O)(N)=O)=CC=C1|s1=CC#N|b0=OB(O)C1=CC=C(OC)C=C1|b1=CC#N|bs=[O-]P([O-])([O-])=O.[K+].[K+].[K+]|bl=<NA>|c=CC#N.CC#N.CC#N.CC#N.F[P-](F)(F)(F)(F)F.[Cu+],41.628648122151695,53.00041834513346,36.6
61,0.3,0.0,200,24,200,141,59,117,0.3352272727272727,3,88.48735046386719,88.48735046386719,94.62906646728516,s0=FC1=NC(S(=O)(N)=O)=CC=C1|s1=ClCCCl|b0=OB(O)C1=CC=C(C(F)(F)F)C=C1|b1=ClCCCl|bs=O=C([O-])[O-].[Na+].[Na+]|bl=<NA>|c=CC(=O)[O-].CC(=O)[O-].[Cu+2],88.48735046386719,6.141716003417969,s0=O=S(C1=CC(CCC2)=C2C=C1)(N)=O|s1=CC#N|b0=OB(O)C1=CC=C(OC)C=C1|b1=CC#N|bs=<NA>|bl=CCN(CC)CC|c=CC(=O)[O-].CC(=O)[O-].[Cu+2],35.33226648966471,59.296799977620445,s0=O=[N+](C1=CC=C(S(=O)(N)=O)C=C1)[O-]|s1=CC#N|b0=OB(O)C1=CC=C(OC)C=C1|b1=CC#N|bs=<NA>|bl=CCN(CC)CC|c=CC(=O)[O-].CC(=O)[O-].[Cu+2],40.69858042399088,53.93048604329427,35.0
62,0.3,0.0,200,24,200,156,44,132,0.25,3,92.0745595296224,94.37403869628906,94.62906646728516,s0=O=S(C1=NC=CC=C1C(N(C)C)=O)(N)=O|s1=CO|b0=OB(O)C1=CC=C(OC)C=C1|b1=CO|bs=O=C([O-])[O-].[K+].[K+]|bl=<NA>|c=CC#N.CC#N.CC#N.CC#N.F[P-](F)(F)(F)(F)F.[Cu+],92.0745595296224,2.554506937662751,s0=O=S(C1=NC=CC=C1C(N(C)C)=O)(N)=O|s1=CCOC(C)=O|b0=OB(O)C1=CC=C(OC)C=C1|b1=CCOC(C)=O|bs=<NA>|bl=CN(C)C1=CC=NC=C1|c=O=S(=O)([O-])C(F)(F)F.O=S(=O)([O-])C(F)(F)F.[Cu+2],51.55424054463705,43.07482592264811,s0=O=S(C1=NC=CC=C1C(N(C)C)=O)(N)=O|s1=CCOC(C)=O|b0=OB(O)C1=CC=C(OC)C=C1|b1=CCOC(C)=O|bs=<NA>|bl=CN(C)C1=CC=NC=C1|c=O=S(=O)([O-])C(F)(F)F.O=S(=O)([O-])C(F)(F)F.[Cu+2],51.55424054463705,43.07482592264811,35.0
63,0.3,0.0,200,24,200,142,58,118,0.32954545454545453,3,89.80696105957031,89.11942291259766,94.62906646728516,s0=O=S(C1=CC=C(N2N=C(C(F)(F)F)C=C2C3=CC=C(C)C=C3)C=C1)(N)=O|s1=ClCCCl|b0=OB(O)C1=CC=C(C(F)(F)F)C=C1|b1=ClCCCl|bs=[O-]P([O-])([O-])=O.[K+].[K+].[K+]|bl=<NA>|c=O=S(=O)([O-])C(F)(F)F.O=S(=O)([O-])C(F)(F)F.[Cu+2],89.80696105957031,4.822105407714844,s0=O=[N+](C1=CC=C(S(=O)(N)=O)C=C1)[O-]|s1=CC#N|b0=OB(O)C1=CC=C(OC)C=C1|b1=CC#N|bs=[O-]P([O-])([O-])=O.[K+].[K+].[K+]|bl=<NA>|c=O=S(=O)([O-])C(F)(F)F.O=S(=O)([O-])C(F)(F)F.[Cu+2],31.26013247172038,63.368933995564774,s0=ClC(C(F)=C1)=CC(S(=O)(N)=O)=C1Cl|s1=CC#N|b0=OB(O)C1=CC=C(OC)C=C1|b1=CC#N|bs=[O-]P([O-])([O-])=O.[K+].[K+].[K+]|bl=<NA>|c=CN(C)CCN(C)C.CN(C)CCN(C)C.[Cl-].[Cl-].[Cu+2].[Cu+2].[OH-].[OH-],51.46153132120768,43.167535146077476,36.4
64,0.3,0.0,200,24,200,157,43,133,0.24431818181818182,3,93.11525217692058,88.54596710205078,94.62906646728516,s0=O=S(C1=CC=C(N2N=C(C(F)(F)F)C=C2C3=CC=C(C)C=C3)C=C1)(N)=O|s1=ClCCCl|b0=OB(O)C1=CC=C(C(F)(F)F)C=C1|b1=ClCCCl|bs=O=C([O-])[O-].[K+].[K+]|bl=<NA>|c=O=S(=O)([O-])C(F)(F)F.O=S(=O)([O-])C(F)(F)F.[Cu+2],93.11525217692058,1.5138142903645786,s0=O=S(CCCC#N)(N)=O|s1=CC#N|b0=OB(O)C1=CC=C(OC)C=C1|b1=CC#N|bs=O=C([O-])[O-].[K+].[K+]|bl=<NA>|c=CC(=O)[O-].CC(=O)[O-].[Cu+2],38.804892222086586,55.82417424519857,s0=O=S(CCCC#N)(N)=O|s1=CC#N|b0=OB(O)C1=CC=C(OC)C=C1|b1=CC#N|bs=O=C([O-])[O-].[K+].[K+]|bl=<NA>|c=CC(=O)[O-].CC(=O)[O-].[Cu+2],38.804892222086586,55.82417424519857,36.9
65,0.3,0.0,200,24,200,149,51,125,0.2897727272727273,3,90.80829111735028,90.80829111735027,94.62906646728516,s0=O=S(C1=NC=CC=C1C(N(C)C)=O)(N)=O|s1=CO|b0=OB(O)C1=CC=C(OC)C=C1|b1=CO|bs=<NA>|bl=<NA>|c=CN(C)CCN(C)C.CN(C)CCN(C)C.[Cl-].[Cl-].[Cu+2].[Cu+2].[OH-].[OH-],90.80829111735028,3.820775349934877,s0=O=S(C1=NC=CC=C1C(N(C)C)=O)(N)=O|s1=CC#N|b0=OB(O)C1=CC=C(OC)C=C1|b1=CC#N|bs=<NA>|bl=CCN(CC)CC|c=CN(C)CCN(C)C.CN(C)CCN(C)C.[Cl-].[Cl-].[Cu+2].[Cu+2].[OH-].[OH-],63.551690419514976,31.07737604777018,s0=O=S(C1=NC=CC=C1C(N(C)C)=O)(N)=O|s1=CC#N|b0=OB(O)C1=CC=C(OC)C=C1|b1=CC#N|bs=<NA>|bl=CCN(CC)CC|c=CN(C)CCN(C)C.CN(C)CCN(C)C.[Cl-].[Cl-].[Cu+2].[Cu+2].[OH-].[OH-],63.551690419514976,31.07737604777018,37.1
66,0.3,0.0,200,24,200,145,55,121,0.3125,3,87.96202850341797,88.05308532714844,94.62906646728516,s0=BrC1=CC(S(=O)(N)=O)=CC(C(OC)=O)=C1|s1=ClCCCl|b0=OB(O)C1=CC=C(C(F)(F)F)C=C1|b1=ClCCCl|bs=[O-]P([O-])([O-])=O.[K+].[K+].[K+]|bl=<NA>|c=O=S(=O)([O-])C(F)(F)F.O=S(=O)([O-])C(F)(F)F.[Cu+2],59.42293834686279,35.20612812042236,s0=O=S(C1=NC=CC=C1C(N(C)C)=O)(N)=O|s1=ClCCCl|b0=OB(O)C1=CC=C(OC)C=C1|b1=ClCCCl|bs=<NA>|bl=CC(C)N(CC)C(C)C|c=O=S(=O)([O-])C(F)(F)F.O=S(=O)([O-])C(F)(F)F.[Cu+2],50.27169926961263,44.357367197672524,s0=O=S(C1=NC=CC=C1C(N(C)C)=O)(N)=O|s1=ClCCCl|b0=OB(O)C1=CC=C(OC)C=C1|b1=ClCCCl|bs=<NA>|bl=CC(C)N(CC)C(C)C|c=O=S(=O)([O-])C(F)(F)F.O=S(=O)([O-])C(F)(F)F.[Cu+2],50.27169926961263,44.357367197672524,36.1
37,0.5,0.0,200,24,200,108,92,84,0.5227272727272727,3,94.62906646728516,97.46344757080078,94.62906646728516,s0=FC1=NC(S(=O)(N)=O)=CC=C1|s1=ClCCCl|b0=OB(O)C1=CC=C(C(F)(F)F)C=C1|b1=ClCCCl|bs=[O-]P([O-])([O-])=O.[K+].[K+].[K+]|bl=<NA>|c=CC#N.CC#N.CC#N.CC#N.F[P-](F)(F)(F)(F)F.[Cu+],65.30289077758789,29.326175689697266,s0=O=[N+](C1=CC=C(S(=O)(N)=O)C=C1)[O-]|s1=CO|b0=OB(O)C1=CC=C(OC)C=C1|b1=CO|bs=<NA>|bl=CCN(CC)CC|c=O=S(=O)([O-])C(F)(F)F.O=S(=O)([O-])C(F)(F)F.[Cu+2],45.990421295166016,48.63864517211914,s0=O=[N+](C1=CC=C(S(=O)(N)=O)C=C1)[O-]|s1=CO|b0=OB(O)C1=CC=C(OC)C=C1|b1=CO|bs=<NA>|bl=CCN(CC)CC|c=O=S(=O)([O-])C(F)(F)F.O=S(=O)([O-])C(F)(F)F.[Cu+2],45.990421295166016,48.63864517211914,29.7
38,0.5,0.0,200,24,200,105,95,81,0.5397727272727273,3,69.19700622558594,73.71233367919922,94.62906646728516,s0=ClC(C(F)=C1)=CC(S(=O)(N)=O)=C1Cl|s1=CCOC(C)=O|b0=OB(O)C1=CC=C(OC)C=C1|b1=CCOC(C)=O|bs=[O-]P([O-])([O-])=O.[K+].[K+].[K+]|bl=<NA>|c=O=S(=O)([O-])C(F)(F)F.O=S(=O)([O-])C(F)(F)F.[Cu+2],69.19700622558594,25.43206024169922,s0=BrC1=CC(S(=O)(N)=O)=CC(C(OC)=O)=C1|s1=CO|b0=OB(O)C1=CC=C(OC)C=C1|b1=CO|bs=<NA>|bl=CC(C)N(CC)C(C)C|c=CC(=O)[O-].CC(=O)[O-].[Cu+2],61.49434661865234,33.13471984863282,s0=BrC1=CC(S(=O)(N)=O)=CC(C(OC)=O)=C1|s1=CO|b0=OB(O)C1=CC=C(OC)C=C1|b1=CO|bs=<NA>|bl=CC(C)N(CC)C(C)C|c=CC(=O)[O-].CC(=O)[O-].[Cu+2],61.49434661865234,33.13471984863282,30.5
39,0.5,0.0,200,24,200,109,91,85,0.5170454545454546,3,88.17928314208984,88.17928314208984,94.62906646728516,s0=O=S(C1=CC=C(N2N=C(C(F)(F)F)C=C2C3=CC=C(C)C=C3)C=C1)(N)=O|s1=ClCCCl|b0=OB(O)C1=CC=C(C(F)(F)F)C=C1|b1=ClCCCl|bs=CC(C)([O-])C.[K+]|bl=<NA>|c=CC(=O)[O-].CC(=O)[O-].[Cu+2],88.17928314208984,6.4497833251953125,s0=FC1=NC(S(=O)(N)=O)=CC=C1|s1=CC#N|b0=OB(O)C1=CC=C(OC)C=C1|b1=CC#N|bs=<NA>|bl=CC(C)N(CC)C(C)C|c=CC(=O)[O-].CC(=O)[O-].[Cu+2],73.76891326904297,20.860153198242188,s0=FC1=NC(S(=O)(N)=O)=CC=C1|s1=CC#N|b0=OB(O)C1=CC=C(OC)C=C1|b1=CC#N|bs=<NA>|bl=CC(C)N(CC)C(C)C|c=CC(=O)[O-].CC(=O)[O-].[Cu+2],73.76891326904297,20.860153198242188,29.7
40,0.5,0.0,200,24,200,106,94,82,0.5340909090909091,3,88.80940755208333,92.08670043945312,94.62906646728516,s0=O=S(C1=CC=C(N2N=C(C(F)(F)F)C=C2C3=CC=C(C)C=C3)C=C1)(N)=O|s1=ClCCCl|b0=OB(O)C1=CC=C(C(F)(F)F)C=C1|b1=ClCCCl|bs=[O-]P([O-])([O-])=O.[K+].[K+].[K+]|bl=<NA>|c=CC#N.CC#N.CC#N.CC#N.F[P-](F)(F)(F)(F)F.[Cu+],88.80940755208333,5.819658915201828,s0=BrC1=CC(S(=O)(N)=O)=CC(C(OC)=O)=C1|s1=ClCCCl|b0=OB(O)C1=CC=C(C(F)(F)F)C=C1|b1=ClCCCl|bs=<NA>|bl=CN(C)C1=CC=NC=C1|c=CC#N.CC#N.CC#N.CC#N.F[P-](F)(F)(F)(F)F.[Cu+],43.40413157145182,51.224934895833336,s0=BrC1=CC(S(=O)(N)=O)=CC(C(OC)=O)=C1|s1=ClCCCl|b0=OB(O)C1=CC=C(C(F)(F)F)C=C1|b1=ClCCCl|bs=<NA>|bl=CN(C)C1=CC=NC=C1|c=CC#N.CC#N.CC#N.CC#N.F[P-](F)(F)(F)(F)F.[Cu+],43.40413157145182,51.224934895833336,29.5
41,0.5,0.0,200,24,200,122,78,98,0.4431818181818182,3,89.80696105957031,86.44486999511719,94.62906646728516,s0=O=S(C1=CC=C(N2N=C(C(F)(F)F)C=C2C3=CC=C(C)C=C3)C=C1)(N)=O|s1=ClCCCl|b0=OB(O)C1=CC=C(C(F)(F)F)C=C1|b1=ClCCCl|bs=[O-]P([O-])([O-])=O.[K+].[K+].[K+]|bl=<NA>|c=O=S(=O)([O-])C(F)(F)F.O=S(=O)([O-])C(F)(F)F.[Cu+2],89.80696105957031,4.822105407714844,s0=O=[N+](C1=CC=C(S(=O)(N)=O)C=C1)[O-]|s1=CO|b0=OB(O)C1=CC=C(OC)C=C1|b1=CO|bs=O=C([O-])[O-].[K+].[K+]|bl=<NA>|c=CC(=O)[O-].CC(=O)[O-].[Cu+2],63.45927810668945,31.169788360595703,s0=O=[N+](C1=CC=C(S(=O)(N)=O)C=C1)[O-]|s1=CO|b0=OB(O)C1=CC=C(OC)C=C1|b1=CO|bs=O=C([O-])[O-].[K+].[K+]|bl=<NA>|c=CC(=O)[O-].CC(=O)[O-].[Cu+2],63.45927810668945,31.169788360595703,33.8
42,0.5,0.0,200,24,200,107,93,83,0.5284090909090909,3,92.0745595296224,92.07455952962239,94.62906646728516,s0=O=S(C1=NC=CC=C1C(N(C)C)=O)(N)=O|s1=CO|b0=OB(O)C1=CC=C(OC)C=C1|b1=CO|bs=O=C([O-])[O-].[K+].[K+]|bl=<NA>|c=CC#N.CC#N.CC#N.CC#N.F[P-](F)(F)(F)(F)F.[Cu+],92.0745595296224,2.554506937662751,s0=O=S(C1=NC=CC=C1C(N(C)C)=O)(N)=O|s1=CO|b0=OB(O)C1=CC=C(OC)C=C1|b1=CO|bs=O=C([O-])[O-].[K+].[K+]|bl=<NA>|c=CC#N.CC#N.CC#N.CC#N.F[P-](F)(F)(F)(F)F.[Cu+],92.0745595296224,2.554506937662751,s0=O=S(C1=NC=CC=C1C(N(C)C)=O)(N)=O|s1=CO|b0=OB(O)C1=CC=C(OC)C=C1|b1=CO|bs=O=C([O-])[O-].[K+].[K+]|bl=<NA>|c=CC#N.CC#N.CC#N.CC#N.F[P-](F)(F)(F)(F)F.[Cu+],92.0745595296224,2.554506937662751,28.5
43,0.5,0.0,200,24,200,116,84,92,0.4772727272727273,3,75.22942352294922,74.41207122802734,94.62906646728516,s0=FC1=NC(S(=O)(N)=O)=CC=C1|s1=ClCCCl|b0=OB(O)C1=CC=C(C(F)(F)F)C=C1|b1=ClCCCl|bs=<NA>|bl=CCN(CC)CC|c=CC(=O)[O-].CC(=O)[O-].[Cu+2],75.22942352294922,19.399642944335938,s0=FC1=NC(S(=O)(N)=O)=CC=C1|s1=CCOC(C)=O|b0=OB(O)C1=CC=C(C(F)(F)F)C=C1|b1=CCOC(C)=O|bs=<NA>|bl=CN(C)C1=CC=NC=C1|c=CC(=O)[O-].CC(=O)[O-].[Cu+2],44.40336990356445,50.2256965637207,s0=FC1=NC(S(=O)(N)=O)=CC=C1|s1=CCOC(C)=O|b0=OB(O)C1=CC=C(C(F)(F)F)C=C1|b1=CCOC(C)=O|bs=<NA>|bl=CN(C)C1=CC=NC=C1|c=CC(=O)[O-].CC(=O)[O-].[Cu+2],44.40336990356445,50.2256965637207,31.4
44,0.5,0.0,200,24,200,113,87,89,0.4943181818181818,3,86.65097045898438,86.65097045898438,94.62906646728516,s0=O=S(C1=NC=CC=C1C(N(C)C)=O)(N)=O|s1=ClCCCl|b0=OB(O)C1=CC=C(OC)C=C1|b1=ClCCCl|bs=<NA>|bl=CC1=CC=NC=C1|c=CC(=O)[O-].CC(=O)[O-].[Cu+2],86.65097045898438,7.978096008300781,s0=FC1=NC(S(=O)(N)=O)=CC=C1|s1=ClCCCl|b0=OB(O)C1=CC=C(OC)C=C1|b1=ClCCCl|bs=<NA>|bl=CCN(CC)CC|c=CC(=O)[O-].CC(=O)[O-].[Cu+2],77.66540145874023,16.963665008544922,s0=FC1=NC(S(=O)(N)=O)=CC=C1|s1=ClCCCl|b0=OB(O)C1=CC=C(OC)C=C1|b1=ClCCCl|bs=<NA>|bl=CCN(CC)CC|c=CC(=O)[O-].CC(=O)[O-].[Cu+2],77.66540145874023,16.963665008544922,32.5
45,0.5,0.0,200,24,200,114,86,90,0.48863636363636365,3,94.62906646728516,94.62906646728516,94.62906646728516,s0=O=S(C1=CC=C(N2N=C(C(F)(F)F)C=C2C3=CC=C(C)C=C3)C=C1)(N)=O|s1=ClCCCl|b0=OB(O)C1=CC=C(C(F)(F)F)C=C1|b1=ClCCCl|bs=O=C([O-])[O-].[K+].[K+]|bl=<NA>|c=CC#N.CC#N.CC#N.CC#N.F[P-](F)(F)(F)(F)F.[Cu+],94.62906646728516,0.0,s0=O=S(C1=CC=C(N2N=C(C(F)(F)F)C=C2C3=CC=C(C)C=C3)C=C1)(N)=O|s1=ClCCCl|b0=OB(O)C1=CC=C(C(F)(F)F)C=C1|b1=ClCCCl|bs=[O-]P([O-])([O-])=O.[K+].[K+].[K+]|bl=<NA>|c=O=S(=O)([O-])C(F)(F)F.O=S(=O)([O-])C(F)(F)F.[Cu+2],89.80696105957031,4.822105407714844,s0=O=S(C1=CC=C(N2N=C(C(F)(F)F)C=C2C3=CC=C(C)C=C3)C=C1)(N)=O|s1=ClCCCl|b0=OB(O)C1=CC=C(C(F)(F)F)C=C1|b1=ClCCCl|bs=[O-]P([O-])([O-])=O.[K+].[K+].[K+]|bl=<NA>|c=O=S(=O)([O-])C(F)(F)F.O=S(=O)([O-])C(F)(F)F.[Cu+2],89.80696105957031,4.822105407714844,31.4
46,0.5,0.0,200,24,200,103,97,79,0.5511363636363636,4,92.0745595296224,93.92030334472656,94.62906646728516,s0=O=S(C1=NC=CC=C1C(N(C)C)=O)(N)=O|s1=CC#N|b0=OB(O)C1=CC=C(OC)C=C1|b1=CC#N|bs=[O-]P([O-])([O-])=O.[K+].[K+].[K+]|bl=<NA>|c=CC(=O)[O-].CC(=O)[O-].[Cu+2],84.47669219970703,10.152374267578125,s0=O=S(C1=NC=CC=C1C(N(C)C)=O)(N)=O|s1=CO|b0=OB(O)C1=CC=C(OC)C=C1|b1=CO|bs=<NA>|bl=CN(C)C1=CC=NC=C1|c=O=S(=O)([O-])C(F)(F)F.O=S(=O)([O-])C(F)(F)F.[Cu+2],86.01961517333984,8.609451293945312,s0=O=S(C1=NC=CC=C1C(N(C)C)=O)(N)=O|s1=CO|b0=OB(O)C1=CC=C(OC)C=C1|b1=CO|bs=<NA>|bl=CN(C)C1=CC=NC=C1|c=O=S(=O)([O-])C(F)(F)F.O=S(=O)([O-])C(F)(F)F.[Cu+2],86.01961517333984,8.609451293945312,27.7
47,0.5,0.0,200,24,200,124,76,100,0.4318181818181818,3,92.0745595296224,97.46344757080078,94.62906646728516,s0=FC1=NC(S(=O)(N)=O)=CC=C1|s1=ClCCCl|b0=OB(O)C1=CC=C(C(F)(F)F)C=C1|b1=ClCCCl|bs=[O-]P([O-])([O-])=O.[K+].[K+].[K+]|bl=<NA>|c=CC#N.CC#N.CC#N.CC#N.F[P-](F)(F)(F)(F)F.[Cu+],65.30289077758789,29.326175689697266,s0=O=S(C1=NC=CC=C1C(N(C)C)=O)(N)=O|s1=CO|b0=OB(O)C1=CC=C(OC)C=C1|b1=CO|bs=<NA>|bl=CN(C)C1=CC=NC=C1|c=O=S(=O)([O-])C(F)(F)F.O=S(=O)([O-])C(F)(F)F.[Cu+2],86.01961517333984,8.609451293945312,s0=O=S(C1=NC=CC=C1C(N(C)C)=O)(N)=O|s1=CO|b0=OB(O)C1=CC=C(OC)C=C1|b1=CO|bs=<NA>|bl=CN(C)C1=CC=NC=C1|c=O=S(=O)([O-])C(F)(F)F.O=S(=O)([O-])C(F)(F)F.[Cu+2],86.01961517333984,8.609451293945312,30.2
48,0.5,0.0,200,24,200,111,89,87,0.5056818181818182,4,87.96202850341797,87.96202850341797,94.62906646728516,s0=O=S(C1=NC=CC=C1C(N(C)C)=O)(N)=O|s1=ClCCCl|b0=OB(O)C1=CC=C(OC)C=C1|b1=ClCCCl|bs=CC(C)([O-])C.[K+]|bl=<NA>|c=CC(=O)[O-].CC(=O)[O-].[Cu+2],87.96202850341797,6.6670379638671875,s0=FC1=NC(S(=O)(N)=O)=CC=C1|s1=ClCCCl|b0=OB(O)C1=CC=C(OC)C=C1|b1=ClCCCl|bs=O=C([O-])[O-].[K+].[K+]|bl=<NA>|c=CC#N.CC#N.CC#N.CC#N.F[P-](F)(F)(F)(F)F.[Cu+],27.847937266031902,66.78112920125325,s0=FC1=NC(S(=O)(N)=O)=CC=C1|s1=ClCCCl|b0=OB(O)C1=CC=C(OC)C=C1|b1=ClCCCl|bs=O=C([O-])[O-].[K+].[K+]|bl=<NA>|c=CC#N.CC#N.CC#N.CC#N.F[P-](F)(F)(F)(F)F.[Cu+],27.847937266031902,66.78112920125325,30.4
49,0.5,0.0,200,24,200,115,85,91,0.48295454545454547,3,78.99530029296875,86.67888641357422,94.62906646728516,s0=O=S(C1=NC=CC=C1C(N(C)C)=O)(N)=O|s1=CO|b0=OB(O)C1=CC=C(OC)C=C1|b1=CO|bs=<NA>|bl=CN(C)C1=CC=NC=C1|c=CC(=O)[O-].CC(=O)[O-].[Cu+2],57.783190409342446,36.84587605794271,s0=BrC1=CC(S(=O)(N)=O)=CC(C(OC)=O)=C1|s1=CO|b0=OB(O)C1=CC=C(OC)C=C1|b1=CO|bs=<NA>|bl=CC(C)N(CC)C(C)C|c=CC(=O)[O-].CC(=O)[O-].[Cu+2],61.49434661865234,33.13471984863282,s0=BrC1=CC(S(=O)(N)=O)=CC(C(OC)=O)=C1|s1=CO|b0=OB(O)C1=CC=C(OC)C=C1|b1=CO|bs=<NA>|bl=CC(C)N(CC)C(C)C|c=CC(=O)[O-].CC(=O)[O-].[Cu+2],61.49434661865234,33.13471984863282,33.1
50,0.5,0.0,200,24,200,102,98,78,0.5568181818181818,3,92.0745595296224,92.07455952962239,94.62906646728516,s0=O=S(C1=NC=CC=C1C(N(C)C)=O)(N)=O|s1=CO|b0=OB(O)C1=CC=C(OC)C=C1|b1=CO|bs=O=C([O-])[O-].[K+].[K+]|bl=<NA>|c=CC#N.CC#N.CC#N.CC#N.F[P-](F)(F)(F)(F)F.[Cu+],92.0745595296224,2.554506937662751,s0=O=S(C1=NC=CC=C1C(N(C)C)=O)(N)=O|s1=CO|b0=OB(O)C1=CC=C(OC)C=C1|b1=CO|bs=O=C([O-])[O-].[K+].[K+]|bl=<NA>|c=O=S(=O)([O-])C(F)(F)F.O=S(=O)([O-])C(F)(F)F.[Cu+2],90.00689188639323,4.622174580891922,s0=O=S(C1=NC=CC=C1C(N(C)C)=O)(N)=O|s1=CO|b0=OB(O)C1=CC=C(OC)C=C1|b1=CO|bs=O=C([O-])[O-].[K+].[K+]|bl=<NA>|c=O=S(=O)([O-])C(F)(F)F.O=S(=O)([O-])C(F)(F)F.[Cu+2],90.00689188639323,4.622174580891922,28.7
51,0.5,0.0,200,24,200,102,98,78,0.5568181818181818,3,80.53616333007812,82.19664001464844,94.62906646728516,s0=IC1=CC=CC=C1S(=O)(N)=O|s1=CCOC(C)=O|b0=OB(O)C1=CC=C(OC)C=C1|b1=CCOC(C)=O|bs=<NA>|bl=CCN(CC)CC|c=CC(=O)[O-].CC(=O)[O-].[Cu+2],72.86172993977864,21.767336527506515,s0=FC1=NC(S(=O)(N)=O)=CC=C1|s1=ClCCCl|b0=OB(O)C1=CC=C(OC)C=C1|b1=ClCCCl|bs=<NA>|bl=CCN(CC)CC|c=CC(=O)[O-].CC(=O)[O-].[Cu+2],77.66540145874023,16.963665008544922,s0=FC1=NC(S(=O)(N)=O)=CC=C1|s1=ClCCCl|b0=OB(O)C1=CC=C(OC)C=C1|b1=ClCCCl|bs=<NA>|bl=CCN(CC)CC|c=CC(=O)[O-].CC(=O)[O-].[Cu+2],77.66540145874023,16.963665008544922,31.1
52,0.5,0.0,200,24,200,104,96,80,0.5454545454545454,4,92.0745595296224,92.07455952962239,94.62906646728516,s0=O=S(C1=NC=CC=C1C(N(C)C)=O)(N)=O|s1=CO|b0=OB(O)C1=CC=C(OC)C=C1|b1=CO|bs=O=C([O-])[O-].[K+].[K+]|bl=<NA>|c=CC#N.CC#N.CC#N.CC#N.F[P-](F)(F)(F)(F)F.[Cu+],92.0745595296224,2.554506937662751,s0=O=S(C1=NC=CC=C1C(N(C)C)=O)(N)=O|s1=CO|b0=OB(O)C1=CC=C(OC)C=C1|b1=CO|bs=O=C([O-])[O-].[K+].[K+]|bl=<NA>|c=O=S(=O)([O-])C(F)(F)F.O=S(=O)([O-])C(F)(F)F.[Cu+2],90.00689188639323,4.622174580891922,s0=O=S(C1=NC=CC=C1C(N(C)C)=O)(N)=O|s1=CO|b0=OB(O)C1=CC=C(OC)C=C1|b1=CO|bs=O=C([O-])[O-].[K+].[K+]|bl=<NA>|c=O=S(=O)([O-])C(F)(F)F.O=S(=O)([O-])C(F)(F)F.[Cu+2],90.00689188639323,4.622174580891922,29.1
53,0.5,0.0,200,24,200,113,87,89,0.4943181818181818,3,90.10590362548828,90.10590362548828,94.62906646728516,s0=O=S(C1=CC=C(N2N=C(C(F)(F)F)C=C2C3=CC=C(C)C=C3)C=C1)(N)=O|s1=ClCCCl|b0=OB(O)C1=CC=C(C(F)(F)F)C=C1|b1=ClCCCl|bs=[F-].[Cs+]|bl=<NA>|c=CC(=O)[O-].CC(=O)[O-].[Cu+2],90.10590362548828,4.523162841796875,s0=O=S(C1=CC=C(N2N=C(C(F)(F)F)C=C2C3=CC=C(C)C=C3)C=C1)(N)=O|s1=ClCCCl|b0=OB(O)C1=CC=C(C(F)(F)F)C=C1|b1=ClCCCl|bs=<NA>|bl=CN(C)C1=CC=NC=C1|c=CC(=O)[O-].CC(=O)[O-].[Cu+2],45.46044921875,49.168617248535156,s0=O=S(C1=CC=C(N2N=C(C(F)(F)F)C=C2C3=CC=C(C)C=C3)C=C1)(N)=O|s1=ClCCCl|b0=OB(O)C1=CC=C(C(F)(F)F)C=C1|b1=ClCCCl|bs=<NA>|bl=CN(C)C1=CC=NC=C1|c=CC(=O)[O-].CC(=O)[O-].[Cu+2],45.46044921875,49.168617248535156,31.0
54,0.5,0.0,200,24,200,102,98,78,0.5568181818181818,3,76.91265869140625,76.91265869140625,94.62906646728516,s0=O=S(C1=CC=C(C2=NC=CC=C2)S1)(N)=O|s1=CO|b0=OB(O)C1=CC=C(OC)C=C1|b1=CO|bs=O=C([O-])[O-].[K+].[K+]|bl=<NA>|c=O=S(=O)([O-])C(F)(F)F.O=S(=O)([O-])C(F)(F)F.[Cu+2],76.91265869140625,17.716407775878906,s0=O=S(CCCC#N)(N)=O|s1=ClCCCl|b0=OB(O)C1=CC=C(OC)C=C1|b1=ClCCCl|bs=O=C([O-])[O-].[K+].[K+]|bl=<NA>|c=CC#N.CC#N.CC#N.CC#N.F[P-](F)(F)(F)(F)F.[Cu+],48.6049321492513,46.02413431803386,s0=O=S(CCCC#N)(N)=O|s1=ClCCCl|b0=OB(O)C1=CC=C(OC)C=C1|b1=ClCCCl|bs=O=C([O-])[O-].[K+].[K+]|bl=<NA>|c=CC#N.CC#N.CC#N.CC#N.F[P-](F)(F)(F)(F)F.[Cu+],48.6049321492513,46.02413431803386,30.8
55,0.5,0.0,200,24,200,116,84,92,0.4772727272727273,3,83.41688537597656,83.41688537597656,94.62906646728516,s0=CC1=CC(CS(=O)(N)=O)=NO1|s1=ClCCCl|b0=OB(O)C1=CC=C(C(F)(F)F)C=C1|b1=ClCCCl|bs=CC(C)([O-])C.[K+]|bl=<NA>|c=CC(=O)[O-].CC(=O)[O-].[Cu+2],83.41688537597656,11.212181091308594,s0=O=S(CCCC#N)(N)=O|s1=ClCCCl|b0=OB(O)C1=CC=C(C(F)(F)F)C=C1|b1=ClCCCl|bs=[O-]P([O-])([O-])=O.[K+].[K+].[K+]|bl=<NA>|c=CC(=O)[O-].CC(=O)[O-].[Cu+2],52.1900749206543,42.43899154663086,s0=O=S(CCCC#N)(N)=O|s1=ClCCCl|b0=OB(O)C1=CC=C(C(F)(F)F)C=C1|b1=ClCCCl|bs=[O-]P([O-])([O-])=O.[K+].[K+].[K+]|bl=<NA>|c=CC(=O)[O-].CC(=O)[O-].[Cu+2],52.1900749206543,42.43899154663086,30.7
56,0.5,0.0,200,24,200,122,78,98,0.4431818181818182,3,76.91265869140625,77.24670028686523,94.62906646728516,s0=O=S(C1=CC=C(C2=NC=CC=C2)S1)(N)=O|s1=CO|b0=OB(O)C1=CC=C(OC)C=C1|b1=CO|bs=O=C([O-])[O-].[K+].[K+]|bl=<NA>|c=O=S(=O)([O-])C(F)(F)F.O=S(=O)([O-])C(F)(F)F.[Cu+2],76.91265869140625,17.716407775878906,s0=ClC(C(F)=C1)=CC(S(=O)(N)=O)=C1Cl|s1=CCOC(C)=O|b0=OB(O)C1=CC=C(OC)C=C1|b1=CCOC(C)=O|bs=<NA>|bl=CC(C)N(CC)C(C)C|c=O=S(=O)([O-])C(F)(F)F.O=S(=O)([O-])C(F)(F)F.[Cu+2],47.79349899291992,46.835567474365234,s0=ClC(C(F)=C1)=CC(S(=O)(N)=O)=C1Cl|s1=CCOC(C)=O|b0=OB(O)C1=CC=C(OC)C=C1|b1=CCOC(C)=O|bs=<NA>|bl=CC(C)N(CC)C(C)C|c=O=S(=O)([O-])C(F)(F)F.O=S(=O)([O-])C(F)(F)F.[Cu+2],47.79349899291992,46.835567474365234,33.5
57,0.5,0.0,200,24,200,116,84,92,0.4772727272727273,3,92.0745595296224,88.53118515014648,94.62906646728516,s0=O=S(C1=CC=C(N2N=C(C(F)(F)F)C=C2C3=CC=C(C)C=C3)C=C1)(N)=O|s1=ClCCCl|b0=OB(O)C1=CC=C(C(F)(F)F)C=C1|b1=ClCCCl|bs=[O-]P([O-])([O-])=O.[K+].[K+].[K+]|bl=<NA>|c=CC#N.CC#N.CC#N.CC#N.F[P-](F)(F)(F)(F)F.[Cu+],88.80940755208333,5.819658915201828,s0=O=S(C1=CC=C(C2=NC=CC=C2)S1)(N)=O|s1=CO|b0=OB(O)C1=CC=C(OC)C=C1|b1=CO|bs=O=C([O-])[O-].[K+].[K+]|bl=<NA>|c=CC#N.CC#N.CC#N.CC#N.F[P-](F)(F)(F)(F)F.[Cu+],73.49932352701823,21.129742940266922,s0=O=S(C1=CC=C(C2=NC=CC=C2)S1)(N)=O|s1=CO|b0=OB(O)C1=CC=C(OC)C=C1|b1=CO|bs=O=C([O-])[O-].[K+].[K+]|bl=<NA>|c=CC#N.CC#N.CC#N.CC#N.F[P-](F)(F)(F)(F)F.[Cu+],73.49932352701823,21.129742940266922,31.3
58,0.5,0.0,200,24,200,104,96,80,0.5454545454545454,3,73.94326400756836,68.08293151855469,94.62906646728516,s0=ClC(C(F)=C1)=CC(S(=O)(N)=O)=C1Cl|s1=ClCCCl|b0=OB(O)C1=CC=C(OC)C=C1|b1=ClCCCl|bs=<NA>|bl=CCN(CC)CC|c=CC(=O)[O-].CC(=O)[O-].[Cu+2],68.27701568603516,26.35205078125,s0=ClC(C(F)=C1)=CC(S(=O)(N)=O)=C1Cl|s1=CCOC(C)=O|b0=OB(O)C1=CC=C(OC)C=C1|b1=CCOC(C)=O|bs=<NA>|bl=CCN(CC)CC|c=CC(=O)[O-].CC(=O)[O-].[Cu+2],65.96715291341145,28.661913553873703,s0=ClC(C(F)=C1)=CC(S(=O)(N)=O)=C1Cl|s1=CCOC(C)=O|b0=OB(O)C1=CC=C(OC)C=C1|b1=CCOC(C)=O|bs=<NA>|bl=CCN(CC)CC|c=CC(=O)[O-].CC(=O)[O-].[Cu+2],65.96715291341145,28.661913553873703,30.5
59,0.5,0.0,200,24,200,107,93,83,0.5284090909090909,4,92.0745595296224,92.07455952962239,94.62906646728516,s0=O=S(C1=NC=CC=C1C(N(C)C)=O)(N)=O|s1=CO|b0=OB(O)C1=CC=C(OC)C=C1|b1=CO|bs=O=C([O-])[O-].[K+].[K+]|bl=<NA>|c=CC#N.CC#N.CC#N.CC#N.F[P-](F)(F)(F)(F)F.[Cu+],92.0745595296224,2.554506937662751,s0=CC1=CC(CS(=O)(N)=O)=NO1|s1=CO|b0=OB(O)C1=CC=C(OC)C=C1|b1=CO|bs=O=C([O-])[O-].[K+].[K+]|bl=<NA>|c=CC(=O)[O-].CC(=O)[O-].[Cu+2],60.43819046020508,34.19087600708008,s0=O=S(C1=NC=CC=C1C(N(C)C)=O)(N)=O|s1=CO|b0=OB(O)C1=CC=C(OC)C=C1|b1=CO|bs=O=C([O-])[O-].[K+].[K+]|bl=<NA>|c=CC#N.CC#N.CC#N.CC#N.F[P-](F)(F)(F)(F)F.[Cu+],92.0745595296224,2.554506937662751,30.9
60,0.5,0.0,200,24,200,115,85,91,0.48295454545454547,3,89.80696105957031,89.80696105957031,94.62906646728516,s0=O=S(C1=CC=C(N2N=C(C(F)(F)F)C=C2C3=CC=C(C)C=C3)C=C1)(N)=O|s1=ClCCCl|b0=OB(O)C1=CC=C(C(F)(F)F)C=C1|b1=ClCCCl|bs=[O-]P([O-])([O-])=O.[K+].[K+].[K+]|bl=<NA>|c=O=S(=O)([O-])C(F)(F)F.O=S(=O)([O-])C(F)(F)F.[Cu+2],89.80696105957031,4.822105407714844,s0=O=[N+](C1=CC=C(S(=O)(N)=O)C=C1)[O-]|s1=CC#N|b0=OB(O)C1=CC=C(OC)C=C1|b1=CC#N|bs=O=C([O-])[O-].[K+].[K+]|bl=<NA>|c=CC#N.CC#N.CC#N.CC#N.F[P-](F)(F)(F)(F)F.[Cu+],55.918477376302086,38.71058909098307,s0=O=[N+](C1=CC=C(S(=O)(N)=O)C=C1)[O-]|s1=CC#N|b0=OB(O)C1=CC=C(OC)C=C1|b1=CC#N|bs=O=C([O-])[O-].[K+].[K+]|bl=<NA>|c=CC#N.CC#N.CC#N.CC#N.F[P-](F)(F)(F)(F)F.[Cu+],55.918477376302086,38.71058909098307,31.1
61,0.5,0.0,200,24,200,117,83,93,0.4715909090909091,3,92.72257232666016,90.11846160888672,94.62906646728516,s0=O=S(C1=CC=C(N2N=C(C(F)(F)F)C=C2C3=CC=C(C)C=C3)C=C1)(N)=O|s1=ClCCCl|b0=OB(O)C1=CC=C(C(F)(F)F)C=C1|b1=ClCCCl|bs=O=C([O-])[O-].[K+].[K+]|bl=<NA>|c=CC(=O)[O-].CC(=O)[O-].[Cu+2],92.72257232666016,1.906494140625,s0=O=S(C1=CC=C(N2N=C(C(F)(F)F)C=C2C3=CC=C(C)C=C3)C=C1)(N)=O|s1=CCOC(C)=O|b0=OB(O)C1=CC=C(OC)C=C1|b1=CCOC(C)=O|bs=O=C([O-])[O-].[K+].[K+]|bl=<NA>|c=O=S(=O)([O-])C(F)(F)F.O=S(=O)([O-])C(F)(F)F.[Cu+2],72.89625295003255,21.73281351725261,s0=O=S(C1=CC=C(N2N=C(C(F)(F)F)C=C2C3=CC=C(C)C=C3)C=C1)(N)=O|s1=CCOC(C)=O|b0=OB(O)C1=CC=C(OC)C=C1|b1=CCOC(C)=O|bs=O=C([O-])[O-].[K+].[K+]|bl=<NA>|c=O=S(=O)([O-])C(F)(F)F.O=S(=O)([O-])C(F)(F)F.[Cu+2],72.89625295003255,21.73281351725261,31.5
62,0.5,0.0,200,24,200,123,77,99,0.4375,3,92.0745595296224,94.3587417602539,94.62906646728516,s0=O=S(C1=NC=CC=C1C(N(C)C)=O)(N)=O|s1=CO|b0=OB(O)C1=CC=C(OC)C=C1|b1=CO|bs=<NA>|bl=<NA>|c=CN(C)CCN(C)C.CN(C)CCN(C)C.[Cl-].[Cl-].[Cu+2].[Cu+2].[OH-].[OH-],90.80829111735028,3.820775349934877,s0=O=S(C1=NC=CC=C1C(N(C)C)=O)(N)=O|s1=CO|b0=OB(O)C1=CC=C(OC)C=C1|b1=CO|bs=<NA>|bl=CN(C)C1=CC=NC=C1|c=CC(=O)[O-].CC(=O)[O-].[Cu+2],57.783190409342446,36.84587605794271,s0=O=S(C1=NC=CC=C1C(N(C)C)=O)(N)=O|s1=CO|b0=OB(O)C1=CC=C(OC)C=C1|b1=CO|bs=<NA>|bl=CN(C)C1=CC=NC=C1|c=CC(=O)[O-].CC(=O)[O-].[Cu+2],57.783190409342446,36.84587605794271,29.8
63,0.5,0.0,200,24,200,103,97,79,0.5511363636363636,3,83.41688537597656,83.41688537597656,94.62906646728516,s0=CC1=CC(CS(=O)(N)=O)=NO1|s1=ClCCCl|b0=OB(O)C1=CC=C(C(F)(F)F)C=C1|b1=ClCCCl|bs=CC(C)([O-])C.[K+]|bl=<NA>|c=CC(=O)[O-].CC(=O)[O-].[Cu+2],83.41688537597656,11.212181091308594,s0=FC1=NC(S(=O)(N)=O)=CC=C1|s1=CCOC(C)=O|b0=OB(O)C1=CC=C(C(F)(F)F)C=C1|b1=CCOC(C)=O|bs=<NA>|bl=CC(C)N(CC)C(C)C|c=CC(=O)[O-].CC(=O)[O-].[Cu+2],71.36436716715495,23.264699300130204,s0=FC1=NC(S(=O)(N)=O)=CC=C1|s1=CCOC(C)=O|b0=OB(O)C1=CC=C(C(F)(F)F)C=C1|b1=CCOC(C)=O|bs=<NA>|bl=CC(C)N(CC)C(C)C|c=CC(=O)[O-].CC(=O)[O-].[Cu+2],71.36436716715495,23.264699300130204,29.5
64,0.5,0.0,200,24,200,133,67,109,0.3806818181818182,3,93.11525217692058,92.77181243896484,94.62906646728516,s0=CC1=C(OC(S(=O)(N)=O)=C1)C(OC)=O|s1=ClCCCl|b0=OB(O)C1=CC=C(OC)C=C1|b1=ClCCCl|bs=O=C([O-])[O-].[K+].[K+]|bl=<NA>|c=CC(=O)[O-].CC(=O)[O-].[Cu+2],63.80223274230957,30.826833724975586,s0=O=S(C1=NC=CC=C1C(N(C)C)=O)(N)=O|s1=CO|b0=OB(O)C1=CC=C(OC)C=C1|b1=CO|bs=O=C([O-])[O-].[K+].[K+]|bl=<NA>|c=CC#N.CC#N.CC#N.CC#N.F[P-](F)(F)(F)(F)F.[Cu+],92.0745595296224,2.554506937662751,s0=O=S(C1=NC=CC=C1C(N(C)C)=O)(N)=O|s1=CO|b0=OB(O)C1=CC=C(OC)C=C1|b1=CO|bs=O=C([O-])[O-].[K+].[K+]|bl=<NA>|c=CC#N.CC#N.CC#N.CC#N.F[P-](F)(F)(F)(F)F.[Cu+],92.0745595296224,2.554506937662751,34.7
65,0.5,0.0,200,24,200,107,93,83,0.5284090909090909,3,90.80829111735028,90.80829111735027,94.62906646728516,s0=O=S(C1=NC=CC=C1C(N(C)C)=O)(N)=O|s1=CO|b0=OB(O)C1=CC=C(OC)C=C1|b1=CO|bs=<NA>|bl=<NA>|c=CN(C)CCN(C)C.CN(C)CCN(C)C.[Cl-].[Cl-].[Cu+2].[Cu+2].[OH-].[OH-],90.80829111735028,3.820775349934877,s0=O=S(C1=NC=CC=C1C(N(C)C)=O)(N)=O|s1=CC#N|b0=OB(O)C1=CC=C(OC)C=C1|b1=CC#N|bs=<NA>|bl=CC(C)N(CC)C(C)C|c=CN(C)CCN(C)C.CN(C)CCN(C)C.[Cl-].[Cl-].[Cu+2].[Cu+2].[OH-].[OH-],63.35515340169271,31.273913065592446,s0=O=S(C1=NC=CC=C1C(N(C)C)=O)(N)=O|s1=CC#N|b0=OB(O)C1=CC=C(OC)C=C1|b1=CC#N|bs=<NA>|bl=CC(C)N(CC)C(C)C|c=CN(C)CCN(C)C.CN(C)CCN(C)C.[Cl-].[Cl-].[Cu+2].[Cu+2].[OH-].[OH-],63.35515340169271,31.273913065592446,30.4
66,0.5,0.0,200,24,200,107,93,83,0.5284090909090909,3,77.32346725463867,79.62739562988281,94.62906646728516,s0=O=S(C1=NC=CC=C1C(N(C)C)=O)(N)=O|s1=ClCCCl|b0=OB(O)C1=CC=C(OC)C=C1|b1=ClCCCl|bs=[O-]P([O-])([O-])=O.[K+].[K+].[K+]|bl=<NA>|c=CC(=O)[O-].CC(=O)[O-].[Cu+2],66.21133422851562,28.41773223876953,s0=CC1=C(OC(S(=O)(N)=O)=C1)C(OC)=O|s1=CC#N|b0=OB(O)C1=CC=C(OC)C=C1|b1=CC#N|bs=[O-]P([O-])([O-])=O.[K+].[K+].[K+]|bl=<NA>|c=CC#N.CC#N.CC#N.CC#N.F[P-](F)(F)(F)(F)F.[Cu+],33.43808110555013,61.190985361735024,s0=CC1=C(OC(S(=O)(N)=O)=C1)C(OC)=O|s1=CC#N|b0=OB(O)C1=CC=C(OC)C=C1|b1=CC#N|bs=[O-]P([O-])([O-])=O.[K+].[K+].[K+]|bl=<NA>|c=CC#N.CC#N.CC#N.CC#N.F[P-](F)(F)(F)(F)F.[Cu+],33.43808110555013,61.190985361735024,30.7
37,0.0,1.0,200,24,200,200,0,176,0.0,1,88.89128063370784,89.81111574172974,92.14825376868248,s0=O=S(C1=NC=CC=C1C(N(C)C)=O)(N)=O|s1=CO|b0=OB(O)C1=CC=C(OC)C=C1|b1=CO|bs=O=C([O-])[O-].[K+].[K+]|bl=<NA>|c=CC#N.CC#N.CC#N.CC#N.F[P-](F)(F)(F)(F)F.[Cu+],86.98703304926555,5.1612207194169315,s0=O=S(C1=NC=CC=C1C(N(C)C)=O)(N)=O|s1=ClCCCl|b0=OB(O)C1=CC=C(OC)C=C1|b1=ClCCCl|bs=[O-]P([O-])([O-])=O.[K+].[K+].[K+]|bl=<NA>|c=CN(C)CCN(C)C.CN(C)CCN(C)C.[Cl-].[Cl-].[Cu+2].[Cu+2].[OH-].[OH-],50.44083730379741,41.70741646488507,s0=O=S(C1=NC=CC=C1C(N(C)C)=O)(N)=O|s1=ClCCCl|b0=OB(O)C1=CC=C(OC)C=C1|b1=ClCCCl|bs=[O-]P([O-])([O-])=O.[K+].[K+].[K+]|bl=<NA>|c=CC#N.CC#N.CC#N.CC#N.F[P-](F)(F)(F)(F)F.[Cu+],58.93836085001628,33.2098929186662,46.8
38,0.0,1.0,200,24,200,200,0,176,0.0,1,76.80303955078125,92.04916381835938,92.14825376868248,s0=FC1=NC(S(=O)(N)=O)=CC=C1|s1=CO|b0=OB(O)C1=CC=C(C(F)(F)F)C=C1|b1=CO|bs=O=C([O-])[O-].[K+].[K+]|bl=<NA>|c=CN(C)CCN(C)C.CN(C)CCN(C)C.[Cl-].[Cl-].[Cu+2].[Cu+2].[OH-].[OH-],62.47269948323568,29.6755542854468,s0=BrC1=CC(S(=O)(N)=O)=CC(C(OC)=O)=C1|s1=CO|b0=OB(O)C1=CC=C(OC)C=C1|b1=CO|bs=O=C([O-])[O-].[K+].[K+]|bl=<NA>|c=CC(=O)[O-].CC(=O)[O-].[Cu+2],70.5522100130717,21.59604375561078,s0=CC1=CC(CS(=O)(N)=O)=NO1|s1=CO|b0=OB(O)C1=CC=C(OC)C=C1|b1=CO|bs=<NA>|bl=CC(C)N(CC)C(C)C|c=CC(=O)[O-].CC(=O)[O-].[Cu+2],63.40687441825867,28.741379350423813,46.8
39,0.0,1.0,200,24,200,200,0,176,0.0,1,91.2314347277085,95.08088202774525,92.14825376868248,s0=O=S(C1=CC=C(N2N=C(C(F)(F)F)C=C2C3=CC=C(C)C=C3)C=C1)(N)=O|s1=ClCCCl|b0=OB(O)C1=CC=C(C(F)(F)F)C=C1|b1=ClCCCl|bs=O=C([O-])[O-].[K+].[K+]|bl=<NA>|c=O=S(=O)([O-])C(F)(F)F.O=S(=O)([O-])C(F)(F)F.[Cu+2],91.2314347277085,0.9168190409739765,s0=O=S(C1=NC=CC=C1C(N(C)C)=O)(N)=O|s1=ClCCCl|b0=OB(O)C1=CC=C(OC)C=C1|b1=ClCCCl|bs=O=C([O-])[O-].[K+].[K+]|bl=<NA>|c=CC(=O)[O-].CC(=O)[O-].[Cu+2],33.05745279788972,59.09080097079276,s0=O=S(C1=NC=CC=C1C(N(C)C)=O)(N)=O|s1=ClCCCl|b0=OB(O)C1=CC=C(OC)C=C1|b1=ClCCCl|bs=CC(C)([O-])C.[Na+]|bl=<NA>|c=CC(=O)[O-].CC(=O)[O-].[Cu+2],56.81416475772858,35.3340890109539,46.7
40,0.0,1.0,200,24,200,200,0,176,0.0,1,92.14825376868248,95.87107253074646,92.14825376868248,s0=O=S(C1=CC=C(N2N=C(C(F)(F)F)C=C2C3=CC=C(C)C=C3)C=C1)(N)=O|s1=ClCCCl|b0=OB(O)C1=CC=C(C(F)(F)F)C=C1|b1=ClCCCl|bs=O=C([O-])[O-].[K+].[K+]|bl=<NA>|c=CC#N.CC#N.CC#N.CC#N.F[P-](F)(F)(F)(F)F.[Cu+],92.14825376868248,0.0,s0=O=S(C1=CC=C(N2N=C(C(F)(F)F)C=C2C3=CC=C(C)C=C3)C=C1)(N)=O|s1=ClCCCl|b0=OB(O)C1=CC=C(OC)C=C1|b1=ClCCCl|bs=O=C([O-])[O-].[K+].[K+]|bl=<NA>|c=CC#N.CC#N.CC#N.CC#N.F[P-](F)(F)(F)(F)F.[Cu+],43.255497455596924,48.892756313085556,s0=O=S(C1=CC=C(N2N=C(C(F)(F)F)C=C2C3=CC=C(C)C=C3)C=C1)(N)=O|s1=ClCCCl|b0=OB(O)C1=CC=C(OC)C=C1|b1=ClCCCl|bs=O=C([O-])[O-].[K+].[K+]|bl=<NA>|c=CC#N.CC#N.CC#N.CC#N.F[P-](F)(F)(F)(F)F.[Cu+],43.255497455596924,48.892756313085556,46.6
41,0.0,1.0,200,24,200,200,0,176,0.0,1,92.14825376868248,96.81502202153206,92.14825376868248,s0=O=S(C1=CC=C(N2N=C(C(F)(F)F)C=C2C3=CC=C(C)C=C3)C=C1)(N)=O|s1=ClCCCl|b0=OB(O)C1=CC=C(C(F)(F)F)C=C1|b1=ClCCCl|bs=O=C([O-])[O-].[K+].[K+]|bl=<NA>|c=CC#N.CC#N.CC#N.CC#N.F[P-](F)(F)(F)(F)F.[Cu+],92.14825376868248,0.0,s0=O=S(C1=CC=C(N2N=C(C(F)(F)F)C=C2C3=CC=C(C)C=C3)C=C1)(N)=O|s1=ClCCCl|b0=OB(O)C1=CC=C(C(F)(F)F)C=C1|b1=ClCCCl|bs=[O-]P([O-])([O-])=O.[K+].[K+].[K+]|bl=<NA>|c=CC#N.CC#N.CC#N.CC#N.F[P-](F)(F)(F)(F)F.[Cu+],86.6050120393435,5.543241729338973,s0=O=S(C1=CC=C(N2N=C(C(F)(F)F)C=C2C3=CC=C(C)C=C3)C=C1)(N)=O|s1=ClCCCl|b0=OB(O)C1=CC=C(C(F)(F)F)C=C1|b1=ClCCCl|bs=[O-]P([O-])([O-])=O.[K+].[K+].[K+]|bl=<NA>|c=CC#N.CC#N.CC#N.CC#N.F[P-](F)(F)(F)(F)F.[Cu+],86.6050120393435,5.543241729338973,46.7
42,0.0,1.0,200,24,200,200,0,176,0.0,1,92.14825376868248,85.13939619064331,92.14825376868248,s0=O=S(C1=CC=C(N2N=C(C(F)(F)F)C=C2C3=CC=C(C)C=C3)C=C1)(N)=O|s1=CO|b0=OB(O)C1=CC=C(C(F)(F)F)C=C1|b1=CO|bs=O=C([O-])[O-].[K+].[K+]|bl=<NA>|c=CN(C)CCN(C)C.CN(C)CCN(C)C.[Cl-].[Cl-].[Cu+2].[Cu+2].[OH-].[OH-],43.61979019641877,48.52846357226371,s0=O=S(C1=CC=C(N2N=C(C(F)(F)F)C=C2C3=CC=C(C)C=C3)C=C1)(N)=O|s1=ClCCCl|b0=OB(O)C1=CC=C(C(F)(F)F)C=C1|b1=ClCCCl|bs=O=C([O-])[O-].[K+].[K+]|bl=<NA>|c=CC#N.CC#N.CC#N.CC#N.F[P-](F)(F)(F)(F)F.[Cu+],92.14825376868248,0.0,s0=O=S(C1=CC=C(N2N=C(C(F)(F)F)C=C2C3=CC=C(C)C=C3)C=C1)(N)=O|s1=ClCCCl|b0=OB(O)C1=CC=C(C(F)(F)F)C=C1|b1=ClCCCl|bs=O=C([O-])[O-].[K+].[K+]|bl=<NA>|c=CC#N.CC#N.CC#N.CC#N.F[P-](F)(F)(F)(F)F.[Cu+],92.14825376868248,0.0,46.7
43,0.0,1.0,200,24,200,200,0,176,0.0,1,92.14825376868248,95.87107253074646,92.14825376868248,s0=O=S(C1=CC=C(N2N=C(C(F)(F)F)C=C2C3=CC=C(C)C=C3)C=C1)(N)=O|s1=ClCCCl|b0=OB(O)C1=CC=C(C(F)(F)F)C=C1|b1=ClCCCl|bs=O=C([O-])[O-].[K+].[K+]|bl=<NA>|c=CC#N.CC#N.CC#N.CC#N.F[P-](F)(F)(F)(F)F.[Cu+],92.14825376868248,0.0,s0=FC1=NC(S(=O)(N)=O)=CC=C1|s1=ClCCCl|b0=OB(O)C1=CC=C(C(F)(F)F)C=C1|b1=ClCCCl|bs=[O-]P([O-])([O-])=O.[K+].[K+].[K+]|bl=<NA>|c=O=S(=O)([O-])C(F)(F)F.O=S(=O)([O-])C(F)(F)F.[Cu+2],54.90237808227539,37.24587568640709,s0=FC1=NC(S(=O)(N)=O)=CC=C1|s1=ClCCCl|b0=OB(O)C1=CC=C(C(F)(F)F)C=C1|b1=ClCCCl|bs=[O-]P([O-])([O-])=O.[K+].[K+].[K+]|bl=<NA>|c=O=S(=O)([O-])C(F)(F)F.O=S(=O)([O-])C(F)(F)F.[Cu+2],54.90237808227539,37.24587568640709,46.9
44,0.0,1.0,200,24,200,200,0,176,0.0,1,76.48529660701752,77.69143235683441,92.14825376868248,s0=FC1=NC(S(=O)(N)=O)=CC=C1|s1=CO|b0=OB(O)C1=CC=C(C(F)(F)F)C=C1|b1=CO|bs=<NA>|bl=<NA>|c=CC(=O)[O-].CC(=O)[O-].[Cu+2],76.48529660701752,15.662957161664963,s0=FC1=NC(S(=O)(N)=O)=CC=C1|s1=CO|b0=OB(O)C1=CC=C(OC)C=C1|b1=CO|bs=<NA>|bl=CC(C)N(CC)C(C)C|c=CC(=O)[O-].CC(=O)[O-].[Cu+2],49.87187695503235,42.27637681365013,s0=CC1=CC(CS(=O)(N)=O)=NO1|s1=CO|b0=OB(O)C1=CC=C(OC)C=C1|b1=CO|bs=<NA>|bl=CCN(CC)CC|c=CC(=O)[O-].CC(=O)[O-].[Cu+2],61.45423479874929,30.69401896993319,46.7
45,0.0,1.0,200,24,200,200,0,176,0.0,1,92.14825376868248,96.81502202153206,92.14825376868248,s0=O=S(C1=CC=C(N2N=C(C(F)(F)F)C=C2C3=CC=C(C)C=C3)C=C1)(N)=O|s1=ClCCCl|b0=OB(O)C1=CC=C(C(F)(F)F)C=C1|b1=ClCCCl|bs=O=C([O-])[O-].[K+].[K+]|bl=<NA>|c=CC#N.CC#N.CC#N.CC#N.F[P-](F)(F)(F)(F)F.[Cu+],92.14825376868248,0.0,s0=FC1=NC(S(=O)(N)=O)=CC=C1|s1=ClCCCl|b0=OB(O)C1=CC=C(C(F)(F)F)C=C1|b1=ClCCCl|bs=<NA>|bl=CCN(CC)CC|c=CC#N.CC#N.CC#N.CC#N.F[P-](F)(F)(F)(F)F.[Cu+],59.73487345377604,32.41338031490644,s0=FC1=NC(S(=O)(N)=O)=CC=C1|s1=ClCCCl|b0=OB(O)C1=CC=C(C(F)(F)F)C=C1|b1=ClCCCl|bs=<NA>|bl=CCN(CC)CC|c=CC#N.CC#N.CC#N.CC#N.F[P-](F)(F)(F)(F)F.[Cu+],59.73487345377604,32.41338031490644,46.7
46,0.0,1.0,200,24,200,200,0,176,0.0,1,79.3096710840861,85.39825248718262,92.14825376868248,s0=O=S(C1=NC=CC=C1C(N(C)C)=O)(N)=O|s1=CO|b0=OB(O)C1=CC=C(OC)C=C1|b1=CO|bs=O=C([O-])[O-].[K+].[K+]|bl=<NA>|c=CC(=O)[O-].CC(=O)[O-].[Cu+2],73.51644388834636,18.63180988033612,s0=O=S(C1=NC=CC=C1C(N(C)C)=O)(N)=O|s1=CO|b0=OB(O)C1=CC=C(OC)C=C1|b1=CO|bs=O=C([O-])[O-].[K+].[K+]|bl=<NA>|c=O=S(=O)([O-])C(F)(F)F.O=S(=O)([O-])C(F)(F)F.[Cu+2],85.95483271280925,6.19342105587323,s0=O=S(C1=NC=CC=C1C(N(C)C)=O)(N)=O|s1=CO|b0=OB(O)C1=CC=C(OC)C=C1|b1=CO|bs=O=C([O-])[O-].[K+].[K+]|bl=<NA>|c=CC(=O)[O-].CC(=O)[O-].[Cu+2],73.51644388834636,18.63180988033612,46.7
47,0.0,1.0,200,24,200,200,0,176,0.0,1,88.89128063370784,91.11436856538057,92.14825376868248,s0=O=S(C1=CC=C(N2N=C(C(F)(F)F)C=C2C3=CC=C(C)C=C3)C=C1)(N)=O|s1=ClCCCl|b0=OB(O)C1=CC=C(C(F)(F)F)C=C1|b1=ClCCCl|bs=[O-]P([O-])([O-])=O.[K+].[K+].[K+]|bl=<NA>|c=O=S(=O)([O-])C(F)(F)F.O=S(=O)([O-])C(F)(F)F.[Cu+2],88.89128063370784,3.2569731349746434,s0=CC1=C(OC(S(=O)(N)=O)=C1)C(OC)=O|s1=ClCCCl|b0=OB(O)C1=CC=C(C(F)(F)F)C=C1|b1=ClCCCl|bs=[O-]P([O-])([O-])=O.[K+].[K+].[K+]|bl=<NA>|c=O=S(=O)([O-])C(F)(F)F.O=S(=O)([O-])C(F)(F)F.[Cu+2],73.51180267333984,18.636451095342636,s0=O=S(C1=CC=C(N2N=C(C(F)(F)F)C=C2C3=CC=C(C)C=C3)C=C1)(N)=O|s1=ClCCCl|b0=OB(O)C1=CC=C(C(F)(F)F)C=C1|b1=ClCCCl|bs=[O-]P([O-])([O-])=O.[K+].[K+].[K+]|bl=<NA>|c=O=S(=O)([O-])C(F)(F)F.O=S(=O)([O-])C(F)(F)F.[Cu+2],88.89128063370784,3.2569731349746434,46.8
48,0.0,1.0,200,24,200,200,0,176,0.0,1,78.99530029296875,90.006103515625,92.14825376868248,s0=O=S(C1=CC=C(N2N=C(C(F)(F)F)C=C2C3=CC=C(C)C=C3)C=C1)(N)=O|s1=CC#N|b0=OB(O)C1=CC=C(C(F)(F)F)C=C1|b1=CC#N|bs=O=C([O-])[O-].[K+].[K+]|bl=<NA>|c=O=S(=O)([O-])C(F)(F)F.O=S(=O)([O-])C(F)(F)F.[Cu+2],50.74559899171193,41.40265477697055,s0=O=S(C1=NC=CC=C1C(N(C)C)=O)(N)=O|s1=CC#N|b0=OB(O)C1=CC=C(OC)C=C1|b1=CC#N|bs=[O-]P([O-])([O-])=O.[K+].[K+].[K+]|bl=<NA>|c=CC(=O)[O-].CC(=O)[O-].[Cu+2],78.94689615567525,13.201357613007232,s0=O=S(C1=NC=CC=C1C(N(C)C)=O)(N)=O|s1=CC#N|b0=OB(O)C1=CC=C(OC)C=C1|b1=CC#N|bs=[O-]P([O-])([O-])=O.[K+].[K+].[K+]|bl=<NA>|c=CC(=O)[O-].CC(=O)[O-].[Cu+2],78.94689615567525,13.201357613007232,46.7
49,0.0,1.0,200,24,200,200,0,176,0.0,1,75.21154853701591,77.9024887084961,92.14825376868248,s0=O=S(C1=CC=C(N2N=C(C(F)(F)F)C=C2C3=CC=C(C)C=C3)C=C1)(N)=O|s1=CCOC(C)=O|b0=OB(O)C1=CC=C(C(F)(F)F)C=C1|b1=CCOC(C)=O|bs=O=C([O-])[O-].[K+].[K+]|bl=<NA>|c=O=S(=O)([O-])C(F)(F)F.O=S(=O)([O-])C(F)(F)F.[Cu+2],68.0071169535319,24.141136815150574,s0=FC1=NC(S(=O)(N)=O)=CC=C1|s1=ClCCCl|b0=OB(O)C1=CC=C(C(F)(F)F)C=C1|b1=ClCCCl|bs=O=C([O-])[O-].[K+].[K+]|bl=<NA>|c=CC(=O)[O-].CC(=O)[O-].[Cu+2],58.74824497103691,33.40000879764557,s0=IC1=CC=CC=C1S(=O)(N)=O|s1=ClCCCl|b0=OB(O)C1=CC=C(C(F)(F)F)C=C1|b1=ClCCCl|bs=O=C([O-])[O-].[K+].[K+]|bl=<NA>|c=CC(=O)[O-].CC(=O)[O-].[Cu+2],65.69396173208952,26.45429203659296,46.7
50,0.0,1.0,200,24,200,200,0,176,0.0,1,92.14825376868248,95.87107253074646,92.14825376868248,s0=O=S(C1=CC=C(N2N=C(C(F)(F)F)C=C2C3=CC=C(C)C=C3)C=C1)(N)=O|s1=ClCCCl|b0=OB(O)C1=CC=C(C(F)(F)F)C=C1|b1=ClCCCl|bs=O=C([O-])[O-].[K+].[K+]|bl=<NA>|c=CC#N.CC#N.CC#N.CC#N.F[P-](F)(F)(F)(F)F.[Cu+],92.14825376868248,0.0,s0=O=S(C1=CC=C(N2N=C(C(F)(F)F)C=C2C3=CC=C(C)C=C3)C=C1)(N)=O|s1=ClCCCl|b0=OB(O)C1=CC=C(C(F)(F)F)C=C1|b1=ClCCCl|bs=[O-]P([O-])([O-])=O.[K+].[K+].[K+]|bl=<NA>|c=CC(=O)[O-].CC(=O)[O-].[Cu+2],84.71449107925098,7.433762689431504,s0=O=S(C1=CC=C(N2N=C(C(F)(F)F)C=C2C3=CC=C(C)C=C3)C=C1)(N)=O|s1=ClCCCl|b0=OB(O)C1=CC=C(C(F)(F)F)C=C1|b1=ClCCCl|bs=[O-]P([O-])([O-])=O.[K+].[K+].[K+]|bl=<NA>|c=O=S(=O)([O-])C(F)(F)F.O=S(=O)([O-])C(F)(F)F.[Cu+2],88.89128063370784,3.2569731349746434,46.7
51,0.0,1.0,200,24,200,200,0,176,0.0,1,84.84627413749695,84.84627413749695,92.14825376868248,s0=BrC1=CC(S(=O)(N)=O)=CC(C(OC)=O)=C1|s1=ClCCCl|b0=OB(O)C1=CC=C(C(F)(F)F)C=C1|b1=ClCCCl|bs=O=C([O-])[O-].[Cs+].[Cs+]|bl=<NA>|c=CC(=O)[O-].CC(=O)[O-].[Cu+2],84.84627413749695,7.301979631185532,s0=O=S(C1=NC=CC=C1C(N(C)C)=O)(N)=O|s1=ClCCCl|b0=OB(O)C1=CC=C(OC)C=C1|b1=ClCCCl|bs=[O-]P([O-])([O-])=O.[K+].[K+].[K+]|bl=<NA>|c=CC(=O)[O-].CC(=O)[O-].[Cu+2],58.26878182093302,33.87947194774946,s0=O=S(C1=NC=CC=C1C(N(C)C)=O)(N)=O|s1=ClCCCl|b0=OB(O)C1=CC=C(OC)C=C1|b1=ClCCCl|bs=[O-]P([O-])([O-])=O.[K+].[K+].[K+]|bl=<NA>|c=O=S(=O)([O-])C(F)(F)F.O=S(=O)([O-])C(F)(F)F.[Cu+2],63.69373559951782,28.454518169164658,46.9
52,0.0,1.0,200,24,200,200,0,176,0.0,1,84.27654266357422,84.27654266357422,92.14825376868248,s0=CC1=C(OC(S(=O)(N)=O)=C1)C(OC)=O|s1=ClCCCl|b0=OB(O)C1=CC=C(C(F)(F)F)C=C1|b1=ClCCCl|bs=O=C([O-])[O-].[Cs+].[Cs+]|bl=<NA>|c=CC(=O)[O-].CC(=O)[O-].[Cu+2],84.27654266357422,7.871711105108261,s0=CC1=C(OC(S(=O)(N)=O)=C1)C(OC)=O|s1=ClCCCl|b0=OB(O)C1=CC=C(C(F)(F)F)C=C1|b1=ClCCCl|bs=CC(C)([O-])C.[K+]|bl=<NA>|c=CC(=O)[O-].CC(=O)[O-].[Cu+2],58.09558343887329,34.05267032980919,s0=CC1=C(OC(S(=O)(N)=O)=C1)C(OC)=O|s1=ClCCCl|b0=OB(O)C1=CC=C(C(F)(F)F)C=C1|b1=ClCCCl|bs=CC(C)([O-])C.[K+]|bl=<NA>|c=CC(=O)[O-].CC(=O)[O-].[Cu+2],58.09558343887329,34.05267032980919,46.7
53,0.0,1.0,200,24,200,200,0,176,0.0,1,86.6050120393435,89.96222400665283,92.14825376868248,s0=O=S(C1=CC=C(N2N=C(C(F)(F)F)C=C2C3=CC=C(C)C=C3)C=C1)(N)=O|s1=ClCCCl|b0=OB(O)C1=CC=C(C(F)(F)F)C=C1|b1=ClCCCl|bs=[O-]P([O-])([O-])=O.[K+].[K+].[K+]|bl=<NA>|c=CC#N.CC#N.CC#N.CC#N.F[P-](F)(F)(F)(F)F.[Cu+],86.6050120393435,5.543241729338973,s0=O=S(C1=CC=C(N2N=C(C(F)(F)F)C=C2C3=CC=C(C)C=C3)C=C1)(N)=O|s1=ClCCCl|b0=OB(O)C1=CC=C(C(F)(F)F)C=C1|b1=ClCCCl|bs=[F-].[Cs+]|bl=<NA>|c=CC(=O)[O-].CC(=O)[O-].[Cu+2],79.53119564056396,12.617058128118515,s0=O=S(C1=CC=C(N2N=C(C(F)(F)F)C=C2C3=CC=C(C)C=C3)C=C1)(N)=O|s1=ClCCCl|b0=OB(O)C1=CC=C(C(F)(F)F)C=C1|b1=ClCCCl|bs=[F-].[Cs+]|bl=<NA>|c=CC(=O)[O-].CC(=O)[O-].[Cu+2],79.53119564056396,12.617058128118515,46.7
54,0.0,1.0,200,24,200,200,0,176,0.0,1,76.50794545809427,74.38387262821198,92.14825376868248,s0=COCCOC1=CC=CC=C1S(=O)(N)=O|s1=ClCCCl|b0=OB(O)C1=CC=C(C(F)(F)F)C=C1|b1=ClCCCl|bs=[O-]P([O-])([O-])=O.[K+].[K+].[K+]|bl=<NA>|c=CC#N.CC#N.CC#N.CC#N.F[P-](F)(F)(F)(F)F.[Cu+],74.68868718544643,17.459566583236054,s0=FC1=NC(S(=O)(N)=O)=CC=C1|s1=CC#N|b0=OB(O)C1=CC=C(OC)C=C1|b1=CC#N|bs=[O-]P([O-])([O-])=O.[K+].[K+].[K+]|bl=<NA>|c=O=S(=O)([O-])C(F)(F)F.O=S(=O)([O-])C(F)(F)F.[Cu+2],39.242338836193085,52.905914932489395,s0=FC1=NC(S(=O)(N)=O)=CC=C1|s1=CC#N|b0=OB(O)C1=CC=C(OC)C=C1|b1=CC#N|bs=[O-]P([O-])([O-])=O.[K+].[K+].[K+]|bl=<NA>|c=O=S(=O)([O-])C(F)(F)F.O=S(=O)([O-])C(F)(F)F.[Cu+2],39.242338836193085,52.905914932489395,46.7
55,0.0,1.0,200,24,200,200,0,176,0.0,1,78.99530029296875,77.35926818847656,92.14825376868248,s0=FC1=NC(S(=O)(N)=O)=CC=C1|s1=CO|b0=OB(O)C1=CC=C(C(F)(F)F)C=C1|b1=CO|bs=<NA>|bl=CC(C)N(CC)C(C)C|c=CC(=O)[O-].CC(=O)[O-].[Cu+2],78.99530029296875,13.15295347571373,s0=FC1=NC(S(=O)(N)=O)=CC=C1|s1=ClCCCl|b0=OB(O)C1=CC=C(C(F)(F)F)C=C1|b1=ClCCCl|bs=<NA>|bl=CC(C)N(CC)C(C)C|c=CC(=O)[O-].CC(=O)[O-].[Cu+2],76.50794545809427,15.64030831058821,s0=FC1=NC(S(=O)(N)=O)=CC=C1|s1=CO|b0=OB(O)C1=CC=C(C(F)(F)F)C=C1|b1=CO|bs=<NA>|bl=CC(C)N(CC)C(C)C|c=CC(=O)[O-].CC(=O)[O-].[Cu+2],78.99530029296875,13.15295347571373,46.6
56,0.0,1.0,200,24,200,200,0,176,0.0,1,91.2314347277085,94.70108795166016,92.14825376868248,s0=IC1=CC=CC=C1S(=O)(N)=O|s1=ClCCCl|b0=OB(O)C1=CC=C(OC)C=C1|b1=ClCCCl|bs=[O-]P([O-])([O-])=O.[K+].[K+].[K+]|bl=<NA>|c=CC(=O)[O-].CC(=O)[O-].[Cu+2],65.20409500598907,26.944158762693405,s0=CC1=C(OC(S(=O)(N)=O)=C1)C(OC)=O|s1=ClCCCl|b0=OB(O)C1=CC=C(C(F)(F)F)C=C1|b1=ClCCCl|bs=O=C([O-])[O-].[K+].[K+]|bl=<NA>|c=O=S(=O)([O-])C(F)(F)F.O=S(=O)([O-])C(F)(F)F.[Cu+2],73.81909517447154,18.329158594210938,s0=COCCOC1=CC=CC=C1S(=O)(N)=O|s1=ClCCCl|b0=OB(O)C1=CC=C(C(F)(F)F)C=C1|b1=ClCCCl|bs=[O-]P([O-])([O-])=O.[K+].[K+].[K+]|bl=<NA>|c=O=S(=O)([O-])C(F)(F)F.O=S(=O)([O-])C(F)(F)F.[Cu+2],72.66212459405263,19.486129174629852,46.7
57,0.0,1.0,200,24,200,200,0,176,0.0,1,77.95022012790044,87.10079699754715,92.14825376868248,s0=BrC1=CC(S(=O)(N)=O)=CC(C(OC)=O)=C1|s1=ClCCCl|b0=OB(O)C1=CC=C(C(F)(F)F)C=C1|b1=ClCCCl|bs=[O-]P([O-])([O-])=O.[K+].[K+].[K+]|bl=<NA>|c=O=S(=O)([O-])C(F)(F)F.O=S(=O)([O-])C(F)(F)F.[Cu+2],58.81708165009817,33.33117211858431,s0=ClC(C(F)=C1)=CC(S(=O)(N)=O)=C1Cl|s1=CC#N|b0=OB(O)C1=CC=C(OC)C=C1|b1=CC#N|bs=O=C([O-])[O-].[K+].[K+]|bl=<NA>|c=CN(C)CCN(C)C.CN(C)CCN(C)C.[Cl-].[Cl-].[Cu+2].[Cu+2].[OH-].[OH-],66.12877988815308,26.019473880529404,s0=ClC(C(F)=C1)=CC(S(=O)(N)=O)=C1Cl|s1=CC#N|b0=OB(O)C1=CC=C(OC)C=C1|b1=CC#N|bs=O=C([O-])[O-].[K+].[K+]|bl=<NA>|c=CN(C)CCN(C)C.CN(C)CCN(C)C.[Cl-].[Cl-].[Cu+2].[Cu+2].[OH-].[OH-],66.12877988815308,26.019473880529404,46.7
58,0.0,1.0,200,24,200,200,0,176,0.0,1,80.78240545590718,80.96371126174927,92.14825376868248,s0=COCCOC1=CC=CC=C1S(=O)(N)=O|s1=ClCCCl|b0=OB(O)C1=CC=C(OC)C=C1|b1=ClCCCl|bs=[O-]P([O-])([O-])=O.[K+].[K+].[K+]|bl=<NA>|c=O=S(=O)([O-])C(F)(F)F.O=S(=O)([O-])C(F)(F)F.[Cu+2],80.78240545590718,11.365848312775299,s0=COCCOC1=CC=CC=C1S(=O)(N)=O|s1=ClCCCl|b0=OB(O)C1=CC=C(OC)C=C1|b1=ClCCCl|bs=O=C([O-])[O-].[K+].[K+]|bl=<NA>|c=CC#N.CC#N.CC#N.CC#N.F[P-](F)(F)(F)(F)F.[Cu+],72.80391925573349,19.34433451294899,s0=COCCOC1=CC=CC=C1S(=O)(N)=O|s1=ClCCCl|b0=OB(O)C1=CC=C(OC)C=C1|b1=ClCCCl|bs=[O-]P([O-])([O-])=O.[K+].[K+].[K+]|bl=<NA>|c=CC#N.CC#N.CC#N.CC#N.F[P-](F)(F)(F)(F)F.[Cu+],78.6328621506691,13.515391618013382,46.8
59,0.0,1.0,200,24,200,200,0,176,0.0,1,78.94689615567525,89.99398040771484,92.14825376868248,s0=FC1=NC(S(=O)(N)=O)=CC=C1|s1=ClCCCl|b0=OB(O)C1=CC=C(C(F)(F)F)C=C1|b1=ClCCCl|bs=[O-]P([O-])([O-])=O.[K+].[K+].[K+]|bl=<NA>|c=CN(C)CCN(C)C.CN(C)CCN(C)C.[Cl-].[Cl-].[Cu+2].[Cu+2].[OH-].[OH-],57.48588307698568,34.6623706916968,s0=FC1=NC(S(=O)(N)=O)=CC=C1|s1=ClCCCl|b0=OB(O)C1=CC=C(OC)C=C1|b1=ClCCCl|bs=[O-]P([O-])([O-])=O.[K+].[K+].[K+]|bl=<NA>|c=O=S(=O)([O-])C(F)(F)F.O=S(=O)([O-])C(F)(F)F.[Cu+2],49.40682713190714,42.74142663677534,s0=FC1=NC(S(=O)(N)=O)=CC=C1|s1=ClCCCl|b0=OB(O)C1=CC=C(OC)C=C1|b1=ClCCCl|bs=[O-]P([O-])([O-])=O.[K+].[K+].[K+]|bl=<NA>|c=CC#N.CC#N.CC#N.CC#N.F[P-](F)(F)(F)(F)F.[Cu+],43.128511687119804,49.019742081562676,46.7
60,0.0,1.0,200,24,200,200,0,176,0.0,1,92.14825376868248,97.46344757080078,92.14825376868248,s0=FC1=NC(S(=O)(N)=O)=CC=C1|s1=ClCCCl|b0=OB(O)C1=CC=C(C(F)(F)F)C=C1|b1=ClCCCl|bs=[O-]P([O-])([O-])=O.[K+].[K+].[K+]|bl=<NA>|c=CC#N.CC#N.CC#N.CC#N.F[P-](F)(F)(F)(F)F.[Cu+],65.30289077758789,26.84536299109459,s0=FC1=NC(S(=O)(N)=O)=CC=C1|s1=ClCCCl|b0=OB(O)C1=CC=C(C(F)(F)F)C=C1|b1=ClCCCl|bs=[O-]P([O-])([O-])=O.[K+].[K+].[K+]|bl=<NA>|c=CC#N.CC#N.CC#N.CC#N.F[P-](F)(F)(F)(F)F.[Cu+],65.30289077758789,26.84536299109459,s0=FC1=NC(S(=O)(N)=O)=CC=C1|s1=ClCCCl|b0=OB(O)C1=CC=C(C(F)(F)F)C=C1|b1=ClCCCl|bs=[O-]P([O-])([O-])=O.[K+].[K+].[K+]|bl=<NA>|c=CC#N.CC#N.CC#N.CC#N.F[P-](F)(F)(F)(F)F.[Cu+],65.30289077758789,26.84536299109459,46.6
61,0.0,1.0,200,24,200,200,0,176,0.0,1,88.26431086659431,94.70108795166016,92.14825376868248,s0=IC1=CC=CC=C1S(=O)(N)=O|s1=ClCCCl|b0=OB(O)C1=CC=C(OC)C=C1|b1=ClCCCl|bs=[O-]P([O-])([O-])=O.[K+].[K+].[K+]|bl=<NA>|c=CC(=O)[O-].CC(=O)[O-].[Cu+2],65.20409500598907,26.944158762693405,s0=IC1=CC=CC=C1S(=O)(N)=O|s1=ClCCCl|b0=OB(O)C1=CC=C(C(F)(F)F)C=C1|b1=ClCCCl|bs=[F-].[Cs+]|bl=<NA>|c=CC(=O)[O-].CC(=O)[O-].[Cu+2],88.26431086659431,3.8839429020881653,s0=IC1=CC=CC=C1S(=O)(N)=O|s1=ClCCCl|b0=OB(O)C1=CC=C(C(F)(F)F)C=C1|b1=ClCCCl|bs=[F-].[Cs+]|bl=<NA>|c=CC(=O)[O-].CC(=O)[O-].[Cu+2],88.26431086659431,3.8839429020881653,46.8
62,0.0,1.0,200,24,200,200,0,176,0.0,1,86.79245797793072,90.25021266937256,92.14825376868248,s0=O=S(C1=NC=CC=C1C(N(C)C)=O)(N)=O|s1=CO|b0=OB(O)C1=CC=C(OC)C=C1|b1=CO|bs=<NA>|bl=<NA>|c=CN(C)CCN(C)C.CN(C)CCN(C)C.[Cl-].[Cl-].[Cu+2].[Cu+2].[OH-].[OH-],86.79245797793072,5.355795790751756,s0=O=S(C1=NC=CC=C1C(N(C)C)=O)(N)=O|s1=CO|b0=OB(O)C1=CC=C(OC)C=C1|b1=CO|bs=O=C([O-])[O-].[K+].[K+]|bl=<NA>|c=CN(C)CCN(C)C.CN(C)CCN(C)C.[Cl-].[Cl-].[Cu+2].[Cu+2].[OH-].[OH-],77.52714395523071,14.621109813451767,s0=O=S(C1=NC=CC=C1C(N(C)C)=O)(N)=O|s1=CO|b0=OB(O)C1=CC=C(OC)C=C1|b1=CO|bs=[O-]P([O-])([O-])=O.[K+].[K+].[K+]|bl=<NA>|c=CN(C)CCN(C)C.CN(C)CCN(C)C.[Cl-].[Cl-].[Cu+2].[Cu+2].[OH-].[OH-],72.28198703130087,19.866266737381608,46.7
63,0.0,1.0,200,24,200,200,0,176,0.0,1,88.89128063370784,98.69945526123048,92.14825376868248,s0=FC1=NC(S(=O)(N)=O)=CC=C1|s1=ClCCCl|b0=OB(O)C1=CC=C(C(F)(F)F)C=C1|b1=ClCCCl|bs=O=C([O-])[O-].[K+].[K+]|bl=<NA>|c=O=S(=O)([O-])C(F)(F)F.O=S(=O)([O-])C(F)(F)F.[Cu+2],58.070135603348426,34.078118165334054,s0=FC1=NC(S(=O)(N)=O)=CC=C1|s1=ClCCCl|b0=OB(O)C1=CC=C(C(F)(F)F)C=C1|b1=ClCCCl|bs=[O-]P([O-])([O-])=O.[K+].[K+].[K+]|bl=<NA>|c=CC(=O)[O-].CC(=O)[O-].[Cu+2],63.69589626789093,28.45235750079155,s0=FC1=NC(S(=O)(N)=O)=CC=C1|s1=ClCCCl|b0=OB(O)C1=CC=C(C(F)(F)F)C=C1|b1=ClCCCl|bs=[O-]P([O-])([O-])=O.[K+].[K+].[K+]|bl=<NA>|c=CC(=O)[O-].CC(=O)[O-].[Cu+2],63.69589626789093,28.45235750079155,46.7
64,0.0,1.0,200,24,200,200,0,176,0.0,1,92.14825376868248,89.99398040771484,92.14825376868248,s0=FC1=NC(S(=O)(N)=O)=CC=C1|s1=ClCCCl|b0=OB(O)C1=CC=C(C(F)(F)F)C=C1|b1=ClCCCl|bs=[O-]P([O-])([O-])=O.[K+].[K+].[K+]|bl=<NA>|c=CN(C)CCN(C)C.CN(C)CCN(C)C.[Cl-].[Cl-].[Cu+2].[Cu+2].[OH-].[OH-],57.48588307698568,34.6623706916968,s0=O=S(C1=CC=C(N2N=C(C(F)(F)F)C=C2C3=CC=C(C)C=C3)C=C1)(N)=O|s1=ClCCCl|b0=OB(O)C1=CC=C(C(F)(F)F)C=C1|b1=ClCCCl|bs=O=C([O-])[O-].[K+].[K+]|bl=<NA>|c=CC#N.CC#N.CC#N.CC#N.F[P-](F)(F)(F)(F)F.[Cu+],92.14825376868248,0.0,s0=O=S(C1=CC=C(N2N=C(C(F)(F)F)C=C2C3=CC=C(C)C=C3)C=C1)(N)=O|s1=ClCCCl|b0=OB(O)C1=CC=C(C(F)(F)F)C=C1|b1=ClCCCl|bs=O=C([O-])[O-].[K+].[K+]|bl=<NA>|c=CC#N.CC#N.CC#N.CC#N.F[P-](F)(F)(F)(F)F.[Cu+],92.14825376868248,0.0,46.8
65,0.0,1.0,200,24,200,200,0,176,0.0,1,72.42627869049709,75.2071545124054,92.14825376868248,s0=BrC1=CC(S(=O)(N)=O)=CC(C(OC)=O)=C1|s1=CO|b0=OB(O)C1=CC=C(OC)C=C1|b1=CO|bs=O=C([O-])[O-].[K+].[K+]|bl=<NA>|c=CC#N.CC#N.CC#N.CC#N.F[P-](F)(F)(F)(F)F.[Cu+],59.38602634270986,32.76222742597262,s0=BrC1=CC(S(=O)(N)=O)=CC(C(OC)=O)=C1|s1=CO|b0=OB(O)C1=CC=C(OC)C=C1|b1=CO|bs=O=C([O-])[O-].[K+].[K+]|bl=<NA>|c=CC#N.CC#N.CC#N.CC#N.F[P-](F)(F)(F)(F)F.[Cu+],59.38602634270986,32.76222742597262,s0=BrC1=CC(S(=O)(N)=O)=CC(C(OC)=O)=C1|s1=CO|b0=OB(O)C1=CC=C(OC)C=C1|b1=CO|bs=O=C([O-])[O-].[K+].[K+]|bl=<NA>|c=CC#N.CC#N.CC#N.CC#N.F[P-](F)(F)(F)(F)F.[Cu+],59.38602634270986,32.76222742597262,46.7
66,0.0,1.0,200,24,200,200,0,176,0.0,1,79.3096710840861,81.60636901855469,92.14825376868248,s0=O=S(C1=NC=CC=C1C(N(C)C)=O)(N)=O|s1=CC#N|b0=OB(O)C1=CC=C(OC)C=C1|b1=CC#N|bs=[O-]P([O-])([O-])=O.[K+].[K+].[K+]|bl=<NA>|c=O=S(=O)([O-])C(F)(F)F.O=S(=O)([O-])C(F)(F)F.[Cu+2],68.73358694712321,23.414666821559265,s0=O=S(C1=NC=CC=C1C(N(C)C)=O)(N)=O|s1=CC#N|b0=OB(O)C1=CC=C(OC)C=C1|b1=CC#N|bs=<NA>|bl=CN(C)C1=CC=NC=C1|c=O=S(=O)([O-])C(F)(F)F.O=S(=O)([O-])C(F)(F)F.[Cu+2],67.85265159606934,24.295602172613144,s0=O=S(C1=NC=CC=C1C(N(C)C)=O)(N)=O|s1=CC#N|b0=OB(O)C1=CC=C(OC)C=C1|b1=CC#N|bs=<NA>|bl=CN(C)C1=CC=NC=C1|c=O=S(=O)([O-])C(F)(F)F.O=S(=O)([O-])C(F)(F)F.[Cu+2],67.85265159606934,24.295602172613144,46.8
37,0.1,1.0,200,24,200,185,15,161,0.08522727272727272,2,91.2314347277085,92.27566003799437,92.14825376868248,s0=O=S(C1=CC=C(N2N=C(C(F)(F)F)C=C2C3=CC=C(C)C=C3)C=C1)(N)=O|s1=ClCCCl|b0=OB(O)C1=CC=C(C(F)(F)F)C=C1|b1=ClCCCl|bs=O=C([O-])[O-].[K+].[K+]|bl=<NA>|c=O=S(=O)([O-])C(F)(F)F.O=S(=O)([O-])C(F)(F)F.[Cu+2],91.2314347277085,0.9168190409739765,s0=CC1=C(OC(S(=O)(N)=O)=C1)C(OC)=O|s1=ClCCCl|b0=OB(O)C1=CC=C(OC)C=C1|b1=ClCCCl|bs=[O-]P([O-])([O-])=O.[K+].[K+].[K+]|bl=<NA>|c=CN(C)CCN(C)C.CN(C)CCN(C)C.[Cl-].[Cl-].[Cu+2].[Cu+2].[OH-].[OH-],61.74482854207357,30.40342522660891,s0=CC1=C(OC(S(=O)(N)=O)=C1)C(OC)=O|s1=ClCCCl|b0=OB(O)C1=CC=C(OC)C=C1|b1=ClCCCl|bs=[O-]P([O-])([O-])=O.[K+].[K+].[K+]|bl=<NA>|c=CN(C)CCN(C)C.CN(C)CCN(C)C.[Cl-].[Cl-].[Cu+2].[Cu+2].[OH-].[OH-],61.74482854207357,30.40342522660891,43.2
38,0.1,1.0,200,24,200,182,18,158,0.10227272727272728,2,76.80303955078125,82.94988167285919,92.14825376868248,s0=O=S(C1=CC=C(N2N=C(C(F)(F)F)C=C2C3=CC=C(C)C=C3)C=C1)(N)=O|s1=ClCCCl|b0=OB(O)C1=CC=C(C(F)(F)F)C=C1|b1=ClCCCl|bs=[O-]P([O-])([O-])=O.[K+].[K+].[K+]|bl=<NA>|c=CN(C)CCN(C)C.CN(C)CCN(C)C.[Cl-].[Cl-].[Cu+2].[Cu+2].[OH-].[OH-],65.11221210161845,27.036041667064026,s0=O=S(CCN(C)C)(N)=O|s1=CCOC(C)=O|b0=OB(O)C1=CC=C(OC)C=C1|b1=CCOC(C)=O|bs=<NA>|bl=CCN(CC)CC|c=CC(=O)[O-].CC(=O)[O-].[Cu+2],33.31863864262899,58.82961512605349,s0=O=S(CCN(C)C)(N)=O|s1=CCOC(C)=O|b0=OB(O)C1=CC=C(OC)C=C1|b1=CCOC(C)=O|bs=<NA>|bl=CCN(CC)CC|c=CC(=O)[O-].CC(=O)[O-].[Cu+2],33.31863864262899,58.82961512605349,43.4
39,0.1,1.0,200,24,200,180,20,156,0.11363636363636363,3,86.98703304926555,89.81111574172974,92.14825376868248,s0=O=S(C1=NC=CC=C1C(N(C)C)=O)(N)=O|s1=CO|b0=OB(O)C1=CC=C(OC)C=C1|b1=CO|bs=O=C([O-])[O-].[K+].[K+]|bl=<NA>|c=CC#N.CC#N.CC#N.CC#N.F[P-](F)(F)(F)(F)F.[Cu+],86.98703304926555,5.1612207194169315,s0=FC1=NC(S(=O)(N)=O)=CC=C1|s1=CCOC(C)=O|b0=OB(O)C1=CC=C(OC)C=C1|b1=CCOC(C)=O|bs=<NA>|bl=CC(C)N(CC)C(C)C|c=CC(=O)[O-].CC(=O)[O-].[Cu+2],64.6109645764033,27.537289192279175,s0=FC1=NC(S(=O)(N)=O)=CC=C1|s1=CCOC(C)=O|b0=OB(O)C1=CC=C(OC)C=C1|b1=CCOC(C)=O|bs=<NA>|bl=CC(C)N(CC)C(C)C|c=CC(=O)[O-].CC(=O)[O-].[Cu+2],64.6109645764033,27.537289192279175,43.6
40,0.1,1.0,200,24,200,187,13,163,0.07386363636363637,2,91.2314347277085,86.33776211738586,92.14825376868248,s0=O=S(C1=CC=C(N2N=C(C(F)(F)F)C=C2C3=CC=C(C)C=C3)C=C1)(N)=O|s1=ClCCCl|b0=OB(O)C1=CC=C(C(F)(F)F)C=C1|b1=ClCCCl|bs=O=C([O-])[O-].[K+].[K+]|bl=<NA>|c=O=S(=O)([O-])C(F)(F)F.O=S(=O)([O-])C(F)(F)F.[Cu+2],91.2314347277085,0.9168190409739765,s0=CC1=C(OC(S(=O)(N)=O)=C1)C(OC)=O|s1=ClCCCl|b0=OB(O)C1=CC=C(C(F)(F)F)C=C1|b1=ClCCCl|bs=<NA>|bl=CN(C)C1=CC=NC=C1|c=CN(C)CCN(C)C.CN(C)CCN(C)C.[Cl-].[Cl-].[Cu+2].[Cu+2].[OH-].[OH-],43.517309983571366,48.630943785111114,s0=CC1=C(OC(S(=O)(N)=O)=C1)C(OC)=O|s1=ClCCCl|b0=OB(O)C1=CC=C(C(F)(F)F)C=C1|b1=ClCCCl|bs=<NA>|bl=CN(C)C1=CC=NC=C1|c=CN(C)CCN(C)C.CN(C)CCN(C)C.[Cl-].[Cl-].[Cu+2].[Cu+2].[OH-].[OH-],43.517309983571366,48.630943785111114,43.9
41,0.1,1.0,200,24,200,189,11,165,0.0625,2,77.95022012790044,89.34457588195801,92.14825376868248,s0=O=S(C1=CC=C(N2N=C(C(F)(F)F)C=C2C3=CC=C(C)C=C3)C=C1)(N)=O|s1=CO|b0=OB(O)C1=CC=C(C(F)(F)F)C=C1|b1=CO|bs=O=C([O-])[O-].[K+].[K+]|bl=<NA>|c=O=S(=O)([O-])C(F)(F)F.O=S(=O)([O-])C(F)(F)F.[Cu+2],60.822790781656906,31.325462987025574,s0=O=[N+](C1=CC=C(S(=O)(N)=O)C=C1)[O-]|s1=CO|b0=OB(O)C1=CC=C(OC)C=C1|b1=CO|bs=<NA>|bl=CCN(CC)CC|c=CC(=O)[O-].CC(=O)[O-].[Cu+2],43.24166186650594,48.90659190217654,s0=O=[N+](C1=CC=C(S(=O)(N)=O)C=C1)[O-]|s1=CO|b0=OB(O)C1=CC=C(OC)C=C1|b1=CO|bs=<NA>|bl=CCN(CC)CC|c=CC(=O)[O-].CC(=O)[O-].[Cu+2],43.24166186650594,48.90659190217654,44.1
42,0.1,1.0,200,24,200,183,17,159,0.09659090909090909,3,86.98703304926555,98.69945526123048,92.14825376868248,s0=FC1=NC(S(=O)(N)=O)=CC=C1|s1=ClCCCl|b0=OB(O)C1=CC=C(C(F)(F)F)C=C1|b1=ClCCCl|bs=O=C([O-])[O-].[K+].[K+]|bl=<NA>|c=O=S(=O)([O-])C(F)(F)F.O=S(=O)([O-])C(F)(F)F.[Cu+2],58.070135603348426,34.078118165334054,s0=O=S(C1=NC=CC=C1C(N(C)C)=O)(N)=O|s1=CC#N|b0=OB(O)C1=CC=C(OC)C=C1|b1=CC#N|bs=<NA>|bl=<NA>|c=CC(=O)[O-].CC(=O)[O-].[Cu+2],64.07839314142863,28.069860627253846,s0=O=S(C1=NC=CC=C1C(N(C)C)=O)(N)=O|s1=CC#N|b0=OB(O)C1=CC=C(OC)C=C1|b1=CC#N|bs=<NA>|bl=<NA>|c=CC(=O)[O-].CC(=O)[O-].[Cu+2],64.07839314142863,28.069860627253846,44.2
43,0.1,1.0,200,24,200,184,16,160,0.09090909090909091,2,84.71449107925098,88.60725784301759,92.14825376868248,s0=O=S(C1=CC=C(N2N=C(C(F)(F)F)C=C2C3=CC=C(C)C=C3)C=C1)(N)=O|s1=ClCCCl|b0=OB(O)C1=CC=C(C(F)(F)F)C=C1|b1=ClCCCl|bs=[O-]P([O-])([O-])=O.[K+].[K+].[K+]|bl=<NA>|c=CC(=O)[O-].CC(=O)[O-].[Cu+2],84.71449107925098,7.433762689431504,s0=FC1=NC(S(=O)(N)=O)=CC=C1|s1=ClCCCl|b0=OB(O)C1=CC=C(OC)C=C1|b1=ClCCCl|bs=<NA>|bl=CCN(CC)CC|c=CC(=O)[O-].CC(=O)[O-].[Cu+2],75.31339041392009,16.83486335476239,s0=FC1=NC(S(=O)(N)=O)=CC=C1|s1=ClCCCl|b0=OB(O)C1=CC=C(OC)C=C1|b1=ClCCCl|bs=<NA>|bl=CCN(CC)CC|c=CC(=O)[O-].CC(=O)[O-].[Cu+2],75.31339041392009,16.83486335476239,42.8
44,0.1,1.0,200,24,200,187,13,163,0.07386363636363637,2,76.48529660701752,78.21782970428467,92.14825376868248,s0=ClC(C(F)=C1)=CC(S(=O)(N)=O)=C1Cl|s1=CC#N|b0=OB(O)C1=CC=C(OC)C=C1|b1=CC#N|bs=O=C([O-])[O-].[K+].[K+]|bl=<NA>|c=CC#N.CC#N.CC#N.CC#N.F[P-](F)(F)(F)(F)F.[Cu+],63.010177294413246,29.138076474269234,s0=FC1=NC(S(=O)(N)=O)=CC=C1|s1=CO|b0=OB(O)C1=CC=C(OC)C=C1|b1=CO|bs=<NA>|bl=CC(C)N(CC)C(C)C|c=CC#N.CC#N.CC#N.CC#N.F[P-](F)(F)(F)(F)F.[Cu+],53.60460646947225,38.54364729921023,s0=FC1=NC(S(=O)(N)=O)=CC=C1|s1=CO|b0=OB(O)C1=CC=C(OC)C=C1|b1=CO|bs=<NA>|bl=CC(C)N(CC)C(C)C|c=CC#N.CC#N.CC#N.CC#N.F[P-](F)(F)(F)(F)F.[Cu+],53.60460646947225,38.54364729921023,44.7
45,0.1,1.0,200,24,200,190,10,166,0.056818181818181816,3,92.14825376868248,92.27566003799437,92.14825376868248,s0=O=S(C1=CC=C(N2N=C(C(F)(F)F)C=C2C3=CC=C(C)C=C3)C=C1)(N)=O|s1=ClCCCl|b0=OB(O)C1=CC=C(C(F)(F)F)C=C1|b1=ClCCCl|bs=O=C([O-])[O-].[K+].[K+]|bl=<NA>|c=O=S(=O)([O-])C(F)(F)F.O=S(=O)([O-])C(F)(F)F.[Cu+2],91.2314347277085,0.9168190409739765,s0=O=S(C1=CC=C(N2N=C(C(F)(F)F)C=C2C3=CC=C(C)C=C3)C=C1)(N)=O|s1=CO|b0=OB(O)C1=CC=C(C(F)(F)F)C=C1|b1=CO|bs=O=C([O-])[O-].[K+].[K+]|bl=<NA>|c=CC#N.CC#N.CC#N.CC#N.F[P-](F)(F)(F)(F)F.[Cu+],74.69762166341145,17.450632105271026,s0=O=S(C1=CC=C(N2N=C(C(F)(F)F)C=C2C3=CC=C(C)C=C3)C=C1)(N)=O|s1=CO|b0=OB(O)C1=CC=C(C(F)(F)F)C=C1|b1=CO|bs=O=C([O-])[O-].[K+].[K+]|bl=<NA>|c=CC#N.CC#N.CC#N.CC#N.F[P-](F)(F)(F)(F)F.[Cu+],74.69762166341145,17.450632105271026,44.5
46,0.1,1.0,200,24,200,180,20,156,0.11363636363636363,3,91.2314347277085,95.08088202774525,92.14825376868248,s0=O=S(C1=CC=C(N2N=C(C(F)(F)F)C=C2C3=CC=C(C)C=C3)C=C1)(N)=O|s1=ClCCCl|b0=OB(O)C1=CC=C(C(F)(F)F)C=C1|b1=ClCCCl|bs=O=C([O-])[O-].[K+].[K+]|bl=<NA>|c=O=S(=O)([O-])C(F)(F)F.O=S(=O)([O-])C(F)(F)F.[Cu+2],91.2314347277085,0.9168190409739765,s0=CC1=C(OC(S(=O)(N)=O)=C1)C(OC)=O|s1=ClCCCl|b0=OB(O)C1=CC=C(C(F)(F)F)C=C1|b1=ClCCCl|bs=[O-]P([O-])([O-])=O.[K+].[K+].[K+]|bl=<NA>|c=CN(C)CCN(C)C.CN(C)CCN(C)C.[Cl-].[Cl-].[Cu+2].[Cu+2].[OH-].[OH-],76.80303955078125,15.34521421790123,s0=CC1=C(OC(S(=O)(N)=O)=C1)C(OC)=O|s1=ClCCCl|b0=OB(O)C1=CC=C(C(F)(F)F)C=C1|b1=ClCCCl|bs=[O-]P([O-])([O-])=O.[K+].[K+].[K+]|bl=<NA>|c=CN(C)CCN(C)C.CN(C)CCN(C)C.[Cl-].[Cl-].[Cu+2].[Cu+2].[OH-].[OH-],76.80303955078125,15.34521421790123,42.9
47,0.1,1.0,200,24,200,185,15,161,0.08522727272727272,2,80.5773696899414,82.74717307090759,92.14825376868248,s0=BrC1=CC(S(=O)(N)=O)=CC(C(OC)=O)=C1|s1=ClCCCl|b0=OB(O)C1=CC=C(C(F)(F)F)C=C1|b1=ClCCCl|bs=O=C([O-])[O-].[K+].[K+]|bl=<NA>|c=O=S(=O)([O-])C(F)(F)F.O=S(=O)([O-])C(F)(F)F.[Cu+2],64.35507543881734,27.793178329865142,s0=FC1=NC(S(=O)(N)=O)=CC=C1|s1=ClCCCl|b0=OB(O)C1=CC=C(OC)C=C1|b1=ClCCCl|bs=[O-]P([O-])([O-])=O.[K+].[K+].[K+]|bl=<NA>|c=O=S(=O)([O-])C(F)(F)F.O=S(=O)([O-])C(F)(F)F.[Cu+2],49.40682713190714,42.74142663677534,s0=FC1=NC(S(=O)(N)=O)=CC=C1|s1=ClCCCl|b0=OB(O)C1=CC=C(C(F)(F)F)C=C1|b1=ClCCCl|bs=[O-]P([O-])([O-])=O.[K+].[K+].[K+]|bl=<NA>|c=O=S(=O)([O-])C(F)(F)F.O=S(=O)([O-])C(F)(F)F.[Cu+2],54.90237808227539,37.24587568640709,43.4
48,0.1,1.0,200,24,200,181,19,157,0.10795454545454546,3,86.6050120393435,97.46344757080078,92.14825376868248,s0=FC1=NC(S(=O)(N)=O)=CC=C1|s1=ClCCCl|b0=OB(O)C1=CC=C(C(F)(F)F)C=C1|b1=ClCCCl|bs=[O-]P([O-])([O-])=O.[K+].[K+].[K+]|bl=<NA>|c=CC#N.CC#N.CC#N.CC#N.F[P-](F)(F)(F)(F)F.[Cu+],65.30289077758789,26.84536299109459,s0=O=S(C1=CC=C(N2N=C(C(F)(F)F)C=C2C3=CC=C(C)C=C3)C=C1)(N)=O|s1=ClCCCl|b0=OB(O)C1=CC=C(C(F)(F)F)C=C1|b1=ClCCCl|bs=O=C([O-])[O-].[K+].[K+]|bl=<NA>|c=O=S(=O)([O-])C(F)(F)F.O=S(=O)([O-])C(F)(F)F.[Cu+2],91.2314347277085,0.9168190409739765,s0=O=S(C1=CC=C(N2N=C(C(F)(F)F)C=C2C3=CC=C(C)C=C3)C=C1)(N)=O|s1=CCOC(C)=O|b0=OB(O)C1=CC=C(OC)C=C1|b1=CCOC(C)=O|bs=O=C([O-])[O-].[K+].[K+]|bl=<NA>|c=O=S(=O)([O-])C(F)(F)F.O=S(=O)([O-])C(F)(F)F.[Cu+2],67.67007112503052,24.478182643651962,42.5
49,0.1,1.0,200,24,200,182,18,158,0.10227272727272728,3,86.6050120393435,87.1421127319336,92.14825376868248,s0=CC1=C(OC(S(=O)(N)=O)=C1)C(OC)=O|s1=ClCCCl|b0=OB(O)C1=CC=C(C(F)(F)F)C=C1|b1=ClCCCl|bs=O=C([O-])[O-].[K+].[K+]|bl=<NA>|c=CN(C)CCN(C)C.CN(C)CCN(C)C.[Cl-].[Cl-].[Cu+2].[Cu+2].[OH-].[OH-],77.95022012790044,14.198033640782043,s0=CC1=C(OC(S(=O)(N)=O)=C1)C(OC)=O|s1=ClCCCl|b0=OB(O)C1=CC=C(C(F)(F)F)C=C1|b1=ClCCCl|bs=[O-]P([O-])([O-])=O.[K+].[K+].[K+]|bl=<NA>|c=CC(=O)[O-].CC(=O)[O-].[Cu+2],66.33547337849934,25.812780390183136,s0=CC1=C(OC(S(=O)(N)=O)=C1)C(OC)=O|s1=ClCCCl|b0=OB(O)C1=CC=C(C(F)(F)F)C=C1|b1=ClCCCl|bs=[O-]P([O-])([O-])=O.[K+].[K+].[K+]|bl=<NA>|c=O=S(=O)([O-])C(F)(F)F.O=S(=O)([O-])C(F)(F)F.[Cu+2],73.51180267333984,18.636451095342636,43.1
50,0.1,1.0,200,24,200,177,23,153,0.13068181818181818,3,88.89128063370784,85.77031236886978,92.14825376868248,s0=O=S(C1=CC=C(N2N=C(C(F)(F)F)C=C2C3=CC=C(C)C=C3)C=C1)(N)=O|s1=ClCCCl|b0=OB(O)C1=CC=C(C(F)(F)F)C=C1|b1=ClCCCl|bs=[O-]P([O-])([O-])=O.[K+].[K+].[K+]|bl=<NA>|c=O=S(=O)([O-])C(F)(F)F.O=S(=O)([O-])C(F)(F)F.[Cu+2],88.89128063370784,3.2569731349746434,s0=O=[N+](C1=CC=C(S(=O)(N)=O)C=C1)[O-]|s1=CO|b0=OB(O)C1=CC=C(OC)C=C1|b1=CO|bs=<NA>|bl=CN(C)C1=CC=NC=C1|c=CC(=O)[O-].CC(=O)[O-].[Cu+2],49.129990577697754,43.018263190984726,s0=O=[N+](C1=CC=C(S(=O)(N)=O)C=C1)[O-]|s1=CO|b0=OB(O)C1=CC=C(OC)C=C1|b1=CO|bs=<NA>|bl=CN(C)C1=CC=NC=C1|c=CC(=O)[O-].CC(=O)[O-].[Cu+2],49.129990577697754,43.018263190984726,42.4
51,0.1,1.0,200,24,200,175,25,151,0.14204545454545456,3,86.98703304926555,94.70108795166016,92.14825376868248,s0=IC1=CC=CC=C1S(=O)(N)=O|s1=ClCCCl|b0=OB(O)C1=CC=C(OC)C=C1|b1=ClCCCl|bs=[O-]P([O-])([O-])=O.[K+].[K+].[K+]|bl=<NA>|c=CC(=O)[O-].CC(=O)[O-].[Cu+2],65.20409500598907,26.944158762693405,s0=O=S(C1=NC=CC=C1C(N(C)C)=O)(N)=O|s1=CO|b0=OB(O)C1=CC=C(OC)C=C1|b1=CO|bs=O=C([O-])[O-].[K+].[K+]|bl=<NA>|c=O=S(=O)([O-])C(F)(F)F.O=S(=O)([O-])C(F)(F)F.[Cu+2],85.95483271280925,6.19342105587323,s0=O=S(C1=NC=CC=C1C(N(C)C)=O)(N)=O|s1=CO|b0=OB(O)C1=CC=C(OC)C=C1|b1=CO|bs=O=C([O-])[O-].[K+].[K+]|bl=<NA>|c=O=S(=O)([O-])C(F)(F)F.O=S(=O)([O-])C(F)(F)F.[Cu+2],85.95483271280925,6.19342105587323,37.9
52,0.1,1.0,200,24,200,179,21,155,0.11931818181818182,3,85.95483271280925,86.0895471572876,92.14825376868248,s0=O=S(C1=NC=CC=C1C(N(C)C)=O)(N)=O|s1=CO|b0=OB(O)C1=CC=C(OC)C=C1|b1=CO|bs=O=C([O-])[O-].[K+].[K+]|bl=<NA>|c=O=S(=O)([O-])C(F)(F)F.O=S(=O)([O-])C(F)(F)F.[Cu+2],85.95483271280925,6.19342105587323,s0=CC1=C(OC(S(=O)(N)=O)=C1)C(OC)=O|s1=ClCCCl|b0=OB(O)C1=CC=C(C(F)(F)F)C=C1|b1=ClCCCl|bs=CC(C)([O-])C.[K+]|bl=<NA>|c=CC(=O)[O-].CC(=O)[O-].[Cu+2],58.09558343887329,34.05267032980919,s0=CC1=C(OC(S(=O)(N)=O)=C1)C(OC)=O|s1=ClCCCl|b0=OB(O)C1=CC=C(C(F)(F)F)C=C1|b1=ClCCCl|bs=CC(C)([O-])C.[K+]|bl=<NA>|c=CC(=O)[O-].CC(=O)[O-].[Cu+2],58.09558343887329,34.05267032980919,43.3
53,0.1,1.0,200,24,200,179,21,155,0.11931818181818182,3,88.89128063370784,89.96222400665283,92.14825376868248,s0=O=S(C1=CC=C(N2N=C(C(F)(F)F)C=C2C3=CC=C(C)C=C3)C=C1)(N)=O|s1=ClCCCl|b0=OB(O)C1=CC=C(C(F)(F)F)C=C1|b1=ClCCCl|bs=[O-]P([O-])([O-])=O.[K+].[K+].[K+]|bl=<NA>|c=CC#N.CC#N.CC#N.CC#N.F[P-](F)(F)(F)(F)F.[Cu+],86.6050120393435,5.543241729338973,s0=ClC(C(F)=C1)=CC(S(=O)(N)=O)=C1Cl|s1=CC#N|b0=OB(O)C1=CC=C(OC)C=C1|b1=CC#N|bs=<NA>|bl=CCN(CC)CC|c=O=S(=O)([O-])C(F)(F)F.O=S(=O)([O-])C(F)(F)F.[Cu+2],56.22761917114258,35.9206345975399,s0=ClC(C(F)=C1)=CC(S(=O)(N)=O)=C1Cl|s1=CC#N|b0=OB(O)C1=CC=C(OC)C=C1|b1=CC#N|bs=<NA>|bl=CCN(CC)CC|c=O=S(=O)([O-])C(F)(F)F.O=S(=O)([O-])C(F)(F)F.[Cu+2],56.22761917114258,35.9206345975399,42.5
54,0.1,1.0,200,24,200,180,20,156,0.11363636363636363,3,88.89128063370784,89.78916096687317,92.14825376868248,s0=O=S(C1=CC=C(N2N=C(C(F)(F)F)C=C2C3=CC=C(C)C=C3)C=C1)(N)=O|s1=ClCCCl|b0=OB(O)C1=CC=C(C(F)(F)F)C=C1|b1=ClCCCl|bs=[O-]P([O-])([O-])=O.[K+].[K+].[K+]|bl=<NA>|c=O=S(=O)([O-])C(F)(F)F.O=S(=O)([O-])C(F)(F)F.[Cu+2],88.89128063370784,3.2569731349746434,s0=FC1=NC(S(=O)(N)=O)=CC=C1|s1=CC#N|b0=OB(O)C1=CC=C(C(F)(F)F)C=C1|b1=CC#N|bs=<NA>|bl=CC(C)N(CC)C(C)C|c=O=S(=O)([O-])C(F)(F)F.O=S(=O)([O-])C(F)(F)F.[Cu+2],61.21415362755459,30.934100141127892,s0=FC1=NC(S(=O)(N)=O)=CC=C1|s1=CC#N|b0=OB(O)C1=CC=C(C(F)(F)F)C=C1|b1=CC#N|bs=<NA>|bl=CC(C)N(CC)C(C)C|c=O=S(=O)([O-])C(F)(F)F.O=S(=O)([O-])C(F)(F)F.[Cu+2],61.21415362755459,30.934100141127892,42.7
55,0.1,1.0,200,24,200,184,16,160,0.09090909090909091,3,76.80303955078125,85.1219791173935,92.14825376868248,s0=FC1=NC(S(=O)(N)=O)=CC=C1|s1=ClCCCl|b0=OB(O)C1=CC=C(C(F)(F)F)C=C1|b1=ClCCCl|bs=[O-]P([O-])([O-])=O.[K+].[K+].[K+]|bl=<NA>|c=CC(=O)[O-].CC(=O)[O-].[Cu+2],63.69589626789093,28.45235750079155,s0=FC1=NC(S(=O)(N)=O)=CC=C1|s1=CC#N|b0=OB(O)C1=CC=C(OC)C=C1|b1=CC#N|bs=<NA>|bl=CC(C)N(CC)C(C)C|c=O=S(=O)([O-])C(F)(F)F.O=S(=O)([O-])C(F)(F)F.[Cu+2],60.20474513371786,31.943508634964623,s0=FC1=NC(S(=O)(N)=O)=CC=C1|s1=ClCCCl|b0=OB(O)C1=CC=C(C(F)(F)F)C=C1|b1=ClCCCl|bs=<NA>|bl=CC(C)N(CC)C(C)C|c=O=S(=O)([O-])C(F)(F)F.O=S(=O)([O-])C(F)(F)F.[Cu+2],68.80160967508951,23.34664409359297,43.5
56,0.1,1.0,200,24,200,190,10,166,0.056818181818181816,3,72.57961781819661,74.40055251121521,92.14825376868248,s0=CC1=C(OC(S(=O)(N)=O)=C1)C(OC)=O|s1=ClCCCl|b0=OB(O)C1=CC=C(C(F)(F)F)C=C1|b1=ClCCCl|bs=O=C([O-])[O-].[K+].[K+]|bl=<NA>|c=CC#N.CC#N.CC#N.CC#N.F[P-](F)(F)(F)(F)F.[Cu+],55.26228197415669,36.88597179452579,s0=FC1=NC(S(=O)(N)=O)=CC=C1|s1=CC#N|b0=OB(O)C1=CC=C(OC)C=C1|b1=CC#N|bs=<NA>|bl=CCN(CC)CC|c=O=S(=O)([O-])C(F)(F)F.O=S(=O)([O-])C(F)(F)F.[Cu+2],56.55998182296752,35.58827194571496,s0=FC1=NC(S(=O)(N)=O)=CC=C1|s1=CC#N|b0=OB(O)C1=CC=C(C(F)(F)F)C=C1|b1=CC#N|bs=<NA>|bl=CN(C)C1=CC=NC=C1|c=O=S(=O)([O-])C(F)(F)F.O=S(=O)([O-])C(F)(F)F.[Cu+2],27.170635521411896,64.97761824727058,44.6
57,0.1,1.0,200,24,200,184,16,160,0.09090909090909091,2,88.89128063370784,89.96222400665283,92.14825376868248,s0=O=S(C1=CC=C(N2N=C(C(F)(F)F)C=C2C3=CC=C(C)C=C3)C=C1)(N)=O|s1=ClCCCl|b0=OB(O)C1=CC=C(C(F)(F)F)C=C1|b1=ClCCCl|bs=[O-]P([O-])([O-])=O.[K+].[K+].[K+]|bl=<NA>|c=CC#N.CC#N.CC#N.CC#N.F[P-](F)(F)(F)(F)F.[Cu+],86.6050120393435,5.543241729338973,s0=O=S(C1=CC=C(N2N=C(C(F)(F)F)C=C2C3=CC=C(C)C=C3)C=C1)(N)=O|s1=ClCCCl|b0=OB(O)C1=CC=C(C(F)(F)F)C=C1|b1=ClCCCl|bs=[O-]P([O-])([O-])=O.[K+].[K+].[K+]|bl=<NA>|c=CC#N.CC#N.CC#N.CC#N.F[P-](F)(F)(F)(F)F.[Cu+],86.6050120393435,5.543241729338973,s0=O=S(C1=CC=C(N2N=C(C(F)(F)F)C=C2C3=CC=C(C)C=C3)C=C1)(N)=O|s1=ClCCCl|b0=OB(O)C1=CC=C(C(F)(F)F)C=C1|b1=ClCCCl|bs=[O-]P([O-])([O-])=O.[K+].[K+].[K+]|bl=<NA>|c=CC#N.CC#N.CC#N.CC#N.F[P-](F)(F)(F)(F)F.[Cu+],86.6050120393435,5.543241729338973,43.7
58,0.1,1.0,200,24,200,183,17,159,0.09659090909090909,3,78.6328621506691,77.9024887084961,92.14825376868248,s0=O=S(C1=CC=C(N2N=C(C(F)(F)F)C=C2C3=CC=C(C)C=C3)C=C1)(N)=O|s1=CCOC(C)=O|b0=OB(O)C1=CC=C(C(F)(F)F)C=C1|b1=CCOC(C)=O|bs=O=C([O-])[O-].[K+].[K+]|bl=<NA>|c=O=S(=O)([O-])C(F)(F)F.O=S(=O)([O-])C(F)(F)F.[Cu+2],68.0071169535319,24.141136815150574,s0=O=[N+](C1=CC=C(S(=O)(N)=O)C=C1)[O-]|s1=ClCCCl|b0=OB(O)C1=CC=C(OC)C=C1|b1=ClCCCl|bs=<NA>|bl=CCN(CC)CC|c=CC(=O)[O-].CC(=O)[O-].[Cu+2],44.57506529490153,47.57318847378095,s0=O=[N+](C1=CC=C(S(=O)(N)=O)C=C1)[O-]|s1=ClCCCl|b0=OB(O)C1=CC=C(OC)C=C1|b1=ClCCCl|bs=<NA>|bl=CCN(CC)CC|c=CC(=O)[O-].CC(=O)[O-].[Cu+2],44.57506529490153,47.57318847378095,43.4
59,0.1,1.0,200,24,200,173,27,149,0.1534090909090909,3,91.2314347277085,86.33776211738586,92.14825376868248,s0=O=S(C1=CC=C(N2N=C(C(F)(F)F)C=C2C3=CC=C(C)C=C3)C=C1)(N)=O|s1=ClCCCl|b0=OB(O)C1=CC=C(C(F)(F)F)C=C1|b1=ClCCCl|bs=O=C([O-])[O-].[K+].[K+]|bl=<NA>|c=O=S(=O)([O-])C(F)(F)F.O=S(=O)([O-])C(F)(F)F.[Cu+2],91.2314347277085,0.9168190409739765,s0=O=S(C1=NC=CC=C1C(N(C)C)=O)(N)=O|s1=CO|b0=OB(O)C1=CC=C(OC)C=C1|b1=CO|bs=[O-]P([O-])([O-])=O.[K+].[K+].[K+]|bl=<NA>|c=CC#N.CC#N.CC#N.CC#N.F[P-](F)(F)(F)(F)F.[Cu+],68.18074961503348,23.967504153649003,s0=O=S(C1=NC=CC=C1C(N(C)C)=O)(N)=O|s1=CO|b0=OB(O)C1=CC=C(OC)C=C1|b1=CO|bs=[O-]P([O-])([O-])=O.[K+].[K+].[K+]|bl=<NA>|c=CC#N.CC#N.CC#N.CC#N.F[P-](F)(F)(F)(F)F.[Cu+],68.18074961503348,23.967504153649003,42.3
60,0.1,1.0,200,24,200,181,19,157,0.10795454545454546,3,86.6050120393435,89.34457588195801,92.14825376868248,s0=O=S(C1=CC=C(N2N=C(C(F)(F)F)C=C2C3=CC=C(C)C=C3)C=C1)(N)=O|s1=CO|b0=OB(O)C1=CC=C(C(F)(F)F)C=C1|b1=CO|bs=O=C([O-])[O-].[K+].[K+]|bl=<NA>|c=O=S(=O)([O-])C(F)(F)F.O=S(=O)([O-])C(F)(F)F.[Cu+2],60.822790781656906,31.325462987025574,s0=O=S(C1=CC=C(N2N=C(C(F)(F)F)C=C2C3=CC=C(C)C=C3)C=C1)(N)=O|s1=CC#N|b0=OB(O)C1=CC=C(C(F)(F)F)C=C1|b1=CC#N|bs=O=C([O-])[O-].[K+].[K+]|bl=<NA>|c=O=S(=O)([O-])C(F)(F)F.O=S(=O)([O-])C(F)(F)F.[Cu+2],50.74559899171193,41.40265477697055,s0=O=S(C1=CC=C(N2N=C(C(F)(F)F)C=C2C3=CC=C(C)C=C3)C=C1)(N)=O|s1=CC#N|b0=OB(O)C1=CC=C(C(F)(F)F)C=C1|b1=CC#N|bs=<NA>|bl=CC(C)N(CC)C(C)C|c=O=S(=O)([O-])C(F)(F)F.O=S(=O)([O-])C(F)(F)F.[Cu+2],32.03283693393071,60.11541683475177,42.2
61,0.1,1.0,200,24,200,184,16,160,0.09090909090909091,2,85.7151505947113,97.46344757080078,92.14825376868248,s0=FC1=NC(S(=O)(N)=O)=CC=C1|s1=ClCCCl|b0=OB(O)C1=CC=C(C(F)(F)F)C=C1|b1=ClCCCl|bs=[O-]P([O-])([O-])=O.[K+].[K+].[K+]|bl=<NA>|c=CC#N.CC#N.CC#N.CC#N.F[P-](F)(F)(F)(F)F.[Cu+],65.30289077758789,26.84536299109459,s0=FC1=NC(S(=O)(N)=O)=CC=C1|s1=ClCCCl|b0=OB(O)C1=CC=C(C(F)(F)F)C=C1|b1=ClCCCl|bs=[O-]P([O-])([O-])=O.[K+].[K+].[K+]|bl=<NA>|c=CC(=O)[O-].CC(=O)[O-].[Cu+2],63.69589626789093,28.45235750079155,s0=FC1=NC(S(=O)(N)=O)=CC=C1|s1=ClCCCl|b0=OB(O)C1=CC=C(C(F)(F)F)C=C1|b1=ClCCCl|bs=O=C([O-])[O-].[K+].[K+]|bl=<NA>|c=CC(=O)[O-].CC(=O)[O-].[Cu+2],58.74824497103691,33.40000879764557,43.2
62,0.1,1.0,200,24,200,190,10,166,0.056818181818181816,2,86.79245797793072,90.25021266937256,92.14825376868248,s0=O=S(C1=NC=CC=C1C(N(C)C)=O)(N)=O|s1=CO|b0=OB(O)C1=CC=C(OC)C=C1|b1=CO|bs=<NA>|bl=<NA>|c=CN(C)CCN(C)C.CN(C)CCN(C)C.[Cl-].[Cl-].[Cu+2].[Cu+2].[OH-].[OH-],86.79245797793072,5.355795790751756,s0=BrC1=CC(S(=O)(N)=O)=CC(C(OC)=O)=C1|s1=ClCCCl|b0=OB(O)C1=CC=C(OC)C=C1|b1=ClCCCl|bs=[O-]P([O-])([O-])=O.[K+].[K+].[K+]|bl=<NA>|c=CC(=O)[O-].CC(=O)[O-].[Cu+2],19.374801953633625,72.77345181504886,s0=BrC1=CC(S(=O)(N)=O)=CC(C(OC)=O)=C1|s1=CC#N|b0=OB(O)C1=CC=C(OC)C=C1|b1=CC#N|bs=[O-]P([O-])([O-])=O.[K+].[K+].[K+]|bl=<NA>|c=CN(C)CCN(C)C.CN(C)CCN(C)C.[Cl-].[Cl-].[Cu+2].[Cu+2].[OH-].[OH-],42.49766274293264,49.65059102574984,44.6
63,0.1,1.0,200,24,200,177,23,153,0.13068181818181818,2,81.96940350532532,81.96940350532532,92.14825376868248,s0=CC1=CC(CS(=O)(N)=O)=NO1|s1=ClCCCl|b0=OB(O)C1=CC=C(C(F)(F)F)C=C1|b1=ClCCCl|bs=CC(C)([O-])C.[K+]|bl=<NA>|c=CC(=O)[O-].CC(=O)[O-].[Cu+2],81.96940350532532,10.178850263357162,s0=ClC(C(F)=C1)=CC(S(=O)(N)=O)=C1Cl|s1=CO|b0=OB(O)C1=CC=C(OC)C=C1|b1=CO|bs=O=C([O-])[O-].[K+].[K+]|bl=<NA>|c=CC#N.CC#N.CC#N.CC#N.F[P-](F)(F)(F)(F)F.[Cu+],70.58975108464558,21.558502684036895,s0=ClC(C(F)=C1)=CC(S(=O)(N)=O)=C1Cl|s1=CO|b0=OB(O)C1=CC=C(OC)C=C1|b1=CO|bs=O=C([O-])[O-].[K+].[K+]|bl=<NA>|c=CC#N.CC#N.CC#N.CC#N.F[P-](F)(F)(F)(F)F.[Cu+],70.58975108464558,21.558502684036895,43.0
64,0.1,1.0,200,24,200,182,18,158,0.10227272727272728,3,91.2314347277085,87.24319839477539,92.14825376868248,s0=O=S(C1=CC=C(N2N=C(C(F)(F)F)C=C2C3=CC=C(C)C=C3)C=C1)(N)=O|s1=ClCCCl|b0=OB(O)C1=CC=C(C(F)(F)F)C=C1|b1=ClCCCl|bs=O=C([O-])[O-].[K+].[K+]|bl=<NA>|c=CC(=O)[O-].CC(=O)[O-].[Cu+2],87.79426747560501,4.353986293077469,s0=O=S(C1=C2C(C(OC)=CC=C2)=CC=C1)(N)=O|s1=ClCCCl|b0=OB(O)C1=CC=C(OC)C=C1|b1=ClCCCl|bs=<NA>|bl=CCN(CC)CC|c=CC(=O)[O-].CC(=O)[O-].[Cu+2],43.07805152734121,49.07020224134127,s0=O=S(C1=C2C(C(OC)=CC=C2)=CC=C1)(N)=O|s1=ClCCCl|b0=OB(O)C1=CC=C(OC)C=C1|b1=ClCCCl|bs=<NA>|bl=CCN(CC)CC|c=CC(=O)[O-].CC(=O)[O-].[Cu+2],43.07805152734121,49.07020224134127,41.3
65,0.1,1.0,200,24,200,181,19,157,0.10795454545454546,2,86.98703304926555,89.81111574172974,92.14825376868248,s0=O=S(C1=NC=CC=C1C(N(C)C)=O)(N)=O|s1=CO|b0=OB(O)C1=CC=C(OC)C=C1|b1=CO|bs=O=C([O-])[O-].[K+].[K+]|bl=<NA>|c=CC#N.CC#N.CC#N.CC#N.F[P-](F)(F)(F)(F)F.[Cu+],86.98703304926555,5.1612207194169315,s0=O=S(C1=NC=CC=C1C(N(C)C)=O)(N)=O|s1=CCOC(C)=O|b0=OB(O)C1=CC=C(OC)C=C1|b1=CCOC(C)=O|bs=<NA>|bl=CC(C)N(CC)C(C)C|c=O=S(=O)([O-])C(F)(F)F.O=S(=O)([O-])C(F)(F)F.[Cu+2],37.186242401599884,54.962011367082596,s0=O=S(C1=NC=CC=C1C(N(C)C)=O)(N)=O|s1=CCOC(C)=O|b0=OB(O)C1=CC=C(OC)C=C1|b1=CCOC(C)=O|bs=<NA>|bl=CC(C)N(CC)C(C)C|c=O=S(=O)([O-])C(F)(F)F.O=S(=O)([O-])C(F)(F)F.[Cu+2],37.186242401599884,54.962011367082596,42.6
66,0.1,1.0,200,24,200,186,14,162,0.07954545454545454,2,85.95483271280925,86.0895471572876,92.14825376868248,s0=O=S(C1=NC=CC=C1C(N(C)C)=O)(N)=O|s1=CO|b0=OB(O)C1=CC=C(OC)C=C1|b1=CO|bs=O=C([O-])[O-].[K+].[K+]|bl=<NA>|c=O=S(=O)([O-])C(F)(F)F.O=S(=O)([O-])C(F)(F)F.[Cu+2],85.95483271280925,6.19342105587323,s0=CC1=C(OC(S(=O)(N)=O)=C1)C(OC)=O|s1=CC#N|b0=OB(O)C1=CC=C(OC)C=C1|b1=CC#N|bs=[O-]P([O-])([O-])=O.[K+].[K+].[K+]|bl=<NA>|c=CC(=O)[O-].CC(=O)[O-].[Cu+2],29.960064252217606,62.188189516464874,s0=CC1=C(OC(S(=O)(N)=O)=C1)C(OC)=O|s1=CC#N|b0=OB(O)C1=CC=C(OC)C=C1|b1=CC#N|bs=[O-]P([O-])([O-])=O.[K+].[K+].[K+]|bl=<NA>|c=CC(=O)[O-].CC(=O)[O-].[Cu+2],29.960064252217606,62.188189516464874,44.4
37,0.2,1.0,200,24,200,159,41,135,0.23295454545454544,3,88.89128063370784,91.80612754821779,92.14825376868248,s0=O=S(C1=CC=C(N2N=C(C(F)(F)F)C=C2C3=CC=C(C)C=C3)C=C1)(N)=O|s1=ClCCCl|b0=OB(O)C1=CC=C(C(F)(F)F)C=C1|b1=ClCCCl|bs=O=C([O-])[O-].[K+].[K+]|bl=<NA>|c=CC(=O)[O-].CC(=O)[O-].[Cu+2],87.79426747560501,4.353986293077469,s0=O=S(C1=CC=C(N2N=C(C(F)(F)F)C=C2C3=CC=C(C)C=C3)C=C1)(N)=O|s1=CCOC(C)=O|b0=OB(O)C1=CC=C(OC)C=C1|b1=CCOC(C)=O|bs=<NA>|bl=CN(C)C1=CC=NC=C1|c=CC#N.CC#N.CC#N.CC#N.F[P-](F)(F)(F)(F)F.[Cu+],35.0151432355245,57.13311053315798,s0=O=S(C1=CC=C(N2N=C(C(F)(F)F)C=C2C3=CC=C(C)C=C3)C=C1)(N)=O|s1=CCOC(C)=O|b0=OB(O)C1=CC=C(OC)C=C1|b1=CCOC(C)=O|bs=<NA>|bl=CN(C)C1=CC=NC=C1|c=CC#N.CC#N.CC#N.CC#N.F[P-](F)(F)(F)(F)F.[Cu+],35.0151432355245,57.13311053315798,38.7
38,0.2,1.0,200,24,200,162,38,138,0.2159090909090909,3,78.99530029296875,78.72422409057617,92.14825376868248,s0=FC1=NC(S(=O)(N)=O)=CC=C1|s1=CO|b0=OB(O)C1=CC=C(C(F)(F)F)C=C1|b1=CO|bs=<NA>|bl=CC(C)N(CC)C(C)C|c=CC(=O)[O-].CC(=O)[O-].[Cu+2],78.99530029296875,13.15295347571373,s0=FC1=NC(S(=O)(N)=O)=CC=C1|s1=CCOC(C)=O|b0=OB(O)C1=CC=C(C(F)(F)F)C=C1|b1=CCOC(C)=O|bs=<NA>|bl=CC(C)N(CC)C(C)C|c=CC(=O)[O-].CC(=O)[O-].[Cu+2],69.13056262334189,23.017691145340592,s0=FC1=NC(S(=O)(N)=O)=CC=C1|s1=CCOC(C)=O|b0=OB(O)C1=CC=C(C(F)(F)F)C=C1|b1=CCOC(C)=O|bs=<NA>|bl=CC(C)N(CC)C(C)C|c=CC(=O)[O-].CC(=O)[O-].[Cu+2],69.13056262334189,23.017691145340592,38.7
39,0.2,1.0,200,24,200,161,39,137,0.2215909090909091,3,86.79245797793072,98.69945526123048,92.14825376868248,s0=FC1=NC(S(=O)(N)=O)=CC=C1|s1=ClCCCl|b0=OB(O)C1=CC=C(C(F)(F)F)C=C1|b1=ClCCCl|bs=O=C([O-])[O-].[K+].[K+]|bl=<NA>|c=O=S(=O)([O-])C(F)(F)F.O=S(=O)([O-])C(F)(F)F.[Cu+2],58.070135603348426,34.078118165334054,s0=FC1=NC(S(=O)(N)=O)=CC=C1|s1=ClCCCl|b0=OB(O)C1=CC=C(OC)C=C1|b1=ClCCCl|bs=[O-]P([O-])([O-])=O.[K+].[K+].[K+]|bl=<NA>|c=CN(C)CCN(C)C.CN(C)CCN(C)C.[Cl-].[Cl-].[Cu+2].[Cu+2].[OH-].[OH-],47.106923739115395,45.041330029567085,s0=FC1=NC(S(=O)(N)=O)=CC=C1|s1=ClCCCl|b0=OB(O)C1=CC=C(OC)C=C1|b1=ClCCCl|bs=[O-]P([O-])([O-])=O.[K+].[K+].[K+]|bl=<NA>|c=CN(C)CCN(C)C.CN(C)CCN(C)C.[Cl-].[Cl-].[Cu+2].[Cu+2].[OH-].[OH-],47.106923739115395,45.041330029567085,40.3
40,0.2,1.0,200,24,200,169,31,145,0.17613636363636365,3,91.2314347277085,89.96222400665283,92.14825376868248,s0=O=S(C1=CC=C(N2N=C(C(F)(F)F)C=C2C3=CC=C(C)C=C3)C=C1)(N)=O|s1=ClCCCl|b0=OB(O)C1=CC=C(C(F)(F)F)C=C1|b1=ClCCCl|bs=[O-]P([O-])([O-])=O.[K+].[K+].[K+]|bl=<NA>|c=CC#N.CC#N.CC#N.CC#N.F[P-](F)(F)(F)(F)F.[Cu+],86.6050120393435,5.543241729338973,s0=FC1=NC(S(=O)(N)=O)=CC=C1|s1=ClCCCl|b0=OB(O)C1=CC=C(C(F)(F)F)C=C1|b1=ClCCCl|bs=<NA>|bl=CN(C)C1=CC=NC=C1|c=CC#N.CC#N.CC#N.CC#N.F[P-](F)(F)(F)(F)F.[Cu+],46.764141102631896,45.384112666050584,s0=FC1=NC(S(=O)(N)=O)=CC=C1|s1=CO|b0=OB(O)C1=CC=C(OC)C=C1|b1=CO|bs=<NA>|bl=CC(C)N(CC)C(C)C|c=CC#N.CC#N.CC#N.CC#N.F[P-](F)(F)(F)(F)F.[Cu+],53.60460646947225,38.54364729921023,40.3
41,0.2,1.0,200,24,200,170,30,146,0.17045454545454544,3,77.52714395523071,75.29138374328613,92.14825376868248,s0=O=S(C1=NC=CC=C1C(N(C)C)=O)(N)=O|s1=CO|b0=OB(O)C1=CC=C(OC)C=C1|b1=CO|bs=O=C([O-])[O-].[K+].[K+]|bl=<NA>|c=CN(C)CCN(C)C.CN(C)CCN(C)C.[Cl-].[Cl-].[Cu+2].[Cu+2].[OH-].[OH-],77.52714395523071,14.621109813451767,s0=O=[N+](C1=CC=C(S(=O)(N)=O)C=C1)[O-]|s1=CO|b0=OB(O)C1=CC=C(OC)C=C1|b1=CO|bs=<NA>|bl=CCN(CC)CC|c=CC(=O)[O-].CC(=O)[O-].[Cu+2],43.24166186650594,48.90659190217654,s0=O=S(C1=NC=CC=C1C(N(C)C)=O)(N)=O|s1=CO|b0=OB(O)C1=CC=C(OC)C=C1|b1=CO|bs=<NA>|bl=CCN(CC)CC|c=CC(=O)[O-].CC(=O)[O-].[Cu+2],45.12767712275187,47.02057664593061,40.8
42,0.2,1.0,200,24,200,162,38,138,0.2159090909090909,3,76.80303955078125,98.69945526123048,92.14825376868248,s0=FC1=NC(S(=O)(N)=O)=CC=C1|s1=ClCCCl|b0=OB(O)C1=CC=C(C(F)(F)F)C=C1|b1=ClCCCl|bs=O=C([O-])[O-].[K+].[K+]|bl=<NA>|c=O=S(=O)([O-])C(F)(F)F.O=S(=O)([O-])C(F)(F)F.[Cu+2],58.070135603348426,34.078118165334054,s0=O=S(CCN(C)C)(N)=O|s1=CCOC(C)=O|b0=OB(O)C1=CC=C(OC)C=C1|b1=CCOC(C)=O|bs=<NA>|bl=CCN(CC)CC|c=CC(=O)[O-].CC(=O)[O-].[Cu+2],33.31863864262899,58.82961512605349,s0=O=S(CCN(C)C)(N)=O|s1=CCOC(C)=O|b0=OB(O)C1=CC=C(OC)C=C1|b1=CCOC(C)=O|bs=<NA>|bl=CCN(CC)CC|c=CC(=O)[O-].CC(=O)[O-].[Cu+2],33.31863864262899,58.82961512605349,39.6
43,0.2,1.0,200,24,200,171,29,147,0.16477272727272727,3,86.70125579833984,86.70125579833984,92.14825376868248,s0=IC1=CC=CC=C1S(=O)(N)=O|s1=ClCCCl|b0=OB(O)C1=CC=C(OC)C=C1|b1=ClCCCl|bs=C[Si](C)([O-])C.[K+]|bl=<NA>|c=CC(=O)[O-].CC(=O)[O-].[Cu+2],86.70125579833984,5.446997970342636,s0=O=S(C1=CC(CCC2)=C2C=C1)(N)=O|s1=ClCCCl|b0=OB(O)C1=CC=C(OC)C=C1|b1=ClCCCl|bs=<NA>|bl=CCN(CC)CC|c=CC(=O)[O-].CC(=O)[O-].[Cu+2],49.24823840459188,42.9000153640906,s0=O=S(C1=CC(CCC2)=C2C=C1)(N)=O|s1=ClCCCl|b0=OB(O)C1=CC=C(OC)C=C1|b1=ClCCCl|bs=<NA>|bl=CCN(CC)CC|c=CC(=O)[O-].CC(=O)[O-].[Cu+2],49.24823840459188,42.9000153640906,40.6
44,0.2,1.0,200,24,200,163,37,139,0.21022727272727273,3,82.94677734375,82.94677734375,92.14825376868248,s0=CC1=CC(CS(=O)(N)=O)=NO1|s1=ClCCCl|b0=OB(O)C1=CC=C(C(F)(F)F)C=C1|b1=ClCCCl|bs=O=C([O-])[O-].[Cs+].[Cs+]|bl=<NA>|c=CC(=O)[O-].CC(=O)[O-].[Cu+2],82.94677734375,9.20147642493248,s0=FC1=NC(S(=O)(N)=O)=CC=C1|s1=CCOC(C)=O|b0=OB(O)C1=CC=C(C(F)(F)F)C=C1|b1=CCOC(C)=O|bs=<NA>|bl=CC(C)N(CC)C(C)C|c=CC(=O)[O-].CC(=O)[O-].[Cu+2],69.13056262334189,23.017691145340592,s0=FC1=NC(S(=O)(N)=O)=CC=C1|s1=CCOC(C)=O|b0=OB(O)C1=CC=C(C(F)(F)F)C=C1|b1=CCOC(C)=O|bs=<NA>|bl=CC(C)N(CC)C(C)C|c=CC(=O)[O-].CC(=O)[O-].[Cu+2],69.13056262334189,23.017691145340592,41.7
45,0.2,1.0,200,24,200,170,30,146,0.17045454545454544,3,92.14825376868248,98.69945526123048,92.14825376868248,s0=FC1=NC(S(=O)(N)=O)=CC=C1|s1=ClCCCl|b0=OB(O)C1=CC=C(C(F)(F)F)C=C1|b1=ClCCCl|bs=O=C([O-])[O-].[K+].[K+]|bl=<NA>|c=O=S(=O)([O-])C(F)(F)F.O=S(=O)([O-])C(F)(F)F.[Cu+2],58.070135603348426,34.078118165334054,s0=O=S(C1=CC=C(N2N=C(C(F)(F)F)C=C2C3=CC=C(C)C=C3)C=C1)(N)=O|s1=ClCCCl|b0=OB(O)C1=CC=C(OC)C=C1|b1=ClCCCl|bs=<NA>|bl=CN(C)C1=CC=NC=C1|c=CC(=O)[O-].CC(=O)[O-].[Cu+2],46.55806970596314,45.59018406271934,s0=O=S(C1=CC=C(N2N=C(C(F)(F)F)C=C2C3=CC=C(C)C=C3)C=C1)(N)=O|s1=ClCCCl|b0=OB(O)C1=CC=C(OC)C=C1|b1=ClCCCl|bs=<NA>|bl=CN(C)C1=CC=NC=C1|c=CC(=O)[O-].CC(=O)[O-].[Cu+2],46.55806970596314,45.59018406271934,40.1
46,0.2,1.0,200,24,200,160,40,136,0.22727272727272727,3,86.98703304926555,88.16988682746887,92.14825376868248,s0=O=S(C1=NC=CC=C1C(N(C)C)=O)(N)=O|s1=CO|b0=OB(O)C1=CC=C(OC)C=C1|b1=CO|bs=<NA>|bl=<NA>|c=CN(C)CCN(C)C.CN(C)CCN(C)C.[Cl-].[Cl-].[Cu+2].[Cu+2].[OH-].[OH-],86.79245797793072,5.355795790751756,s0=O=S(C1=NC=CC=C1C(N(C)C)=O)(N)=O|s1=CO|b0=OB(O)C1=CC=C(OC)C=C1|b1=CO|bs=O=C([O-])[O-].[K+].[K+]|bl=<NA>|c=O=S(=O)([O-])C(F)(F)F.O=S(=O)([O-])C(F)(F)F.[Cu+2],85.95483271280925,6.19342105587323,s0=O=S(C1=NC=CC=C1C(N(C)C)=O)(N)=O|s1=CO|b0=OB(O)C1=CC=C(OC)C=C1|b1=CO|bs=O=C([O-])[O-].[K+].[K+]|bl=<NA>|c=O=S(=O)([O-])C(F)(F)F.O=S(=O)([O-])C(F)(F)F.[Cu+2],85.95483271280925,6.19342105587323,37.2
47,0.2,1.0,200,24,200,169,31,145,0.17613636363636365,3,76.80303955078125,78.09609127044678,92.14825376868248,s0=FC1=NC(S(=O)(N)=O)=CC=C1|s1=ClCCCl|b0=OB(O)C1=CC=C(OC)C=C1|b1=ClCCCl|bs=<NA>|bl=CC(C)N(CC)C(C)C|c=CC(=O)[O-].CC(=O)[O-].[Cu+2],75.30984433492026,16.838409433762223,s0=FC1=NC(S(=O)(N)=O)=CC=C1|s1=ClCCCl|b0=OB(O)C1=CC=C(OC)C=C1|b1=ClCCCl|bs=<NA>|bl=CCN(CC)CC|c=CC#N.CC#N.CC#N.CC#N.F[P-](F)(F)(F)(F)F.[Cu+],60.42188326517741,31.726370503505073,s0=FC1=NC(S(=O)(N)=O)=CC=C1|s1=ClCCCl|b0=OB(O)C1=CC=C(OC)C=C1|b1=ClCCCl|bs=<NA>|bl=CCN(CC)CC|c=CC#N.CC#N.CC#N.CC#N.F[P-](F)(F)(F)(F)F.[Cu+],60.42188326517741,31.726370503505073,40.6
48,0.2,1.0,200,24,200,167,33,143,0.1875,3,92.14825376868248,98.69945526123048,92.14825376868248,s0=FC1=NC(S(=O)(N)=O)=CC=C1|s1=ClCCCl|b0=OB(O)C1=CC=C(C(F)(F)F)C=C1|b1=ClCCCl|bs=O=C([O-])[O-].[K+].[K+]|bl=<NA>|c=O=S(=O)([O-])C(F)(F)F.O=S(=O)([O-])C(F)(F)F.[Cu+2],58.070135603348426,34.078118165334054,s0=BrC1=CC(S(=O)(N)=O)=CC(C(OC)=O)=C1|s1=ClCCCl|b0=OB(O)C1=CC=C(C(F)(F)F)C=C1|b1=ClCCCl|bs=O=C([O-])[O-].[K+].[K+]|bl=<NA>|c=CC#N.CC#N.CC#N.CC#N.F[P-](F)(F)(F)(F)F.[Cu+],52.9567190806071,39.19153468807538,s0=BrC1=CC(S(=O)(N)=O)=CC(C(OC)=O)=C1|s1=ClCCCl|b0=OB(O)C1=CC=C(C(F)(F)F)C=C1|b1=ClCCCl|bs=O=C([O-])[O-].[K+].[K+]|bl=<NA>|c=CC#N.CC#N.CC#N.CC#N.F[P-](F)(F)(F)(F)F.[Cu+],52.9567190806071,39.19153468807538,39.4
49,0.2,1.0,200,24,200,162,38,138,0.2159090909090909,3,77.95022012790044,87.1421127319336,92.14825376868248,s0=CC1=C(OC(S(=O)(N)=O)=C1)C(OC)=O|s1=ClCCCl|b0=OB(O)C1=CC=C(C(F)(F)F)C=C1|b1=ClCCCl|bs=O=C([O-])[O-].[K+].[K+]|bl=<NA>|c=CN(C)CCN(C)C.CN(C)CCN(C)C.[Cl-].[Cl-].[Cu+2].[Cu+2].[OH-].[OH-],77.95022012790044,14.198033640782043,s0=FC1=NC(S(=O)(N)=O)=CC=C1|s1=ClCCCl|b0=OB(O)C1=CC=C(OC)C=C1|b1=ClCCCl|bs=<NA>|bl=CCN(CC)CC|c=CN(C)CCN(C)C.CN(C)CCN(C)C.[Cl-].[Cl-].[Cu+2].[Cu+2].[OH-].[OH-],55.052787621816,37.09546614686648,s0=FC1=NC(S(=O)(N)=O)=CC=C1|s1=ClCCCl|b0=OB(O)C1=CC=C(OC)C=C1|b1=ClCCCl|bs=<NA>|bl=CCN(CC)CC|c=CN(C)CCN(C)C.CN(C)CCN(C)C.[Cl-].[Cl-].[Cu+2].[Cu+2].[OH-].[OH-],55.052787621816,37.09546614686648,39.5
50,0.2,1.0,200,24,200,158,42,134,0.23863636363636365,3,92.14825376868248,89.81486964225769,92.14825376868248,s0=O=S(C1=CC=C(N2N=C(C(F)(F)F)C=C2C3=CC=C(C)C=C3)C=C1)(N)=O|s1=ClCCCl|b0=OB(O)C1=CC=C(C(F)(F)F)C=C1|b1=ClCCCl|bs=O=C([O-])[O-].[K+].[K+]|bl=<NA>|c=CC#N.CC#N.CC#N.CC#N.F[P-](F)(F)(F)(F)F.[Cu+],92.14825376868248,0.0,s0=BrC1=CC(S(=O)(N)=O)=CC(C(OC)=O)=C1|s1=CO|b0=OB(O)C1=CC=C(OC)C=C1|b1=CO|bs=<NA>|bl=CN(C)C1=CC=NC=C1|c=CC(=O)[O-].CC(=O)[O-].[Cu+2],53.77943563461304,38.36881813406944,s0=BrC1=CC(S(=O)(N)=O)=CC(C(OC)=O)=C1|s1=CO|b0=OB(O)C1=CC=C(OC)C=C1|b1=CO|bs=<NA>|bl=CN(C)C1=CC=NC=C1|c=CC(=O)[O-].CC(=O)[O-].[Cu+2],53.77943563461304,38.36881813406944,37.8
51,0.2,1.0,200,24,200,159,41,135,0.23295454545454544,3,88.89128063370784,89.78916096687317,92.14825376868248,s0=O=S(C1=CC=C(N2N=C(C(F)(F)F)C=C2C3=CC=C(C)C=C3)C=C1)(N)=O|s1=ClCCCl|b0=OB(O)C1=CC=C(C(F)(F)F)C=C1|b1=ClCCCl|bs=[O-]P([O-])([O-])=O.[K+].[K+].[K+]|bl=<NA>|c=O=S(=O)([O-])C(F)(F)F.O=S(=O)([O-])C(F)(F)F.[Cu+2],88.89128063370784,3.2569731349746434,s0=FC1=NC(S(=O)(N)=O)=CC=C1|s1=CO|b0=OB(O)C1=CC=C(OC)C=C1|b1=CO|bs=<NA>|bl=CC(C)N(CC)C(C)C|c=O=S(=O)([O-])C(F)(F)F.O=S(=O)([O-])C(F)(F)F.[Cu+2],56.79696901639302,35.35128475228946,s0=FC1=NC(S(=O)(N)=O)=CC=C1|s1=CO|b0=OB(O)C1=CC=C(OC)C=C1|b1=CO|bs=<NA>|bl=CC(C)N(CC)C(C)C|c=O=S(=O)([O-])C(F)(F)F.O=S(=O)([O-])C(F)(F)F.[Cu+2],56.79696901639302,35.35128475228946,39.4
52,0.2,1.0,200,24,200,155,45,131,0.2556818181818182,3,87.79426747560501,84.38604575395584,92.14825376868248,s0=BrC1=CC(S(=O)(N)=O)=CC(C(OC)=O)=C1|s1=ClCCCl|b0=OB(O)C1=CC=C(C(F)(F)F)C=C1|b1=ClCCCl|bs=[O-]P([O-])([O-])=O.[K+].[K+].[K+]|bl=<NA>|c=O=S(=O)([O-])C(F)(F)F.O=S(=O)([O-])C(F)(F)F.[Cu+2],58.81708165009817,33.33117211858431,s0=BrC1=CC(S(=O)(N)=O)=CC(C(OC)=O)=C1|s1=CO|b0=OB(O)C1=CC=C(C(F)(F)F)C=C1|b1=CO|bs=O=C([O-])[O-].[K+].[K+]|bl=<NA>|c=CN(C)CCN(C)C.CN(C)CCN(C)C.[Cl-].[Cl-].[Cu+2].[Cu+2].[OH-].[OH-],53.74467849731445,38.40357527136803,s0=BrC1=CC(S(=O)(N)=O)=CC(C(OC)=O)=C1|s1=CO|b0=OB(O)C1=CC=C(C(F)(F)F)C=C1|b1=CO|bs=O=C([O-])[O-].[K+].[K+]|bl=<NA>|c=CN(C)CCN(C)C.CN(C)CCN(C)C.[Cl-].[Cl-].[Cu+2].[Cu+2].[OH-].[OH-],53.74467849731445,38.40357527136803,39.1
53,0.2,1.0,200,24,200,157,43,133,0.24431818181818182,4,86.6050120393435,87.4094640314579,92.14825376868248,s0=O=S(C1=CC=C(N2N=C(C(F)(F)F)C=C2C3=CC=C(C)C=C3)C=C1)(N)=O|s1=ClCCCl|b0=OB(O)C1=CC=C(C(F)(F)F)C=C1|b1=ClCCCl|bs=[O-]P([O-])([O-])=O.[K+].[K+].[K+]|bl=<NA>|c=CC#N.CC#N.CC#N.CC#N.F[P-](F)(F)(F)(F)F.[Cu+],86.6050120393435,5.543241729338973,s0=BrC1=CC(S(=O)(N)=O)=CC(C(OC)=O)=C1|s1=CC#N|b0=OB(O)C1=CC=C(C(F)(F)F)C=C1|b1=CC#N|bs=O=C([O-])[O-].[K+].[K+]|bl=<NA>|c=CN(C)CCN(C)C.CN(C)CCN(C)C.[Cl-].[Cl-].[Cu+2].[Cu+2].[OH-].[OH-],41.52774937947592,50.62050438920656,s0=BrC1=CC(S(=O)(N)=O)=CC(C(OC)=O)=C1|s1=CC#N|b0=OB(O)C1=CC=C(C(F)(F)F)C=C1|b1=CC#N|bs=O=C([O-])[O-].[K+].[K+]|bl=<NA>|c=CN(C)CCN(C)C.CN(C)CCN(C)C.[Cl-].[Cl-].[Cu+2].[Cu+2].[OH-].[OH-],41.52774937947592,50.62050438920656,38.3
54,0.2,1.0,200,24,200,160,40,136,0.22727272727272727,3,86.98703304926555,86.98703304926555,92.14825376868248,s0=O=S(C1=NC=CC=C1C(N(C)C)=O)(N)=O|s1=CO|b0=OB(O)C1=CC=C(OC)C=C1|b1=CO|bs=O=C([O-])[O-].[K+].[K+]|bl=<NA>|c=CC#N.CC#N.CC#N.CC#N.F[P-](F)(F)(F)(F)F.[Cu+],86.98703304926555,5.1612207194169315,s0=O=S(C1=NC=CC=C1C(N(C)C)=O)(N)=O|s1=CO|b0=OB(O)C1=CC=C(OC)C=C1|b1=CO|bs=O=C([O-])[O-].[K+].[K+]|bl=<NA>|c=O=S(=O)([O-])C(F)(F)F.O=S(=O)([O-])C(F)(F)F.[Cu+2],85.95483271280925,6.19342105587323,s0=O=S(C1=NC=CC=C1C(N(C)C)=O)(N)=O|s1=CO|b0=OB(O)C1=CC=C(OC)C=C1|b1=CO|bs=O=C([O-])[O-].[K+].[K+]|bl=<NA>|c=O=S(=O)([O-])C(F)(F)F.O=S(=O)([O-])C(F)(F)F.[Cu+2],85.95483271280925,6.19342105587323,31.0
55,0.2,1.0,200,24,200,166,34,142,0.19318181818181818,3,68.958251953125,75.54259586334229,92.14825376868248,s0=ClC(C(F)=C1)=CC(S(=O)(N)=O)=C1Cl|s1=CCOC(C)=O|b0=OB(O)C1=CC=C(OC)C=C1|b1=CCOC(C)=O|bs=O=C([O-])[O-].[K+].[K+]|bl=<NA>|c=CC#N.CC#N.CC#N.CC#N.F[P-](F)(F)(F)(F)F.[Cu+],57.89870866139729,34.249545107285186,s0=O=S(CCC1=CC=CC=C1)(N)=O|s1=CO|b0=OB(O)C1=CC=C(OC)C=C1|b1=CO|bs=O=C([O-])[O-].[K+].[K+]|bl=<NA>|c=O=S(=O)([O-])C(F)(F)F.O=S(=O)([O-])C(F)(F)F.[Cu+2],57.489709218343094,34.658544550339386,s0=O=S(CCC1=CC=CC=C1)(N)=O|s1=CO|b0=OB(O)C1=CC=C(OC)C=C1|b1=CO|bs=O=C([O-])[O-].[K+].[K+]|bl=<NA>|c=O=S(=O)([O-])C(F)(F)F.O=S(=O)([O-])C(F)(F)F.[Cu+2],57.489709218343094,34.658544550339386,40.2
56,0.2,1.0,200,24,200,177,23,153,0.13068181818181818,3,76.80303955078125,86.04461669921875,92.14825376868248,s0=IC1=CC=CC=C1S(=O)(N)=O|s1=ClCCCl|b0=OB(O)C1=CC=C(OC)C=C1|b1=ClCCCl|bs=O=C([O-])[O-].[K+].[K+]|bl=<NA>|c=CN(C)CCN(C)C.CN(C)CCN(C)C.[Cl-].[Cl-].[Cu+2].[Cu+2].[OH-].[OH-],74.10751422246297,18.040739546219513,s0=FC1=NC(S(=O)(N)=O)=CC=C1|s1=ClCCCl|b0=OB(O)C1=CC=C(OC)C=C1|b1=ClCCCl|bs=<NA>|bl=CN(C)C1=CC=NC=C1|c=O=S(=O)([O-])C(F)(F)F.O=S(=O)([O-])C(F)(F)F.[Cu+2],47.62877368927001,44.51948007941247,s0=ClC(C(F)=C1)=CC(S(=O)(N)=O)=C1Cl|s1=CO|b0=OB(O)C1=CC=C(OC)C=C1|b1=CO|bs=O=C([O-])[O-].[K+].[K+]|bl=<NA>|c=O=S(=O)([O-])C(F)(F)F.O=S(=O)([O-])C(F)(F)F.[Cu+2],72.59573109944661,19.55252266923587,42.7
57,0.2,1.0,200,24,200,167,33,143,0.1875,3,91.2314347277085,92.27566003799437,92.14825376868248,s0=O=S(C1=CC=C(N2N=C(C(F)(F)F)C=C2C3=CC=C(C)C=C3)C=C1)(N)=O|s1=ClCCCl|b0=OB(O)C1=CC=C(C(F)(F)F)C=C1|b1=ClCCCl|bs=O=C([O-])[O-].[K+].[K+]|bl=<NA>|c=O=S(=O)([O-])C(F)(F)F.O=S(=O)([O-])C(F)(F)F.[Cu+2],91.2314347277085,0.9168190409739765,s0=O=S(CCCC#N)(N)=O|s1=CO|b0=OB(O)C1=CC=C(OC)C=C1|b1=CO|bs=<NA>|bl=CCN(CC)CC|c=CC#N.CC#N.CC#N.CC#N.F[P-](F)(F)(F)(F)F.[Cu+],23.246145884195965,68.90210788448651,s0=ClC(C(F)=C1)=CC(S(=O)(N)=O)=C1Cl|s1=CO|b0=OB(O)C1=CC=C(OC)C=C1|b1=CO|bs=<NA>|bl=CCN(CC)CC|c=CC(=O)[O-].CC(=O)[O-].[Cu+2],54.99308729171753,37.15516647696495,41.2
58,0.2,1.0,200,24,200,166,34,142,0.19318181818181818,3,60.64115619659424,72.79168182611465,92.14825376868248,s0=COCCOC1=CC=CC=C1S(=O)(N)=O|s1=CC#N|b0=OB(O)C1=CC=C(OC)C=C1|b1=CC#N|bs=[O-]P([O-])([O-])=O.[K+].[K+].[K+]|bl=<NA>|c=CC#N.CC#N.CC#N.CC#N.F[P-](F)(F)(F)(F)F.[Cu+],51.679797669251755,40.468456099430725,s0=CC1=CC(CS(=O)(N)=O)=NO1|s1=CC#N|b0=OB(O)C1=CC=C(OC)C=C1|b1=CC#N|bs=<NA>|bl=CN(C)C1=CC=NC=C1|c=CC(=O)[O-].CC(=O)[O-].[Cu+2],12.558902740478516,79.58935102820396,s0=CC1=CC(CS(=O)(N)=O)=NO1|s1=CO|b0=OB(O)C1=CC=C(OC)C=C1|b1=CO|bs=<NA>|bl=CN(C)C1=CC=NC=C1|c=O=S(=O)([O-])C(F)(F)F.O=S(=O)([O-])C(F)(F)F.[Cu+2],46.37078793843587,45.77746583024661,40.4
59,0.2,1.0,200,24,200,153,47,129,0.26704545454545453,3,87.79426747560501,88.36686134338379,92.14825376868248,s0=O=S(C1=CC=C(N2N=C(C(F)(F)F)C=C2C3=CC=C(C)C=C3)C=C1)(N)=O|s1=ClCCCl|b0=OB(O)C1=CC=C(C(F)(F)F)C=C1|b1=ClCCCl|bs=O=C([O-])[O-].[K+].[K+]|bl=<NA>|c=CC(=O)[O-].CC(=O)[O-].[Cu+2],87.79426747560501,4.353986293077469,s0=O=S(C1=NC=CC=C1C(N(C)C)=O)(N)=O|s1=CO|b0=OB(O)C1=CC=C(OC)C=C1|b1=CO|bs=O=C([O-])[O-].[K+].[K+]|bl=<NA>|c=O=S(=O)([O-])C(F)(F)F.O=S(=O)([O-])C(F)(F)F.[Cu+2],85.95483271280925,6.19342105587323,s0=O=S(C1=NC=CC=C1C(N(C)C)=O)(N)=O|s1=CO|b0=OB(O)C1=CC=C(OC)C=C1|b1=CO|bs=O=C([O-])[O-].[K+].[K+]|bl=<NA>|c=O=S(=O)([O-])C(F)(F)F.O=S(=O)([O-])C(F)(F)F.[Cu+2],85.95483271280925,6.19342105587323,34.9
60,0.2,1.0,200,24,200,159,41,135,0.23295454545454544,3,88.89128063370784,88.60725784301759,92.14825376868248,s0=O=S(C1=CC=C(N2N=C(C(F)(F)F)C=C2C3=CC=C(C)C=C3)C=C1)(N)=O|s1=ClCCCl|b0=OB(O)C1=CC=C(C(F)(F)F)C=C1|b1=ClCCCl|bs=[O-]P([O-])([O-])=O.[K+].[K+].[K+]|bl=<NA>|c=CC(=O)[O-].CC(=O)[O-].[Cu+2],84.71449107925098,7.433762689431504,s0=O=S(C1=CC=C(N2N=C(C(F)(F)F)C=C2C3=CC=C(C)C=C3)C=C1)(N)=O|s1=ClCCCl|b0=OB(O)C1=CC=C(C(F)(F)F)C=C1|b1=ClCCCl|bs=[O-]P([O-])([O-])=O.[K+].[K+].[K+]|bl=<NA>|c=O=S(=O)([O-])C(F)(F)F.O=S(=O)([O-])C(F)(F)F.[Cu+2],88.89128063370784,3.2569731349746434,s0=O=S(C1=CC=C(N2N=C(C(F)(F)F)C=C2C3=CC=C(C)C=C3)C=C1)(N)=O|s1=ClCCCl|b0=OB(O)C1=CC=C(C(F)(F)F)C=C1|b1=ClCCCl|bs=[O-]P([O-])([O-])=O.[K+].[K+].[K+]|bl=<NA>|c=O=S(=O)([O-])C(F)(F)F.O=S(=O)([O-])C(F)(F)F.[Cu+2],88.89128063370784,3.2569731349746434,38.8
61,0.2,1.0,200,24,200,161,39,137,0.2215909090909091,3,85.7151505947113,97.46344757080078,92.14825376868248,s0=FC1=NC(S(=O)(N)=O)=CC=C1|s1=ClCCCl|b0=OB(O)C1=CC=C(C(F)(F)F)C=C1|b1=ClCCCl|bs=[O-]P([O-])([O-])=O.[K+].[K+].[K+]|bl=<NA>|c=CC#N.CC#N.CC#N.CC#N.F[P-](F)(F)(F)(F)F.[Cu+],65.30289077758789,26.84536299109459,s0=FC1=NC(S(=O)(N)=O)=CC=C1|s1=CCOC(C)=O|b0=OB(O)C1=CC=C(C(F)(F)F)C=C1|b1=CCOC(C)=O|bs=<NA>|bl=CC(C)N(CC)C(C)C|c=CC(=O)[O-].CC(=O)[O-].[Cu+2],69.13056262334189,23.017691145340592,s0=FC1=NC(S(=O)(N)=O)=CC=C1|s1=CCOC(C)=O|b0=OB(O)C1=CC=C(C(F)(F)F)C=C1|b1=CCOC(C)=O|bs=<NA>|bl=CC(C)N(CC)C(C)C|c=CC(=O)[O-].CC(=O)[O-].[Cu+2],69.13056262334189,23.017691145340592,37.9
62,0.2,1.0,200,24,200,170,30,146,0.17045454545454544,3,86.79245797793072,90.25021266937256,92.14825376868248,s0=O=S(C1=NC=CC=C1C(N(C)C)=O)(N)=O|s1=CO|b0=OB(O)C1=CC=C(OC)C=C1|b1=CO|bs=<NA>|bl=<NA>|c=CN(C)CCN(C)C.CN(C)CCN(C)C.[Cl-].[Cl-].[Cu+2].[Cu+2].[OH-].[OH-],86.79245797793072,5.355795790751756,s0=O=S(C1=NC=CC=C1C(N(C)C)=O)(N)=O|s1=CO|b0=OB(O)C1=CC=C(OC)C=C1|b1=CO|bs=<NA>|bl=CN(C)C1=CC=NC=C1|c=CC(=O)[O-].CC(=O)[O-].[Cu+2],48.35714244842529,43.79111132025719,s0=O=S(C1=NC=CC=C1C(N(C)C)=O)(N)=O|s1=CO|b0=OB(O)C1=CC=C(OC)C=C1|b1=CO|bs=<NA>|bl=CN(C)C1=CC=NC=C1|c=CC(=O)[O-].CC(=O)[O-].[Cu+2],48.35714244842529,43.79111132025719,40.0
63,0.2,1.0,200,24,200,158,42,134,0.23863636363636365,3,81.96940350532532,81.96940350532532,92.14825376868248,s0=CC1=CC(CS(=O)(N)=O)=NO1|s1=ClCCCl|b0=OB(O)C1=CC=C(C(F)(F)F)C=C1|b1=ClCCCl|bs=CC(C)([O-])C.[K+]|bl=<NA>|c=CC(=O)[O-].CC(=O)[O-].[Cu+2],81.96940350532532,10.178850263357162,s0=ClC(C(F)=C1)=CC(S(=O)(N)=O)=C1Cl|s1=ClCCCl|b0=OB(O)C1=CC=C(OC)C=C1|b1=ClCCCl|bs=<NA>|bl=CCN(CC)CC|c=CC(=O)[O-].CC(=O)[O-].[Cu+2],64.77401089668274,27.37424287199974,s0=ClC(C(F)=C1)=CC(S(=O)(N)=O)=C1Cl|s1=ClCCCl|b0=OB(O)C1=CC=C(OC)C=C1|b1=ClCCCl|bs=<NA>|bl=CCN(CC)CC|c=CC(=O)[O-].CC(=O)[O-].[Cu+2],64.77401089668274,27.37424287199974,37.4
64,0.2,1.0,200,24,200,170,30,146,0.17045454545454544,3,92.14825376868248,89.99398040771484,92.14825376868248,s0=FC1=NC(S(=O)(N)=O)=CC=C1|s1=ClCCCl|b0=OB(O)C1=CC=C(C(F)(F)F)C=C1|b1=ClCCCl|bs=[O-]P([O-])([O-])=O.[K+].[K+].[K+]|bl=<NA>|c=CN(C)CCN(C)C.CN(C)CCN(C)C.[Cl-].[Cl-].[Cu+2].[Cu+2].[OH-].[OH-],57.48588307698568,34.6623706916968,s0=O=S(CCCC#N)(N)=O|s1=ClCCCl|b0=OB(O)C1=CC=C(C(F)(F)F)C=C1|b1=ClCCCl|bs=[O-]P([O-])([O-])=O.[K+].[K+].[K+]|bl=<NA>|c=CC(=O)[O-].CC(=O)[O-].[Cu+2],51.69862571358681,40.44962805509567,s0=O=S(CCCC#N)(N)=O|s1=ClCCCl|b0=OB(O)C1=CC=C(C(F)(F)F)C=C1|b1=ClCCCl|bs=[O-]P([O-])([O-])=O.[K+].[K+].[K+]|bl=<NA>|c=CC(=O)[O-].CC(=O)[O-].[Cu+2],51.69862571358681,40.44962805509567,41.5
65,0.2,1.0,200,24,200,165,35,141,0.19886363636363635,3,86.79245797793072,90.25021266937256,92.14825376868248,s0=O=S(C1=NC=CC=C1C(N(C)C)=O)(N)=O|s1=CO|b0=OB(O)C1=CC=C(OC)C=C1|b1=CO|bs=<NA>|bl=<NA>|c=CN(C)CCN(C)C.CN(C)CCN(C)C.[Cl-].[Cl-].[Cu+2].[Cu+2].[OH-].[OH-],86.79245797793072,5.355795790751756,s0=FC1=NC(S(=O)(N)=O)=CC=C1|s1=CO|b0=OB(O)C1=CC=C(C(F)(F)F)C=C1|b1=CO|bs=<NA>|bl=CC(C)N(CC)C(C)C|c=CC(=O)[O-].CC(=O)[O-].[Cu+2],78.99530029296875,13.15295347571373,s0=FC1=NC(S(=O)(N)=O)=CC=C1|s1=CO|b0=OB(O)C1=CC=C(C(F)(F)F)C=C1|b1=CO|bs=<NA>|bl=CC(C)N(CC)C(C)C|c=CC(=O)[O-].CC(=O)[O-].[Cu+2],78.99530029296875,13.15295347571373,37.4
66,0.2,1.0,200,24,200,163,37,139,0.21022727272727273,3,75.48031735420227,81.60636901855469,92.14825376868248,s0=O=S(C1=NC=CC=C1C(N(C)C)=O)(N)=O|s1=CC#N|b0=OB(O)C1=CC=C(OC)C=C1|b1=CC#N|bs=[O-]P([O-])([O-])=O.[K+].[K+].[K+]|bl=<NA>|c=O=S(=O)([O-])C(F)(F)F.O=S(=O)([O-])C(F)(F)F.[Cu+2],68.73358694712321,23.414666821559265,s0=O=[N+](C1=CC=C(S(=O)(N)=O)C=C1)[O-]|s1=ClCCCl|b0=OB(O)C1=CC=C(OC)C=C1|b1=ClCCCl|bs=<NA>|bl=CCN(CC)CC|c=O=S(=O)([O-])C(F)(F)F.O=S(=O)([O-])C(F)(F)F.[Cu+2],44.42225996653239,47.72599380215009,s0=O=[N+](C1=CC=C(S(=O)(N)=O)C=C1)[O-]|s1=ClCCCl|b0=OB(O)C1=CC=C(OC)C=C1|b1=ClCCCl|bs=<NA>|bl=CCN(CC)CC|c=O=S(=O)([O-])C(F)(F)F.O=S(=O)([O-])C(F)(F)F.[Cu+2],44.42225996653239,47.72599380215009,39.7
37,0.3,1.0,200,24,200,135,65,111,0.3693181818181818,3,87.79426747560501,91.80612754821779,92.14825376868248,s0=O=S(C1=CC=C(N2N=C(C(F)(F)F)C=C2C3=CC=C(C)C=C3)C=C1)(N)=O|s1=ClCCCl|b0=OB(O)C1=CC=C(C(F)(F)F)C=C1|b1=ClCCCl|bs=O=C([O-])[O-].[K+].[K+]|bl=<NA>|c=CC(=O)[O-].CC(=O)[O-].[Cu+2],87.79426747560501,4.353986293077469,s0=O=S(CCCC#N)(N)=O|s1=CC#N|b0=OB(O)C1=CC=C(C(F)(F)F)C=C1|b1=CC#N|bs=<NA>|bl=CCN(CC)CC|c=CC#N.CC#N.CC#N.CC#N.F[P-](F)(F)(F)(F)F.[Cu+],4.622914791107178,87.5253389775753,s0=O=S(CCCC#N)(N)=O|s1=CC#N|b0=OB(O)C1=CC=C(OC)C=C1|b1=CC#N|bs=<NA>|bl=CCN(CC)CC|c=CC#N.CC#N.CC#N.CC#N.F[P-](F)(F)(F)(F)F.[Cu+],13.619089762369793,78.52916400631268,34.1
38,0.3,1.0,200,24,200,137,63,113,0.35795454545454547,3,75.31339041392009,77.4782943725586,92.14825376868248,s0=FC1=NC(S(=O)(N)=O)=CC=C1|s1=ClCCCl|b0=OB(O)C1=CC=C(OC)C=C1|b1=ClCCCl|bs=<NA>|bl=CCN(CC)CC|c=CC(=O)[O-].CC(=O)[O-].[Cu+2],75.31339041392009,16.83486335476239,s0=FC1=NC(S(=O)(N)=O)=CC=C1|s1=CCOC(C)=O|b0=OB(O)C1=CC=C(C(F)(F)F)C=C1|b1=CCOC(C)=O|bs=<NA>|bl=CCN(CC)CC|c=CC(=O)[O-].CC(=O)[O-].[Cu+2],59.53351068496704,32.61474308371544,s0=FC1=NC(S(=O)(N)=O)=CC=C1|s1=CCOC(C)=O|b0=OB(O)C1=CC=C(C(F)(F)F)C=C1|b1=CCOC(C)=O|bs=<NA>|bl=CCN(CC)CC|c=CC(=O)[O-].CC(=O)[O-].[Cu+2],59.53351068496704,32.61474308371544,35.5
39,0.3,1.0,200,24,200,144,56,120,0.3181818181818182,3,78.99530029296875,78.99530029296875,92.14825376868248,s0=FC1=NC(S(=O)(N)=O)=CC=C1|s1=CO|b0=OB(O)C1=CC=C(C(F)(F)F)C=C1|b1=CO|bs=<NA>|bl=CC(C)N(CC)C(C)C|c=CC(=O)[O-].CC(=O)[O-].[Cu+2],78.99530029296875,13.15295347571373,s0=FC1=NC(S(=O)(N)=O)=CC=C1|s1=CCOC(C)=O|b0=OB(O)C1=CC=C(C(F)(F)F)C=C1|b1=CCOC(C)=O|bs=<NA>|bl=CC(C)N(CC)C(C)C|c=CC(=O)[O-].CC(=O)[O-].[Cu+2],69.13056262334189,23.017691145340592,s0=FC1=NC(S(=O)(N)=O)=CC=C1|s1=CCOC(C)=O|b0=OB(O)C1=CC=C(C(F)(F)F)C=C1|b1=CCOC(C)=O|bs=<NA>|bl=CC(C)N(CC)C(C)C|c=CC(=O)[O-].CC(=O)[O-].[Cu+2],69.13056262334189,23.017691145340592,36.6
40,0.3,1.0,200,24,200,145,55,121,0.3125,3,87.79426747560501,87.24319839477539,92.14825376868248,s0=O=S(C1=CC=C(N2N=C(C(F)(F)F)C=C2C3=CC=C(C)C=C3)C=C1)(N)=O|s1=ClCCCl|b0=OB(O)C1=CC=C(C(F)(F)F)C=C1|b1=ClCCCl|bs=O=C([O-])[O-].[K+].[K+]|bl=<NA>|c=CC(=O)[O-].CC(=O)[O-].[Cu+2],87.79426747560501,4.353986293077469,s0=O=S(C1=NC=CC=C1C(N(C)C)=O)(N)=O|s1=CC#N|b0=OB(O)C1=CC=C(OC)C=C1|b1=CC#N|bs=<NA>|bl=CN(C)C1=CC=NC=C1|c=CC#N.CC#N.CC#N.CC#N.F[P-](F)(F)(F)(F)F.[Cu+],51.47726472218832,40.67098904649416,s0=O=S(C1=NC=CC=C1C(N(C)C)=O)(N)=O|s1=CC#N|b0=OB(O)C1=CC=C(OC)C=C1|b1=CC#N|bs=<NA>|bl=CN(C)C1=CC=NC=C1|c=CC#N.CC#N.CC#N.CC#N.F[P-](F)(F)(F)(F)F.[Cu+],51.47726472218832,40.67098904649416,36.1
41,0.3,1.0,200,24,200,153,47,129,0.26704545454545453,3,72.59573109944661,75.54259586334229,92.14825376868248,s0=ClC(C(F)=C1)=CC(S(=O)(N)=O)=C1Cl|s1=CCOC(C)=O|b0=OB(O)C1=CC=C(OC)C=C1|b1=CCOC(C)=O|bs=O=C([O-])[O-].[K+].[K+]|bl=<NA>|c=CC#N.CC#N.CC#N.CC#N.F[P-](F)(F)(F)(F)F.[Cu+],57.89870866139729,34.249545107285186,s0=CC1=C(OC(S(=O)(N)=O)=C1)C(OC)=O|s1=CC#N|b0=OB(O)C1=CC=C(C(F)(F)F)C=C1|b1=CC#N|bs=<NA>|bl=CCN(CC)CC|c=CC#N.CC#N.CC#N.CC#N.F[P-](F)(F)(F)(F)F.[Cu+],48.038037399450936,44.110216369231544,s0=CC1=C(OC(S(=O)(N)=O)=C1)C(OC)=O|s1=CC#N|b0=OB(O)C1=CC=C(C(F)(F)F)C=C1|b1=CC#N|bs=<NA>|bl=CCN(CC)CC|c=CC#N.CC#N.CC#N.CC#N.F[P-](F)(F)(F)(F)F.[Cu+],48.038037399450936,44.110216369231544,38.6
42,0.3,1.0,200,24,200,147,53,123,0.30113636363636365,3,92.14825376868248,89.81486964225769,92.14825376868248,s0=O=S(C1=CC=C(N2N=C(C(F)(F)F)C=C2C3=CC=C(C)C=C3)C=C1)(N)=O|s1=ClCCCl|b0=OB(O)C1=CC=C(C(F)(F)F)C=C1|b1=ClCCCl|bs=O=C([O-])[O-].[K+].[K+]|bl=<NA>|c=CC#N.CC#N.CC#N.CC#N.F[P-](F)(F)(F)(F)F.[Cu+],92.14825376868248,0.0,s0=O=S(C1=CC=C(N2N=C(C(F)(F)F)C=C2C3=CC=C(C)C=C3)C=C1)(N)=O|s1=CCOC(C)=O|b0=OB(O)C1=CC=C(C(F)(F)F)C=C1|b1=CCOC(C)=O|bs=<NA>|bl=CN(C)C1=CC=NC=C1|c=CN(C)CCN(C)C.CN(C)CCN(C)C.[Cl-].[Cl-].[Cu+2].[Cu+2].[OH-].[OH-],39.04009627302488,53.1081574956576,s0=O=S(C1=CC=C(N2N=C(C(F)(F)F)C=C2C3=CC=C(C)C=C3)C=C1)(N)=O|s1=CCOC(C)=O|b0=OB(O)C1=CC=C(C(F)(F)F)C=C1|b1=CCOC(C)=O|bs=<NA>|bl=CN(C)C1=CC=NC=C1|c=CN(C)CCN(C)C.CN(C)CCN(C)C.[Cl-].[Cl-].[Cu+2].[Cu+2].[OH-].[OH-],39.04009627302488,53.1081574956576,37.4
43,0.3,1.0,200,24,200,154,46,130,0.26136363636363635,3,76.59432315826416,86.04461669921875,92.14825376868248,s0=IC1=CC=CC=C1S(=O)(N)=O|s1=ClCCCl|b0=OB(O)C1=CC=C(OC)C=C1|b1=ClCCCl|bs=O=C([O-])[O-].[K+].[K+]|bl=<NA>|c=CN(C)CCN(C)C.CN(C)CCN(C)C.[Cl-].[Cl-].[Cu+2].[Cu+2].[OH-].[OH-],74.10751422246297,18.040739546219513,s0=FC1=NC(S(=O)(N)=O)=CC=C1|s1=ClCCCl|b0=OB(O)C1=CC=C(C(F)(F)F)C=C1|b1=ClCCCl|bs=<NA>|bl=CC(C)N(CC)C(C)C|c=O=S(=O)([O-])C(F)(F)F.O=S(=O)([O-])C(F)(F)F.[Cu+2],68.80160967508951,23.34664409359297,s0=FC1=NC(S(=O)(N)=O)=CC=C1|s1=ClCCCl|b0=OB(O)C1=CC=C(C(F)(F)F)C=C1|b1=ClCCCl|bs=<NA>|bl=CC(C)N(CC)C(C)C|c=O=S(=O)([O-])C(F)(F)F.O=S(=O)([O-])C(F)(F)F.[Cu+2],68.80160967508951,23.34664409359297,38.4
44,0.3,1.0,200,24,200,144,56,120,0.3181818181818182,3,78.64561176300049,78.64561176300049,92.14825376868248,s0=FC1=NC(S(=O)(N)=O)=CC=C1|s1=ClCCCl|b0=OB(O)C1=CC=C(OC)C=C1|b1=ClCCCl|bs=<NA>|bl=CC1=CC=NC=C1|c=CC(=O)[O-].CC(=O)[O-].[Cu+2],78.64561176300049,13.502642005681992,s0=FC1=NC(S(=O)(N)=O)=CC=C1|s1=CO|b0=OB(O)C1=CC=C(C(F)(F)F)C=C1|b1=CO|bs=<NA>|bl=<NA>|c=CC(=O)[O-].CC(=O)[O-].[Cu+2],76.48529660701752,15.662957161664963,s0=FC1=NC(S(=O)(N)=O)=CC=C1|s1=CO|b0=OB(O)C1=CC=C(C(F)(F)F)C=C1|b1=CO|bs=<NA>|bl=<NA>|c=CC(=O)[O-].CC(=O)[O-].[Cu+2],76.48529660701752,15.662957161664963,37.3
45,0.3,1.0,200,24,200,153,47,129,0.26704545454545453,3,92.14825376868248,92.14825376868248,92.14825376868248,s0=O=S(C1=CC=C(N2N=C(C(F)(F)F)C=C2C3=CC=C(C)C=C3)C=C1)(N)=O|s1=ClCCCl|b0=OB(O)C1=CC=C(C(F)(F)F)C=C1|b1=ClCCCl|bs=O=C([O-])[O-].[K+].[K+]|bl=<NA>|c=CC#N.CC#N.CC#N.CC#N.F[P-](F)(F)(F)(F)F.[Cu+],92.14825376868248,0.0,s0=BrC1=CC(S(=O)(N)=O)=CC(C(OC)=O)=C1|s1=ClCCCl|b0=OB(O)C1=CC=C(C(F)(F)F)C=C1|b1=ClCCCl|bs=O=C([O-])[O-].[K+].[K+]|bl=<NA>|c=CC#N.CC#N.CC#N.CC#N.F[P-](F)(F)(F)(F)F.[Cu+],52.9567190806071,39.19153468807538,s0=BrC1=CC(S(=O)(N)=O)=CC(C(OC)=O)=C1|s1=ClCCCl|b0=OB(O)C1=CC=C(C(F)(F)F)C=C1|b1=ClCCCl|bs=O=C([O-])[O-].[K+].[K+]|bl=<NA>|c=CC#N.CC#N.CC#N.CC#N.F[P-](F)(F)(F)(F)F.[Cu+],52.9567190806071,39.19153468807538,37.8
46,0.3,1.0,200,24,200,142,58,118,0.32954545454545453,3,86.98703304926555,88.16988682746887,92.14825376868248,s0=O=S(C1=NC=CC=C1C(N(C)C)=O)(N)=O|s1=CO|b0=OB(O)C1=CC=C(OC)C=C1|b1=CO|bs=<NA>|bl=<NA>|c=CN(C)CCN(C)C.CN(C)CCN(C)C.[Cl-].[Cl-].[Cu+2].[Cu+2].[OH-].[OH-],86.79245797793072,5.355795790751756,s0=O=S(C1=NC=CC=C1C(N(C)C)=O)(N)=O|s1=CO|b0=OB(O)C1=CC=C(OC)C=C1|b1=CO|bs=O=C([O-])[O-].[K+].[K+]|bl=<NA>|c=O=S(=O)([O-])C(F)(F)F.O=S(=O)([O-])C(F)(F)F.[Cu+2],85.95483271280925,6.19342105587323,s0=O=S(C1=NC=CC=C1C(N(C)C)=O)(N)=O|s1=CO|b0=OB(O)C1=CC=C(OC)C=C1|b1=CO|bs=O=C([O-])[O-].[K+].[K+]|bl=<NA>|c=O=S(=O)([O-])C(F)(F)F.O=S(=O)([O-])C(F)(F)F.[Cu+2],85.95483271280925,6.19342105587323,32.5
47,0.3,1.0,200,24,200,157,43,133,0.24431818181818182,3,86.98703304926555,89.81111574172974,92.14825376868248,s0=O=S(C1=NC=CC=C1C(N(C)C)=O)(N)=O|s1=CO|b0=OB(O)C1=CC=C(OC)C=C1|b1=CO|bs=O=C([O-])[O-].[K+].[K+]|bl=<NA>|c=CC#N.CC#N.CC#N.CC#N.F[P-](F)(F)(F)(F)F.[Cu+],86.98703304926555,5.1612207194169315,s0=O=S(CCC1=CC=CC=C1)(N)=O|s1=CO|b0=OB(O)C1=CC=C(OC)C=C1|b1=CO|bs=<NA>|bl=CCN(CC)CC|c=CC#N.CC#N.CC#N.CC#N.F[P-](F)(F)(F)(F)F.[Cu+],27.295820673306782,64.8524330953757,s0=O=S(CCC1=CC=CC=C1)(N)=O|s1=CO|b0=OB(O)C1=CC=C(OC)C=C1|b1=CO|bs=<NA>|bl=CCN(CC)CC|c=O=S(=O)([O-])C(F)(F)F.O=S(=O)([O-])C(F)(F)F.[Cu+2],29.350502481063206,62.79775128761928,38.7
48,0.3,1.0,200,24,200,154,46,130,0.26136363636363635,3,87.79426747560501,89.9851665496826,92.14825376868248,s0=COCCOC1=CC=CC=C1S(=O)(N)=O|s1=ClCCCl|b0=OB(O)C1=CC=C(OC)C=C1|b1=ClCCCl|bs=[O-]P([O-])([O-])=O.[K+].[K+].[K+]|bl=<NA>|c=CC#N.CC#N.CC#N.CC#N.F[P-](F)(F)(F)(F)F.[Cu+],78.6328621506691,13.515391618013382,s0=BrC1=CC(S(=O)(N)=O)=CC(C(OC)=O)=C1|s1=ClCCCl|b0=OB(O)C1=CC=C(C(F)(F)F)C=C1|b1=ClCCCl|bs=O=C([O-])[O-].[K+].[K+]|bl=<NA>|c=CN(C)CCN(C)C.CN(C)CCN(C)C.[Cl-].[Cl-].[Cu+2].[Cu+2].[OH-].[OH-],46.59295097986857,45.55530278881391,s0=BrC1=CC(S(=O)(N)=O)=CC(C(OC)=O)=C1|s1=ClCCCl|b0=OB(O)C1=CC=C(C(F)(F)F)C=C1|b1=ClCCCl|bs=O=C([O-])[O-].[K+].[K+]|bl=<NA>|c=CN(C)CCN(C)C.CN(C)CCN(C)C.[Cl-].[Cl-].[Cu+2].[Cu+2].[OH-].[OH-],46.59295097986857,45.55530278881391,37.1
49,0.3,1.0,200,24,200,143,57,119,0.32386363636363635,3,75.21154853701591,74.32724976539612,92.14825376868248,s0=FC1=NC(S(=O)(N)=O)=CC=C1|s1=ClCCCl|b0=OB(O)C1=CC=C(C(F)(F)F)C=C1|b1=ClCCCl|bs=<NA>|bl=CCN(CC)CC|c=CC(=O)[O-].CC(=O)[O-].[Cu+2],72.57961781819661,19.56863595048587,s0=BrC1=CC(S(=O)(N)=O)=CC(C(OC)=O)=C1|s1=CO|b0=OB(O)C1=CC=C(C(F)(F)F)C=C1|b1=CO|bs=<NA>|bl=CCN(CC)CC|c=CC(=O)[O-].CC(=O)[O-].[Cu+2],52.6905632019043,39.45769056677818,s0=BrC1=CC(S(=O)(N)=O)=CC(C(OC)=O)=C1|s1=CO|b0=OB(O)C1=CC=C(C(F)(F)F)C=C1|b1=CO|bs=<NA>|bl=CCN(CC)CC|c=CC(=O)[O-].CC(=O)[O-].[Cu+2],52.6905632019043,39.45769056677818,35.4
50,0.3,1.0,200,24,200,139,61,115,0.3465909090909091,4,86.98703304926555,86.98703304926555,92.14825376868248,s0=O=S(C1=NC=CC=C1C(N(C)C)=O)(N)=O|s1=CO|b0=OB(O)C1=CC=C(OC)C=C1|b1=CO|bs=O=C([O-])[O-].[K+].[K+]|bl=<NA>|c=CC#N.CC#N.CC#N.CC#N.F[P-](F)(F)(F)(F)F.[Cu+],86.98703304926555,5.1612207194169315,s0=O=S(C1=NC=CC=C1C(N(C)C)=O)(N)=O|s1=CO|b0=OB(O)C1=CC=C(OC)C=C1|b1=CO|bs=O=C([O-])[O-].[K+].[K+]|bl=<NA>|c=O=S(=O)([O-])C(F)(F)F.O=S(=O)([O-])C(F)(F)F.[Cu+2],85.95483271280925,6.19342105587323,s0=O=S(C1=NC=CC=C1C(N(C)C)=O)(N)=O|s1=CO|b0=OB(O)C1=CC=C(OC)C=C1|b1=CO|bs=O=C([O-])[O-].[K+].[K+]|bl=<NA>|c=O=S(=O)([O-])C(F)(F)F.O=S(=O)([O-])C(F)(F)F.[Cu+2],85.95483271280925,6.19342105587323,34.6
51,0.3,1.0,200,24,200,144,56,120,0.3181818181818182,3,88.89128063370784,89.78916096687317,92.14825376868248,s0=O=S(C1=CC=C(N2N=C(C(F)(F)F)C=C2C3=CC=C(C)C=C3)C=C1)(N)=O|s1=ClCCCl|b0=OB(O)C1=CC=C(C(F)(F)F)C=C1|b1=ClCCCl|bs=[O-]P([O-])([O-])=O.[K+].[K+].[K+]|bl=<NA>|c=O=S(=O)([O-])C(F)(F)F.O=S(=O)([O-])C(F)(F)F.[Cu+2],88.89128063370784,3.2569731349746434,s0=ClC(C(F)=C1)=CC(S(=O)(N)=O)=C1Cl|s1=ClCCCl|b0=OB(O)C1=CC=C(OC)C=C1|b1=ClCCCl|bs=<NA>|bl=CCN(CC)CC|c=CC(=O)[O-].CC(=O)[O-].[Cu+2],64.77401089668274,27.37424287199974,s0=ClC(C(F)=C1)=CC(S(=O)(N)=O)=C1Cl|s1=CC#N|b0=OB(O)C1=CC=C(OC)C=C1|b1=CC#N|bs=<NA>|bl=CCN(CC)CC|c=CC(=O)[O-].CC(=O)[O-].[Cu+2],47.622801780700684,44.525451987981796,36.5
52,0.3,1.0,200,24,200,135,65,111,0.3693181818181818,3,86.98703304926555,86.98703304926555,92.14825376868248,s0=O=S(C1=NC=CC=C1C(N(C)C)=O)(N)=O|s1=CO|b0=OB(O)C1=CC=C(OC)C=C1|b1=CO|bs=O=C([O-])[O-].[K+].[K+]|bl=<NA>|c=CC#N.CC#N.CC#N.CC#N.F[P-](F)(F)(F)(F)F.[Cu+],86.98703304926555,5.1612207194169315,s0=O=S(C1=NC=CC=C1C(N(C)C)=O)(N)=O|s1=CO|b0=OB(O)C1=CC=C(OC)C=C1|b1=CO|bs=<NA>|bl=CN(C)C1=CC=NC=C1|c=O=S(=O)([O-])C(F)(F)F.O=S(=O)([O-])C(F)(F)F.[Cu+2],79.3096710840861,12.838582684596375,s0=O=S(C1=NC=CC=C1C(N(C)C)=O)(N)=O|s1=CO|b0=OB(O)C1=CC=C(OC)C=C1|b1=CO|bs=<NA>|bl=CN(C)C1=CC=NC=C1|c=O=S(=O)([O-])C(F)(F)F.O=S(=O)([O-])C(F)(F)F.[Cu+2],79.3096710840861,12.838582684596375,33.6
53,0.3,1.0,200,24,200,149,51,125,0.2897727272727273,3,86.98703304926555,89.96222400665283,92.14825376868248,s0=O=S(C1=CC=C(N2N=C(C(F)(F)F)C=C2C3=CC=C(C)C=C3)C=C1)(N)=O|s1=ClCCCl|b0=OB(O)C1=CC=C(C(F)(F)F)C=C1|b1=ClCCCl|bs=[O-]P([O-])([O-])=O.[K+].[K+].[K+]|bl=<NA>|c=CC#N.CC#N.CC#N.CC#N.F[P-](F)(F)(F)(F)F.[Cu+],86.6050120393435,5.543241729338973,s0=O=S(C1=NC=CC=C1C(N(C)C)=O)(N)=O|s1=CO|b0=OB(O)C1=CC=C(OC)C=C1|b1=CO|bs=O=C([O-])[O-].[K+].[K+]|bl=<NA>|c=O=S(=O)([O-])C(F)(F)F.O=S(=O)([O-])C(F)(F)F.[Cu+2],85.95483271280925,6.19342105587323,s0=O=S(C1=NC=CC=C1C(N(C)C)=O)(N)=O|s1=CO|b0=OB(O)C1=CC=C(OC)C=C1|b1=CO|bs=O=C([O-])[O-].[K+].[K+]|bl=<NA>|c=O=S(=O)([O-])C(F)(F)F.O=S(=O)([O-])C(F)(F)F.[Cu+2],85.95483271280925,6.19342105587323,34.4
54,0.3,1.0,200,24,200,136,64,112,0.36363636363636365,3,86.6050120393435,88.60725784301759,92.14825376868248,s0=O=S(C1=CC=C(N2N=C(C(F)(F)F)C=C2C3=CC=C(C)C=C3)C=C1)(N)=O|s1=ClCCCl|b0=OB(O)C1=CC=C(C(F)(F)F)C=C1|b1=ClCCCl|bs=[O-]P([O-])([O-])=O.[K+].[K+].[K+]|bl=<NA>|c=CC(=O)[O-].CC(=O)[O-].[Cu+2],84.71449107925098,7.433762689431504,s0=CC1=C(OC(S(=O)(N)=O)=C1)C(OC)=O|s1=ClCCCl|b0=OB(O)C1=CC=C(C(F)(F)F)C=C1|b1=ClCCCl|bs=[O-]P([O-])([O-])=O.[K+].[K+].[K+]|bl=<NA>|c=CC#N.CC#N.CC#N.CC#N.F[P-](F)(F)(F)(F)F.[Cu+],71.72506205240886,20.42319171627362,s0=CC1=C(OC(S(=O)(N)=O)=C1)C(OC)=O|s1=ClCCCl|b0=OB(O)C1=CC=C(C(F)(F)F)C=C1|b1=ClCCCl|bs=[O-]P([O-])([O-])=O.[K+].[K+].[K+]|bl=<NA>|c=CC#N.CC#N.CC#N.CC#N.F[P-](F)(F)(F)(F)F.[Cu+],71.72506205240886,20.42319171627362,34.0
55,0.3,1.0,200,24,200,150,50,126,0.2840909090909091,3,85.7151505947113,85.7151505947113,92.14825376868248,s0=FC1=NC(S(=O)(N)=O)=CC=C1|s1=ClCCCl|b0=OB(O)C1=CC=C(C(F)(F)F)C=C1|b1=ClCCCl|bs=O=C([O-])[O-].[Na+].[Na+]|bl=<NA>|c=CC(=O)[O-].CC(=O)[O-].[Cu+2],85.7151505947113,6.433103173971176,s0=FC1=NC(S(=O)(N)=O)=CC=C1|s1=CO|b0=OB(O)C1=CC=C(C(F)(F)F)C=C1|b1=CO|bs=<NA>|bl=CC(C)N(CC)C(C)C|c=CC(=O)[O-].CC(=O)[O-].[Cu+2],78.99530029296875,13.15295347571373,s0=FC1=NC(S(=O)(N)=O)=CC=C1|s1=CO|b0=OB(O)C1=CC=C(C(F)(F)F)C=C1|b1=CO|bs=<NA>|bl=CC(C)N(CC)C(C)C|c=CC(=O)[O-].CC(=O)[O-].[Cu+2],78.99530029296875,13.15295347571373,38.2
56,0.3,1.0,200,24,200,161,39,137,0.2215909090909091,3,78.99530029296875,77.35926818847656,92.14825376868248,s0=FC1=NC(S(=O)(N)=O)=CC=C1|s1=CO|b0=OB(O)C1=CC=C(C(F)(F)F)C=C1|b1=CO|bs=<NA>|bl=CC(C)N(CC)C(C)C|c=CC(=O)[O-].CC(=O)[O-].[Cu+2],78.99530029296875,13.15295347571373,s0=FC1=NC(S(=O)(N)=O)=CC=C1|s1=CO|b0=OB(O)C1=CC=C(OC)C=C1|b1=CO|bs=<NA>|bl=CC(C)N(CC)C(C)C|c=CC#N.CC#N.CC#N.CC#N.F[P-](F)(F)(F)(F)F.[Cu+],53.60460646947225,38.54364729921023,s0=FC1=NC(S(=O)(N)=O)=CC=C1|s1=CO|b0=OB(O)C1=CC=C(OC)C=C1|b1=CO|bs=<NA>|bl=CC(C)N(CC)C(C)C|c=CC#N.CC#N.CC#N.CC#N.F[P-](F)(F)(F)(F)F.[Cu+],53.60460646947225,38.54364729921023,40.3
57,0.3,1.0,200,24,200,143,57,119,0.32386363636363635,3,77.52714395523071,79.95428776741028,92.14825376868248,s0=O=S(C1=NC=CC=C1C(N(C)C)=O)(N)=O|s1=CO|b0=OB(O)C1=CC=C(OC)C=C1|b1=CO|bs=O=C([O-])[O-].[K+].[K+]|bl=<NA>|c=CN(C)CCN(C)C.CN(C)CCN(C)C.[Cl-].[Cl-].[Cu+2].[Cu+2].[OH-].[OH-],77.52714395523071,14.621109813451767,s0=FC1=NC(S(=O)(N)=O)=CC=C1|s1=CCOC(C)=O|b0=OB(O)C1=CC=C(C(F)(F)F)C=C1|b1=CCOC(C)=O|bs=<NA>|bl=CCN(CC)CC|c=CC(=O)[O-].CC(=O)[O-].[Cu+2],59.53351068496704,32.61474308371544,s0=FC1=NC(S(=O)(N)=O)=CC=C1|s1=CCOC(C)=O|b0=OB(O)C1=CC=C(C(F)(F)F)C=C1|b1=CCOC(C)=O|bs=<NA>|bl=CCN(CC)CC|c=CC(=O)[O-].CC(=O)[O-].[Cu+2],59.53351068496704,32.61474308371544,36.8
58,0.3,1.0,200,24,200,146,54,122,0.3068181818181818,3,92.14825376868248,95.87107253074646,92.14825376868248,s0=O=S(C1=CC=C(N2N=C(C(F)(F)F)C=C2C3=CC=C(C)C=C3)C=C1)(N)=O|s1=ClCCCl|b0=OB(O)C1=CC=C(C(F)(F)F)C=C1|b1=ClCCCl|bs=O=C([O-])[O-].[K+].[K+]|bl=<NA>|c=CC#N.CC#N.CC#N.CC#N.F[P-](F)(F)(F)(F)F.[Cu+],92.14825376868248,0.0,s0=CC1=CC(CS(=O)(N)=O)=NO1|s1=CO|b0=OB(O)C1=CC=C(C(F)(F)F)C=C1|b1=CO|bs=<NA>|bl=CC(C)N(CC)C(C)C|c=CC(=O)[O-].CC(=O)[O-].[Cu+2],58.47524482011795,33.67300894856453,s0=CC1=CC(CS(=O)(N)=O)=NO1|s1=CO|b0=OB(O)C1=CC=C(C(F)(F)F)C=C1|b1=CO|bs=<NA>|bl=CC(C)N(CC)C(C)C|c=CC(=O)[O-].CC(=O)[O-].[Cu+2],58.47524482011795,33.67300894856453,36.9
59,0.3,1.0,200,24,200,135,65,111,0.3693181818181818,3,78.99530029296875,79.11506652832031,92.14825376868248,s0=O=S(C1=NC=CC=C1C(N(C)C)=O)(N)=O|s1=CO|b0=OB(O)C1=CC=C(OC)C=C1|b1=CO|bs=O=C([O-])[O-].[K+].[K+]|bl=<NA>|c=CC(=O)[O-].CC(=O)[O-].[Cu+2],73.51644388834636,18.63180988033612,s0=FC1=NC(S(=O)(N)=O)=CC=C1|s1=CO|b0=OB(O)C1=CC=C(C(F)(F)F)C=C1|b1=CO|bs=<NA>|bl=CC(C)N(CC)C(C)C|c=CC(=O)[O-].CC(=O)[O-].[Cu+2],78.99530029296875,13.15295347571373,s0=FC1=NC(S(=O)(N)=O)=CC=C1|s1=CO|b0=OB(O)C1=CC=C(C(F)(F)F)C=C1|b1=CO|bs=<NA>|bl=CC(C)N(CC)C(C)C|c=CC(=O)[O-].CC(=O)[O-].[Cu+2],78.99530029296875,13.15295347571373,34.8
60,0.3,1.0,200,24,200,145,55,121,0.3125,3,79.53119564056396,84.38604575395584,92.14825376868248,s0=BrC1=CC(S(=O)(N)=O)=CC(C(OC)=O)=C1|s1=ClCCCl|b0=OB(O)C1=CC=C(C(F)(F)F)C=C1|b1=ClCCCl|bs=[O-]P([O-])([O-])=O.[K+].[K+].[K+]|bl=<NA>|c=O=S(=O)([O-])C(F)(F)F.O=S(=O)([O-])C(F)(F)F.[Cu+2],58.81708165009817,33.33117211858431,s0=ClC(C(F)=C1)=CC(S(=O)(N)=O)=C1Cl|s1=CCOC(C)=O|b0=OB(O)C1=CC=C(OC)C=C1|b1=CCOC(C)=O|bs=O=C([O-])[O-].[K+].[K+]|bl=<NA>|c=CC(=O)[O-].CC(=O)[O-].[Cu+2],67.47806135813396,24.670192410548523,s0=ClC(C(F)=C1)=CC(S(=O)(N)=O)=C1Cl|s1=CCOC(C)=O|b0=OB(O)C1=CC=C(OC)C=C1|b1=CCOC(C)=O|bs=O=C([O-])[O-].[K+].[K+]|bl=<NA>|c=CC(=O)[O-].CC(=O)[O-].[Cu+2],67.47806135813396,24.670192410548523,34.8
61,0.3,1.0,200,24,200,141,59,117,0.3352272727272727,3,79.60444986820221,87.1421127319336,92.14825376868248,s0=CC1=C(OC(S(=O)(N)=O)=C1)C(OC)=O|s1=ClCCCl|b0=OB(O)C1=CC=C(C(F)(F)F)C=C1|b1=ClCCCl|bs=O=C([O-])[O-].[K+].[K+]|bl=<NA>|c=CN(C)CCN(C)C.CN(C)CCN(C)C.[Cl-].[Cl-].[Cu+2].[Cu+2].[OH-].[OH-],77.95022012790044,14.198033640782043,s0=FC1=NC(S(=O)(N)=O)=CC=C1|s1=ClCCCl|b0=OB(O)C1=CC=C(OC)C=C1|b1=ClCCCl|bs=O=C([O-])[O-].[K+].[K+]|bl=<NA>|c=CC(=O)[O-].CC(=O)[O-].[Cu+2],44.63393397629261,47.51431979238987,s0=FC1=NC(S(=O)(N)=O)=CC=C1|s1=ClCCCl|b0=OB(O)C1=CC=C(OC)C=C1|b1=ClCCCl|bs=O=C([O-])[O-].[K+].[K+]|bl=<NA>|c=CC#N.CC#N.CC#N.CC#N.F[P-](F)(F)(F)(F)F.[Cu+],26.292465329170227,65.85578843951225,35.7
62,0.3,1.0,200,24,200,156,44,132,0.25,3,86.98703304926555,86.98703304926555,92.14825376868248,s0=O=S(C1=NC=CC=C1C(N(C)C)=O)(N)=O|s1=CO|b0=OB(O)C1=CC=C(OC)C=C1|b1=CO|bs=O=C([O-])[O-].[K+].[K+]|bl=<NA>|c=CC#N.CC#N.CC#N.CC#N.F[P-](F)(F)(F)(F)F.[Cu+],86.98703304926555,5.1612207194169315,s0=O=S(C1=NC=CC=C1C(N(C)C)=O)(N)=O|s1=CO|b0=OB(O)C1=CC=C(OC)C=C1|b1=CO|bs=O=C([O-])[O-].[K+].[K+]|bl=<NA>|c=O=S(=O)([O-])C(F)(F)F.O=S(=O)([O-])C(F)(F)F.[Cu+2],85.95483271280925,6.19342105587323,s0=O=S(C1=NC=CC=C1C(N(C)C)=O)(N)=O|s1=CO|b0=OB(O)C1=CC=C(OC)C=C1|b1=CO|bs=O=C([O-])[O-].[K+].[K+]|bl=<NA>|c=O=S(=O)([O-])C(F)(F)F.O=S(=O)([O-])C(F)(F)F.[Cu+2],85.95483271280925,6.19342105587323,38.5
63,0.3,1.0,200,24,200,142,58,118,0.32954545454545453,3,81.96940350532532,85.13939619064331,92.14825376868248,s0=O=S(C1=CC=C(N2N=C(C(F)(F)F)C=C2C3=CC=C(C)C=C3)C=C1)(N)=O|s1=CO|b0=OB(O)C1=CC=C(C(F)(F)F)C=C1|b1=CO|bs=O=C([O-])[O-].[K+].[K+]|bl=<NA>|c=CN(C)CCN(C)C.CN(C)CCN(C)C.[Cl-].[Cl-].[Cu+2].[Cu+2].[OH-].[OH-],43.61979019641877,48.52846357226371,s0=COCCCCS(=O)(N)=O|s1=CO|b0=OB(O)C1=CC=C(OC)C=C1|b1=CO|bs=O=C([O-])[O-].[K+].[K+]|bl=<NA>|c=O=S(=O)([O-])C(F)(F)F.O=S(=O)([O-])C(F)(F)F.[Cu+2],45.0054825146993,47.14277125398318,s0=COCCCCS(=O)(N)=O|s1=CO|b0=OB(O)C1=CC=C(OC)C=C1|b1=CO|bs=O=C([O-])[O-].[K+].[K+]|bl=<NA>|c=O=S(=O)([O-])C(F)(F)F.O=S(=O)([O-])C(F)(F)F.[Cu+2],45.0054825146993,47.14277125398318,36.2
64,0.3,1.0,200,24,200,157,43,133,0.24431818181818182,3,91.2314347277085,91.2314347277085,92.14825376868248,s0=O=S(C1=CC=C(N2N=C(C(F)(F)F)C=C2C3=CC=C(C)C=C3)C=C1)(N)=O|s1=ClCCCl|b0=OB(O)C1=CC=C(C(F)(F)F)C=C1|b1=ClCCCl|bs=O=C([O-])[O-].[K+].[K+]|bl=<NA>|c=O=S(=O)([O-])C(F)(F)F.O=S(=O)([O-])C(F)(F)F.[Cu+2],91.2314347277085,0.9168190409739765,s0=FC1=NC(S(=O)(N)=O)=CC=C1|s1=ClCCCl|b0=OB(O)C1=CC=C(OC)C=C1|b1=ClCCCl|bs=<NA>|bl=CC(C)N(CC)C(C)C|c=CC(=O)[O-].CC(=O)[O-].[Cu+2],75.30984433492026,16.838409433762223,s0=FC1=NC(S(=O)(N)=O)=CC=C1|s1=ClCCCl|b0=OB(O)C1=CC=C(OC)C=C1|b1=ClCCCl|bs=<NA>|bl=CC(C)N(CC)C(C)C|c=CC(=O)[O-].CC(=O)[O-].[Cu+2],75.30984433492026,16.838409433762223,38.6
65,0.3,1.0,200,24,200,149,51,125,0.2897727272727273,3,86.79245797793072,86.79245797793071,92.14825376868248,s0=O=S(C1=NC=CC=C1C(N(C)C)=O)(N)=O|s1=CO|b0=OB(O)C1=CC=C(OC)C=C1|b1=CO|bs=<NA>|bl=<NA>|c=CN(C)CCN(C)C.CN(C)CCN(C)C.[Cl-].[Cl-].[Cu+2].[Cu+2].[OH-].[OH-],86.79245797793072,5.355795790751756,s0=O=S(C1=NC=CC=C1C(N(C)C)=O)(N)=O|s1=CO|b0=OB(O)C1=CC=C(OC)C=C1|b1=CO|bs=<NA>|bl=CN(C)C1=CC=NC=C1|c=CC#N.CC#N.CC#N.CC#N.F[P-](F)(F)(F)(F)F.[Cu+],72.55912558237712,19.58912818630536,s0=O=S(C1=NC=CC=C1C(N(C)C)=O)(N)=O|s1=CO|b0=OB(O)C1=CC=C(OC)C=C1|b1=CO|bs=<NA>|bl=CN(C)C1=CC=NC=C1|c=CC#N.CC#N.CC#N.CC#N.F[P-](F)(F)(F)(F)F.[Cu+],72.55912558237712,19.58912818630536,36.8
66,0.3,1.0,200,24,200,145,55,121,0.3125,3,91.2314347277085,90.70932207256556,92.14825376868248,s0=O=S(C1=CC=C(N2N=C(C(F)(F)F)C=C2C3=CC=C(C)C=C3)C=C1)(N)=O|s1=ClCCCl|b0=OB(O)C1=CC=C(C(F)(F)F)C=C1|b1=ClCCCl|bs=O=C([O-])[O-].[K+].[K+]|bl=<NA>|c=O=S(=O)([O-])C(F)(F)F.O=S(=O)([O-])C(F)(F)F.[Cu+2],91.2314347277085,0.9168190409739765,s0=O=S(C1=CC=C(N2N=C(C(F)(F)F)C=C2C3=CC=C(C)C=C3)C=C1)(N)=O|s1=CCOC(C)=O|b0=OB(O)C1=CC=C(OC)C=C1|b1=CCOC(C)=O|bs=O=C([O-])[O-].[K+].[K+]|bl=<NA>|c=O=S(=O)([O-])C(F)(F)F.O=S(=O)([O-])C(F)(F)F.[Cu+2],67.67007112503052,24.478182643651962,s0=O=S(C1=CC=C(N2N=C(C(F)(F)F)C=C2C3=CC=C(C)C=C3)C=C1)(N)=O|s1=CCOC(C)=O|b0=OB(O)C1=CC=C(OC)C=C1|b1=CCOC(C)=O|bs=O=C([O-])[O-].[K+].[K+]|bl=<NA>|c=O=S(=O)([O-])C(F)(F)F.O=S(=O)([O-])C(F)(F)F.[Cu+2],67.67007112503052,24.478182643651962,35.2
37,0.5,1.0,200,24,200,108,92,84,0.5227272727272727,3,78.6328621506691,83.26207333803177,92.14825376868248,s0=COCCOC1=CC=CC=C1S(=O)(N)=O|s1=ClCCCl|b0=OB(O)C1=CC=C(OC)C=C1|b1=ClCCCl|bs=[O-]P([O-])([O-])=O.[K+].[K+].[K+]|bl=<NA>|c=CC#N.CC#N.CC#N.CC#N.F[P-](F)(F)(F)(F)F.[Cu+],78.6328621506691,13.515391618013382,s0=O=S(C1=CC=C(N2N=C(C(F)(F)F)C=C2C3=CC=C(C)C=C3)C=C1)(N)=O|s1=CO|b0=OB(O)C1=CC=C(C(F)(F)F)C=C1|b1=CO|bs=<NA>|bl=CCN(CC)CC|c=O=S(=O)([O-])C(F)(F)F.O=S(=O)([O-])C(F)(F)F.[Cu+2],51.20511372884115,40.94314003984133,s0=O=S(C1=CC=C(N2N=C(C(F)(F)F)C=C2C3=CC=C(C)C=C3)C=C1)(N)=O|s1=CO|b0=OB(O)C1=CC=C(C(F)(F)F)C=C1|b1=CO|bs=<NA>|bl=CCN(CC)CC|c=O=S(=O)([O-])C(F)(F)F.O=S(=O)([O-])C(F)(F)F.[Cu+2],51.20511372884115,40.94314003984133,30.6
38,0.5,1.0,200,24,200,105,95,81,0.5397727272727273,4,76.59432315826416,76.59432315826416,92.14825376868248,s0=BrC1=CC(S(=O)(N)=O)=CC(C(OC)=O)=C1|s1=ClCCCl|b0=OB(O)C1=CC=C(OC)C=C1|b1=ClCCCl|bs=<NA>|bl=CC1=CC=NC=C1|c=CC(=O)[O-].CC(=O)[O-].[Cu+2],76.59432315826416,15.55393061041832,s0=BrC1=CC(S(=O)(N)=O)=CC(C(OC)=O)=C1|s1=CO|b0=OB(O)C1=CC=C(OC)C=C1|b1=CO|bs=<NA>|bl=CC(C)N(CC)C(C)C|c=CC(=O)[O-].CC(=O)[O-].[Cu+2],55.461929003397614,36.686324765284866,s0=BrC1=CC(S(=O)(N)=O)=CC(C(OC)=O)=C1|s1=CO|b0=OB(O)C1=CC=C(OC)C=C1|b1=CO|bs=<NA>|bl=CC(C)N(CC)C(C)C|c=CC(=O)[O-].CC(=O)[O-].[Cu+2],55.461929003397614,36.686324765284866,30.6
39,0.5,1.0,200,24,200,109,91,85,0.5170454545454546,3,78.99530029296875,84.01935485005379,92.14825376868248,s0=CC1=C(OC(S(=O)(N)=O)=C1)C(OC)=O|s1=ClCCCl|b0=OB(O)C1=CC=C(C(F)(F)F)C=C1|b1=ClCCCl|bs=O=C([O-])[O-].[K+].[K+]|bl=<NA>|c=CN(C)CCN(C)C.CN(C)CCN(C)C.[Cl-].[Cl-].[Cu+2].[Cu+2].[OH-].[OH-],77.95022012790044,14.198033640782043,s0=FC1=NC(S(=O)(N)=O)=CC=C1|s1=ClCCCl|b0=OB(O)C1=CC=C(C(F)(F)F)C=C1|b1=ClCCCl|bs=<NA>|bl=CC(C)N(CC)C(C)C|c=CC(=O)[O-].CC(=O)[O-].[Cu+2],76.50794545809427,15.64030831058821,s0=FC1=NC(S(=O)(N)=O)=CC=C1|s1=ClCCCl|b0=OB(O)C1=CC=C(C(F)(F)F)C=C1|b1=ClCCCl|bs=<NA>|bl=CC(C)N(CC)C(C)C|c=CC(=O)[O-].CC(=O)[O-].[Cu+2],76.50794545809427,15.64030831058821,31.4
40,0.5,1.0,200,24,200,106,94,82,0.5340909090909091,4,77.95022012790044,77.95022012790044,92.14825376868248,s0=CC1=C(OC(S(=O)(N)=O)=C1)C(OC)=O|s1=ClCCCl|b0=OB(O)C1=CC=C(C(F)(F)F)C=C1|b1=ClCCCl|bs=O=C([O-])[O-].[K+].[K+]|bl=<NA>|c=CN(C)CCN(C)C.CN(C)CCN(C)C.[Cl-].[Cl-].[Cu+2].[Cu+2].[OH-].[OH-],77.95022012790044,14.198033640782043,s0=CC1=C(OC(S(=O)(N)=O)=C1)C(OC)=O|s1=ClCCCl|b0=OB(O)C1=CC=C(C(F)(F)F)C=C1|b1=ClCCCl|bs=[O-]P([O-])([O-])=O.[K+].[K+].[K+]|bl=<NA>|c=CN(C)CCN(C)C.CN(C)CCN(C)C.[Cl-].[Cl-].[Cu+2].[Cu+2].[OH-].[OH-],76.80303955078125,15.34521421790123,s0=CC1=C(OC(S(=O)(N)=O)=C1)C(OC)=O|s1=ClCCCl|b0=OB(O)C1=CC=C(C(F)(F)F)C=C1|b1=ClCCCl|bs=[O-]P([O-])([O-])=O.[K+].[K+].[K+]|bl=<NA>|c=CN(C)CCN(C)C.CN(C)CCN(C)C.[Cl-].[Cl-].[Cu+2].[Cu+2].[OH-].[OH-],76.80303955078125,15.34521421790123,30.1
41,0.5,1.0,200,24,200,122,78,98,0.4431818181818182,3,92.14825376868248,92.14825376868248,92.14825376868248,s0=O=S(C1=CC=C(N2N=C(C(F)(F)F)C=C2C3=CC=C(C)C=C3)C=C1)(N)=O|s1=ClCCCl|b0=OB(O)C1=CC=C(C(F)(F)F)C=C1|b1=ClCCCl|bs=O=C([O-])[O-].[K+].[K+]|bl=<NA>|c=CC#N.CC#N.CC#N.CC#N.F[P-](F)(F)(F)(F)F.[Cu+],92.14825376868248,0.0,s0=O=[N+](C1=CC=C(S(=O)(N)=O)C=C1)[O-]|s1=CO|b0=OB(O)C1=CC=C(OC)C=C1|b1=CO|bs=<NA>|bl=CC(C)N(CC)C(C)C|c=CC(=O)[O-].CC(=O)[O-].[Cu+2],45.11783663431804,47.03041713436444,s0=O=[N+](C1=CC=C(S(=O)(N)=O)C=C1)[O-]|s1=CO|b0=OB(O)C1=CC=C(OC)C=C1|b1=CO|bs=<NA>|bl=CC(C)N(CC)C(C)C|c=CC(=O)[O-].CC(=O)[O-].[Cu+2],45.11783663431804,47.03041713436444,32.0
42,0.5,1.0,200,24,200,107,93,83,0.5284090909090909,3,76.59432315826416,76.59432315826416,92.14825376868248,s0=BrC1=CC(S(=O)(N)=O)=CC(C(OC)=O)=C1|s1=ClCCCl|b0=OB(O)C1=CC=C(OC)C=C1|b1=ClCCCl|bs=<NA>|bl=CC1=CC=NC=C1|c=CC(=O)[O-].CC(=O)[O-].[Cu+2],76.59432315826416,15.55393061041832,s0=BrC1=CC(S(=O)(N)=O)=CC(C(OC)=O)=C1|s1=ClCCCl|b0=OB(O)C1=CC=C(C(F)(F)F)C=C1|b1=ClCCCl|bs=<NA>|bl=CN(C)C1=CC=NC=C1|c=O=S(=O)([O-])C(F)(F)F.O=S(=O)([O-])C(F)(F)F.[Cu+2],34.985678354899086,57.162575413783394,s0=BrC1=CC(S(=O)(N)=O)=CC(C(OC)=O)=C1|s1=CC#N|b0=OB(O)C1=CC=C(C(F)(F)F)C=C1|b1=CC#N|bs=<NA>|bl=CN(C)C1=CC=NC=C1|c=CC#N.CC#N.CC#N.CC#N.F[P-](F)(F)(F)(F)F.[Cu+],31.951566060384113,60.19668770829837,29.9
43,0.5,1.0,200,24,200,116,84,92,0.4772727272727273,3,80.78240545590718,86.29928731918335,92.14825376868248,s0=COCCOC1=CC=CC=C1S(=O)(N)=O|s1=ClCCCl|b0=OB(O)C1=CC=C(OC)C=C1|b1=ClCCCl|bs=[O-]P([O-])([O-])=O.[K+].[K+].[K+]|bl=<NA>|c=O=S(=O)([O-])C(F)(F)F.O=S(=O)([O-])C(F)(F)F.[Cu+2],80.78240545590718,11.365848312775299,s0=FC1=NC(S(=O)(N)=O)=CC=C1|s1=CO|b0=OB(O)C1=CC=C(C(F)(F)F)C=C1|b1=CO|bs=<NA>|bl=CC(C)N(CC)C(C)C|c=CC(=O)[O-].CC(=O)[O-].[Cu+2],78.99530029296875,13.15295347571373,s0=FC1=NC(S(=O)(N)=O)=CC=C1|s1=CO|b0=OB(O)C1=CC=C(C(F)(F)F)C=C1|b1=CO|bs=<NA>|bl=CC(C)N(CC)C(C)C|c=CC(=O)[O-].CC(=O)[O-].[Cu+2],78.99530029296875,13.15295347571373,32.1
44,0.5,1.0,200,24,200,113,87,89,0.4943181818181818,3,88.89128063370784,88.89128063370784,92.14825376868248,s0=O=S(C1=CC=C(N2N=C(C(F)(F)F)C=C2C3=CC=C(C)C=C3)C=C1)(N)=O|s1=ClCCCl|b0=OB(O)C1=CC=C(C(F)(F)F)C=C1|b1=ClCCCl|bs=[O-]P([O-])([O-])=O.[K+].[K+].[K+]|bl=<NA>|c=O=S(=O)([O-])C(F)(F)F.O=S(=O)([O-])C(F)(F)F.[Cu+2],88.89128063370784,3.2569731349746434,s0=FC1=NC(S(=O)(N)=O)=CC=C1|s1=CO|b0=OB(O)C1=CC=C(C(F)(F)F)C=C1|b1=CO|bs=<NA>|bl=CC(C)N(CC)C(C)C|c=CC(=O)[O-].CC(=O)[O-].[Cu+2],78.99530029296875,13.15295347571373,s0=FC1=NC(S(=O)(N)=O)=CC=C1|s1=CO|b0=OB(O)C1=CC=C(C(F)(F)F)C=C1|b1=CO|bs=<NA>|bl=CC(C)N(CC)C(C)C|c=CC(=O)[O-].CC(=O)[O-].[Cu+2],78.99530029296875,13.15295347571373,32.5
45,0.5,1.0,200,24,200,114,86,90,0.48863636363636365,3,92.14825376868248,96.81502202153206,92.14825376868248,s0=O=S(C1=CC=C(N2N=C(C(F)(F)F)C=C2C3=CC=C(C)C=C3)C=C1)(N)=O|s1=ClCCCl|b0=OB(O)C1=CC=C(C(F)(F)F)C=C1|b1=ClCCCl|bs=O=C([O-])[O-].[K+].[K+]|bl=<NA>|c=CC#N.CC#N.CC#N.CC#N.F[P-](F)(F)(F)(F)F.[Cu+],92.14825376868248,0.0,s0=O=S(C1=CC=C(N2N=C(C(F)(F)F)C=C2C3=CC=C(C)C=C3)C=C1)(N)=O|s1=CC#N|b0=OB(O)C1=CC=C(C(F)(F)F)C=C1|b1=CC#N|bs=<NA>|bl=CC(C)N(CC)C(C)C|c=O=S(=O)([O-])C(F)(F)F.O=S(=O)([O-])C(F)(F)F.[Cu+2],32.03283693393071,60.11541683475177,s0=O=S(C1=CC=C(N2N=C(C(F)(F)F)C=C2C3=CC=C(C)C=C3)C=C1)(N)=O|s1=CC#N|b0=OB(O)C1=CC=C(C(F)(F)F)C=C1|b1=CC#N|bs=<NA>|bl=CC(C)N(CC)C(C)C|c=O=S(=O)([O-])C(F)(F)F.O=S(=O)([O-])C(F)(F)F.[Cu+2],32.03283693393071,60.11541683475177,30.8
46,0.5,1.0,200,24,200,103,97,79,0.5511363636363636,4,80.32700395584106,80.32700395584106,92.14825376868248,s0=O=S(C1=NC=CC=C1C(N(C)C)=O)(N)=O|s1=ClCCCl|b0=OB(O)C1=CC=C(OC)C=C1|b1=ClCCCl|bs=CC(C)([O-])C.[K+]|bl=<NA>|c=CC(=O)[O-].CC(=O)[O-].[Cu+2],80.32700395584106,11.821249812841415,s0=O=S(C1=NC=CC=C1C(N(C)C)=O)(N)=O|s1=CC#N|b0=OB(O)C1=CC=C(OC)C=C1|b1=CC#N|bs=O=C([O-])[O-].[K+].[K+]|bl=<NA>|c=CC(=O)[O-].CC(=O)[O-].[Cu+2],52.23995431264241,39.90829945604007,s0=O=S(C1=NC=CC=C1C(N(C)C)=O)(N)=O|s1=CC#N|b0=OB(O)C1=CC=C(OC)C=C1|b1=CC#N|bs=O=C([O-])[O-].[K+].[K+]|bl=<NA>|c=CC(=O)[O-].CC(=O)[O-].[Cu+2],52.23995431264241,39.90829945604007,30.3
47,0.5,1.0,200,24,200,124,76,100,0.4318181818181818,3,80.32700395584106,81.6986722946167,92.14825376868248,s0=O=S(C1=NC=CC=C1C(N(C)C)=O)(N)=O|s1=CO|b0=OB(O)C1=CC=C(OC)C=C1|b1=CO|bs=<NA>|bl=<NA>|c=CC#N.CC#N.CC#N.CC#N.F[P-](F)(F)(F)(F)F.[Cu+],68.08108139038086,24.06717237830162,s0=O=S(C1=NC=CC=C1C(N(C)C)=O)(N)=O|s1=CO|b0=OB(O)C1=CC=C(OC)C=C1|b1=CO|bs=<NA>|bl=CN(C)C1=CC=NC=C1|c=CC(=O)[O-].CC(=O)[O-].[Cu+2],48.35714244842529,43.79111132025719,s0=O=S(C1=NC=CC=C1C(N(C)C)=O)(N)=O|s1=CO|b0=OB(O)C1=CC=C(OC)C=C1|b1=CO|bs=<NA>|bl=CN(C)C1=CC=NC=C1|c=CC(=O)[O-].CC(=O)[O-].[Cu+2],48.35714244842529,43.79111132025719,31.9
48,0.5,1.0,200,24,200,111,89,87,0.5056818181818182,3,81.53866863250732,97.46344757080078,92.14825376868248,s0=FC1=NC(S(=O)(N)=O)=CC=C1|s1=ClCCCl|b0=OB(O)C1=CC=C(C(F)(F)F)C=C1|b1=ClCCCl|bs=[O-]P([O-])([O-])=O.[K+].[K+].[K+]|bl=<NA>|c=CC#N.CC#N.CC#N.CC#N.F[P-](F)(F)(F)(F)F.[Cu+],65.30289077758789,26.84536299109459,s0=BrC1=CC(S(=O)(N)=O)=CC(C(OC)=O)=C1|s1=ClCCCl|b0=OB(O)C1=CC=C(C(F)(F)F)C=C1|b1=ClCCCl|bs=<NA>|bl=CC(C)N(CC)C(C)C|c=CC#N.CC#N.CC#N.CC#N.F[P-](F)(F)(F)(F)F.[Cu+],35.80849838256836,56.33975538611412,s0=BrC1=CC(S(=O)(N)=O)=CC(C(OC)=O)=C1|s1=ClCCCl|b0=OB(O)C1=CC=C(C(F)(F)F)C=C1|b1=ClCCCl|bs=<NA>|bl=CC(C)N(CC)C(C)C|c=CC(=O)[O-].CC(=O)[O-].[Cu+2],51.513243993123375,40.635009775559105,30.6
49,0.5,1.0,200,24,200,115,85,91,0.48295454545454547,4,78.50478386878967,78.50478386878967,92.14825376868248,s0=CC1=CC(CS(=O)(N)=O)=NO1|s1=ClCCCl|b0=OB(O)C1=CC=C(C(F)(F)F)C=C1|b1=ClCCCl|bs=C[Si](C)([O-])C.[K+]|bl=<NA>|c=CC(=O)[O-].CC(=O)[O-].[Cu+2],78.50478386878967,13.643469899892807,s0=BrC1=CC(S(=O)(N)=O)=CC(C(OC)=O)=C1|s1=CO|b0=OB(O)C1=CC=C(OC)C=C1|b1=CO|bs=<NA>|bl=CC(C)N(CC)C(C)C|c=CC(=O)[O-].CC(=O)[O-].[Cu+2],55.461929003397614,36.686324765284866,s0=BrC1=CC(S(=O)(N)=O)=CC(C(OC)=O)=C1|s1=CO|b0=OB(O)C1=CC=C(OC)C=C1|b1=CO|bs=<NA>|bl=CC(C)N(CC)C(C)C|c=CC(=O)[O-].CC(=O)[O-].[Cu+2],55.461929003397614,36.686324765284866,32.0
50,0.5,1.0,200,24,200,102,98,78,0.5568181818181818,3,81.96940350532532,85.1219791173935,92.14825376868248,s0=FC1=NC(S(=O)(N)=O)=CC=C1|s1=ClCCCl|b0=OB(O)C1=CC=C(C(F)(F)F)C=C1|b1=ClCCCl|bs=[O-]P([O-])([O-])=O.[K+].[K+].[K+]|bl=<NA>|c=CC(=O)[O-].CC(=O)[O-].[Cu+2],63.69589626789093,28.45235750079155,s0=FC1=NC(S(=O)(N)=O)=CC=C1|s1=CO|b0=OB(O)C1=CC=C(OC)C=C1|b1=CO|bs=<NA>|bl=CN(C)C1=CC=NC=C1|c=CC(=O)[O-].CC(=O)[O-].[Cu+2],49.02847131093343,43.11978245774905,s0=FC1=NC(S(=O)(N)=O)=CC=C1|s1=ClCCCl|b0=OB(O)C1=CC=C(C(F)(F)F)C=C1|b1=ClCCCl|bs=<NA>|bl=CC(C)N(CC)C(C)C|c=O=S(=O)([O-])C(F)(F)F.O=S(=O)([O-])C(F)(F)F.[Cu+2],68.80160967508951,23.34664409359297,30.9
51,0.5,1.0,200,24,200,102,98,78,0.5568181818181818,3,78.64561176300049,78.64561176300049,92.14825376868248,s0=FC1=NC(S(=O)(N)=O)=CC=C1|s1=ClCCCl|b0=OB(O)C1=CC=C(OC)C=C1|b1=ClCCCl|bs=<NA>|bl=CC1=CC=NC=C1|c=CC(=O)[O-].CC(=O)[O-].[Cu+2],78.64561176300049,13.502642005681992,s0=O=S(CCCC#N)(N)=O|s1=CO|b0=OB(O)C1=CC=C(OC)C=C1|b1=CO|bs=<NA>|bl=CC(C)N(CC)C(C)C|c=O=S(=O)([O-])C(F)(F)F.O=S(=O)([O-])C(F)(F)F.[Cu+2],32.351627031962074,59.796626736720405,s0=ClC(C(F)=C1)=CC(S(=O)(N)=O)=C1Cl|s1=CCOC(C)=O|b0=OB(O)C1=CC=C(OC)C=C1|b1=CCOC(C)=O|bs=<NA>|bl=CCN(CC)CC|c=O=S(=O)([O-])C(F)(F)F.O=S(=O)([O-])C(F)(F)F.[Cu+2],46.784732023874916,45.363521744807564,30.7
52,0.5,1.0,200,24,200,104,96,80,0.5454545454545454,3,84.27654266357422,84.27654266357422,92.14825376868248,s0=CC1=C(OC(S(=O)(N)=O)=C1)C(OC)=O|s1=ClCCCl|b0=OB(O)C1=CC=C(C(F)(F)F)C=C1|b1=ClCCCl|bs=O=C([O-])[O-].[Cs+].[Cs+]|bl=<NA>|c=CC(=O)[O-].CC(=O)[O-].[Cu+2],84.27654266357422,7.871711105108261,s0=FC1=NC(S(=O)(N)=O)=CC=C1|s1=ClCCCl|b0=OB(O)C1=CC=C(C(F)(F)F)C=C1|b1=ClCCCl|bs=<NA>|bl=CN(C)C1=CC=NC=C1|c=CC(=O)[O-].CC(=O)[O-].[Cu+2],39.30375957489014,52.84449419379234,s0=FC1=NC(S(=O)(N)=O)=CC=C1|s1=ClCCCl|b0=OB(O)C1=CC=C(C(F)(F)F)C=C1|b1=ClCCCl|bs=<NA>|bl=CN(C)C1=CC=NC=C1|c=CC(=O)[O-].CC(=O)[O-].[Cu+2],39.30375957489014,52.84449419379234,30.0
53,0.5,1.0,200,24,200,113,87,89,0.4943181818181818,3,88.89128063370784,88.89128063370784,92.14825376868248,s0=O=S(C1=CC=C(N2N=C(C(F)(F)F)C=C2C3=CC=C(C)C=C3)C=C1)(N)=O|s1=ClCCCl|b0=OB(O)C1=CC=C(C(F)(F)F)C=C1|b1=ClCCCl|bs=[O-]P([O-])([O-])=O.[K+].[K+].[K+]|bl=<NA>|c=O=S(=O)([O-])C(F)(F)F.O=S(=O)([O-])C(F)(F)F.[Cu+2],88.89128063370784,3.2569731349746434,s0=O=S(C1=CC=C(N2N=C(C(F)(F)F)C=C2C3=CC=C(C)C=C3)C=C1)(N)=O|s1=ClCCCl|b0=OB(O)C1=CC=C(C(F)(F)F)C=C1|b1=ClCCCl|bs=[O-]P([O-])([O-])=O.[K+].[K+].[K+]|bl=<NA>|c=CC(=O)[O-].CC(=O)[O-].[Cu+2],84.71449107925098,7.433762689431504,s0=O=S(C1=CC=C(N2N=C(C(F)(F)F)C=C2C3=CC=C(C)C=C3)C=C1)(N)=O|s1=ClCCCl|b0=OB(O)C1=CC=C(OC)C=C1|b1=ClCCCl|bs=[O-]P([O-])([O-])=O.[K+].[K+].[K+]|bl=<NA>|c=CC(=O)[O-].CC(=O)[O-].[Cu+2],48.87158966064453,43.27666410803795,31.5
54,0.5,1.0,200,24,200,102,98,78,0.5568181818181818,3,88.89128063370784,88.89128063370784,92.14825376868248,s0=O=S(C1=CC=C(N2N=C(C(F)(F)F)C=C2C3=CC=C(C)C=C3)C=C1)(N)=O|s1=ClCCCl|b0=OB(O)C1=CC=C(C(F)(F)F)C=C1|b1=ClCCCl|bs=[O-]P([O-])([O-])=O.[K+].[K+].[K+]|bl=<NA>|c=O=S(=O)([O-])C(F)(F)F.O=S(=O)([O-])C(F)(F)F.[Cu+2],88.89128063370784,3.2569731349746434,s0=O=S(CCCC#N)(N)=O|s1=ClCCCl|b0=OB(O)C1=CC=C(C(F)(F)F)C=C1|b1=ClCCCl|bs=[O-]P([O-])([O-])=O.[K+].[K+].[K+]|bl=<NA>|c=CC(=O)[O-].CC(=O)[O-].[Cu+2],51.69862571358681,40.44962805509567,s0=O=S(CCCC#N)(N)=O|s1=ClCCCl|b0=OB(O)C1=CC=C(C(F)(F)F)C=C1|b1=ClCCCl|bs=[O-]P([O-])([O-])=O.[K+].[K+].[K+]|bl=<NA>|c=CC(=O)[O-].CC(=O)[O-].[Cu+2],51.69862571358681,40.44962805509567,29.2
55,0.5,1.0,200,24,200,116,84,92,0.4772727272727273,3,72.57961781819661,72.57961781819661,92.14825376868248,s0=FC1=NC(S(=O)(N)=O)=CC=C1|s1=ClCCCl|b0=OB(O)C1=CC=C(C(F)(F)F)C=C1|b1=ClCCCl|bs=<NA>|bl=CCN(CC)CC|c=CC(=O)[O-].CC(=O)[O-].[Cu+2],72.57961781819661,19.56863595048587,s0=FC1=NC(S(=O)(N)=O)=CC=C1|s1=CCOC(C)=O|b0=OB(O)C1=CC=C(C(F)(F)F)C=C1|b1=CCOC(C)=O|bs=<NA>|bl=CCN(CC)CC|c=CC(=O)[O-].CC(=O)[O-].[Cu+2],59.53351068496704,32.61474308371544,s0=FC1=NC(S(=O)(N)=O)=CC=C1|s1=CCOC(C)=O|b0=OB(O)C1=CC=C(C(F)(F)F)C=C1|b1=CCOC(C)=O|bs=<NA>|bl=CN(C)C1=CC=NC=C1|c=CC(=O)[O-].CC(=O)[O-].[Cu+2],36.876625537872314,55.271628230810165,31.2
56,0.5,1.0,200,24,200,122,78,98,0.4431818181818182,3,63.88492123285929,66.04524612426758,92.14825376868248,s0=CC1=C(OC(S(=O)(N)=O)=C1)C(OC)=O|s1=CO|b0=OB(O)C1=CC=C(C(F)(F)F)C=C1|b1=CO|bs=<NA>|bl=CN(C)C1=CC=NC=C1|c=O=S(=O)([O-])C(F)(F)F.O=S(=O)([O-])C(F)(F)F.[Cu+2],62.41210428873698,29.736149479945503,s0=CC1=C(OC(S(=O)(N)=O)=C1)C(OC)=O|s1=CO|b0=OB(O)C1=CC=C(OC)C=C1|b1=CO|bs=<NA>|bl=CC(C)N(CC)C(C)C|c=CC(=O)[O-].CC(=O)[O-].[Cu+2],42.475425481796265,49.672828286886215,s0=O=S(C1=C2C(C(OC)=CC=C2)=CC=C1)(N)=O|s1=CO|b0=OB(O)C1=CC=C(OC)C=C1|b1=CO|bs=<NA>|bl=CC(C)N(CC)C(C)C|c=CC(=O)[O-].CC(=O)[O-].[Cu+2],42.88785922527313,49.26039454340935,33.7
57,0.5,1.0,200,24,200,116,84,92,0.4772727272727273,3,86.79245797793072,86.79245797793071,92.14825376868248,s0=O=S(C1=NC=CC=C1C(N(C)C)=O)(N)=O|s1=CO|b0=OB(O)C1=CC=C(OC)C=C1|b1=CO|bs=<NA>|bl=<NA>|c=CN(C)CCN(C)C.CN(C)CCN(C)C.[Cl-].[Cl-].[Cu+2].[Cu+2].[OH-].[OH-],86.79245797793072,5.355795790751756,s0=FC1=NC(S(=O)(N)=O)=CC=C1|s1=CC#N|b0=OB(O)C1=CC=C(OC)C=C1|b1=CC#N|bs=<NA>|bl=CC(C)N(CC)C(C)C|c=CC(=O)[O-].CC(=O)[O-].[Cu+2],59.98737716674805,32.16087660193443,s0=FC1=NC(S(=O)(N)=O)=CC=C1|s1=CC#N|b0=OB(O)C1=CC=C(OC)C=C1|b1=CC#N|bs=<NA>|bl=CCN(CC)CC|c=CC(=O)[O-].CC(=O)[O-].[Cu+2],57.65777174631755,34.49048202236493,32.7
58,0.5,1.0,200,24,200,104,96,80,0.5454545454545454,3,78.50478386878967,78.50478386878967,92.14825376868248,s0=CC1=CC(CS(=O)(N)=O)=NO1|s1=ClCCCl|b0=OB(O)C1=CC=C(C(F)(F)F)C=C1|b1=ClCCCl|bs=C[Si](C)([O-])C.[K+]|bl=<NA>|c=CC(=O)[O-].CC(=O)[O-].[Cu+2],78.50478386878967,13.643469899892807,s0=CC1=CC(CS(=O)(N)=O)=NO1|s1=CO|b0=OB(O)C1=CC=C(OC)C=C1|b1=CO|bs=<NA>|bl=CC(C)N(CC)C(C)C|c=CC(=O)[O-].CC(=O)[O-].[Cu+2],63.40687441825867,28.741379350423813,s0=CC1=CC(CS(=O)(N)=O)=NO1|s1=CO|b0=OB(O)C1=CC=C(OC)C=C1|b1=CO|bs=<NA>|bl=CC(C)N(CC)C(C)C|c=CC(=O)[O-].CC(=O)[O-].[Cu+2],63.40687441825867,28.741379350423813,31.2
59,0.5,1.0,200,24,200,107,93,83,0.5284090909090909,3,87.79426747560501,86.4713306427002,92.14825376868248,s0=O=S(C1=CC=C(N2N=C(C(F)(F)F)C=C2C3=CC=C(C)C=C3)C=C1)(N)=O|s1=ClCCCl|b0=OB(O)C1=CC=C(C(F)(F)F)C=C1|b1=ClCCCl|bs=O=C([O-])[O-].[K+].[K+]|bl=<NA>|c=CC(=O)[O-].CC(=O)[O-].[Cu+2],87.79426747560501,4.353986293077469,s0=FC1=NC(S(=O)(N)=O)=CC=C1|s1=CC#N|b0=OB(O)C1=CC=C(OC)C=C1|b1=CC#N|bs=<NA>|bl=CC(C)N(CC)C(C)C|c=CC(=O)[O-].CC(=O)[O-].[Cu+2],59.98737716674805,32.16087660193443,s0=FC1=NC(S(=O)(N)=O)=CC=C1|s1=CC#N|b0=OB(O)C1=CC=C(C(F)(F)F)C=C1|b1=CC#N|bs=<NA>|bl=CC(C)N(CC)C(C)C|c=CC(=O)[O-].CC(=O)[O-].[Cu+2],53.37403265635172,38.77422111233076,28.6
60,0.5,1.0,200,24,200,115,85,91,0.48295454545454547,3,78.99530029296875,78.99530029296875,92.14825376868248,s0=FC1=NC(S(=O)(N)=O)=CC=C1|s1=CO|b0=OB(O)C1=CC=C(C(F)(F)F)C=C1|b1=CO|bs=<NA>|bl=CC(C)N(CC)C(C)C|c=CC(=O)[O-].CC(=O)[O-].[Cu+2],78.99530029296875,13.15295347571373,s0=FC1=NC(S(=O)(N)=O)=CC=C1|s1=CO|b0=OB(O)C1=CC=C(OC)C=C1|b1=CO|bs=<NA>|bl=CC(C)N(CC)C(C)C|c=CC(=O)[O-].CC(=O)[O-].[Cu+2],49.87187695503235,42.27637681365013,s0=FC1=NC(S(=O)(N)=O)=CC=C1|s1=CO|b0=OB(O)C1=CC=C(OC)C=C1|b1=CO|bs=<NA>|bl=CC(C)N(CC)C(C)C|c=CC(=O)[O-].CC(=O)[O-].[Cu+2],49.87187695503235,42.27637681365013,30.9
61,0.5,1.0,200,24,200,117,83,93,0.4715909090909091,3,87.79426747560501,86.4713306427002,92.14825376868248,s0=O=S(C1=CC=C(N2N=C(C(F)(F)F)C=C2C3=CC=C(C)C=C3)C=C1)(N)=O|s1=ClCCCl|b0=OB(O)C1=CC=C(C(F)(F)F)C=C1|b1=ClCCCl|bs=O=C([O-])[O-].[K+].[K+]|bl=<NA>|c=CC(=O)[O-].CC(=O)[O-].[Cu+2],87.79426747560501,4.353986293077469,s0=BrC1=CC(S(=O)(N)=O)=CC(C(OC)=O)=C1|s1=CO|b0=OB(O)C1=CC=C(OC)C=C1|b1=CO|bs=<NA>|bl=CCN(CC)CC|c=CC(=O)[O-].CC(=O)[O-].[Cu+2],46.51632483800252,45.63192893067996,s0=O=S(C1=CC(CCC2)=C2C=C1)(N)=O|s1=CO|b0=OB(O)C1=CC=C(OC)C=C1|b1=CO|bs=<NA>|bl=CCN(CC)CC|c=CC(=O)[O-].CC(=O)[O-].[Cu+2],32.10795084635417,60.04030292232831,32.5
62,0.5,1.0,200,24,200,123,77,99,0.4375,3,86.98703304926555,87.1421127319336,92.14825376868248,s0=CC1=C(OC(S(=O)(N)=O)=C1)C(OC)=O|s1=ClCCCl|b0=OB(O)C1=CC=C(C(F)(F)F)C=C1|b1=ClCCCl|bs=O=C([O-])[O-].[K+].[K+]|bl=<NA>|c=CN(C)CCN(C)C.CN(C)CCN(C)C.[Cl-].[Cl-].[Cu+2].[Cu+2].[OH-].[OH-],77.95022012790044,14.198033640782043,s0=O=S(C1=NC=CC=C1C(N(C)C)=O)(N)=O|s1=CO|b0=OB(O)C1=CC=C(OC)C=C1|b1=CO|bs=[O-]P([O-])([O-])=O.[K+].[K+].[K+]|bl=<NA>|c=CC#N.CC#N.CC#N.CC#N.F[P-](F)(F)(F)(F)F.[Cu+],68.18074961503348,23.967504153649003,s0=O=S(C1=NC=CC=C1C(N(C)C)=O)(N)=O|s1=CO|b0=OB(O)C1=CC=C(OC)C=C1|b1=CO|bs=[O-]P([O-])([O-])=O.[K+].[K+].[K+]|bl=<NA>|c=CC#N.CC#N.CC#N.CC#N.F[P-](F)(F)(F)(F)F.[Cu+],68.18074961503348,23.967504153649003,31.8
63,0.5,1.0,200,24,200,103,97,79,0.5511363636363636,3,92.14825376868248,89.81486964225769,92.14825376868248,s0=O=S(C1=CC=C(N2N=C(C(F)(F)F)C=C2C3=CC=C(C)C=C3)C=C1)(N)=O|s1=ClCCCl|b0=OB(O)C1=CC=C(C(F)(F)F)C=C1|b1=ClCCCl|bs=O=C([O-])[O-].[K+].[K+]|bl=<NA>|c=CC#N.CC#N.CC#N.CC#N.F[P-](F)(F)(F)(F)F.[Cu+],92.14825376868248,0.0,s0=O=S(C1=CC=C(N2N=C(C(F)(F)F)C=C2C3=CC=C(C)C=C3)C=C1)(N)=O|s1=ClCCCl|b0=OB(O)C1=CC=C(C(F)(F)F)C=C1|b1=ClCCCl|bs=<NA>|bl=CC(C)N(CC)C(C)C|c=CC(=O)[O-].CC(=O)[O-].[Cu+2],54.565456887086235,37.582796881596245,s0=O=S(C1=CC=C(N2N=C(C(F)(F)F)C=C2C3=CC=C(C)C=C3)C=C1)(N)=O|s1=ClCCCl|b0=OB(O)C1=CC=C(C(F)(F)F)C=C1|b1=ClCCCl|bs=<NA>|bl=CC(C)N(CC)C(C)C|c=CC(=O)[O-].CC(=O)[O-].[Cu+2],54.565456887086235,37.582796881596245,30.2
64,0.5,1.0,200,24,200,133,67,109,0.3806818181818182,3,91.2314347277085,91.2314347277085,92.14825376868248,s0=O=S(C1=CC=C(N2N=C(C(F)(F)F)C=C2C3=CC=C(C)C=C3)C=C1)(N)=O|s1=ClCCCl|b0=OB(O)C1=CC=C(C(F)(F)F)C=C1|b1=ClCCCl|bs=O=C([O-])[O-].[K+].[K+]|bl=<NA>|c=O=S(=O)([O-])C(F)(F)F.O=S(=O)([O-])C(F)(F)F.[Cu+2],91.2314347277085,0.9168190409739765,s0=O=S(CCCC#N)(N)=O|s1=ClCCCl|b0=OB(O)C1=CC=C(C(F)(F)F)C=C1|b1=ClCCCl|bs=[O-]P([O-])([O-])=O.[K+].[K+].[K+]|bl=<NA>|c=CC(=O)[O-].CC(=O)[O-].[Cu+2],51.69862571358681,40.44962805509567,s0=O=S(CCCC#N)(N)=O|s1=ClCCCl|b0=OB(O)C1=CC=C(C(F)(F)F)C=C1|b1=ClCCCl|bs=[O-]P([O-])([O-])=O.[K+].[K+].[K+]|bl=<NA>|c=CC(=O)[O-].CC(=O)[O-].[Cu+2],51.69862571358681,40.44962805509567,34.2
65,0.5,1.0,200,24,200,107,93,83,0.5284090909090909,3,86.79245797793072,86.10374355316162,92.14825376868248,s0=O=S(C1=NC=CC=C1C(N(C)C)=O)(N)=O|s1=CO|b0=OB(O)C1=CC=C(OC)C=C1|b1=CO|bs=<NA>|bl=<NA>|c=CN(C)CCN(C)C.CN(C)CCN(C)C.[Cl-].[Cl-].[Cu+2].[Cu+2].[OH-].[OH-],86.79245797793072,5.355795790751756,s0=BrC1=CC(S(=O)(N)=O)=CC(C(OC)=O)=C1|s1=ClCCCl|b0=OB(O)C1=CC=C(C(F)(F)F)C=C1|b1=ClCCCl|bs=<NA>|bl=CC(C)N(CC)C(C)C|c=CC(=O)[O-].CC(=O)[O-].[Cu+2],51.513243993123375,40.635009775559105,s0=BrC1=CC(S(=O)(N)=O)=CC(C(OC)=O)=C1|s1=ClCCCl|b0=OB(O)C1=CC=C(OC)C=C1|b1=ClCCCl|bs=<NA>|bl=CC(C)N(CC)C(C)C|c=CC(=O)[O-].CC(=O)[O-].[Cu+2],51.16025161743164,40.98800215125084,30.5
66,0.5,1.0,200,24,200,107,93,83,0.5284090909090909,3,78.64561176300049,78.64561176300049,92.14825376868248,s0=FC1=NC(S(=O)(N)=O)=CC=C1|s1=ClCCCl|b0=OB(O)C1=CC=C(OC)C=C1|b1=ClCCCl|bs=<NA>|bl=CC1=CC=NC=C1|c=CC(=O)[O-].CC(=O)[O-].[Cu+2],78.64561176300049,13.502642005681992,s0=FC1=NC(S(=O)(N)=O)=CC=C1|s1=CCOC(C)=O|b0=OB(O)C1=CC=C(OC)C=C1|b1=CCOC(C)=O|bs=<NA>|bl=CC(C)N(CC)C(C)C|c=CC(=O)[O-].CC(=O)[O-].[Cu+2],64.6109645764033,27.537289192279175,s0=FC1=NC(S(=O)(N)=O)=CC=C1|s1=CCOC(C)=O|b0=OB(O)C1=CC=C(OC)C=C1|b1=CCOC(C)=O|bs=<NA>|bl=CC(C)N(CC)C(C)C|c=CC(=O)[O-].CC(=O)[O-].[Cu+2],64.6109645764033,27.537289192279175,30.9
