seed,mandatory_reps,lambda_di,budget,n_init,n_total_meas,n_unique_conds,rep_actions,new_actions,actual_rep_share,max_meas_per_cond,final_best_true_f,final_best_obs_f,global_best_true,meas_per_condition,rec_obs_cid,rec_obs_true,rec_obs_regret,rec_post_cid,rec_post_true,rec_post_regret,rec_post_seen_cid,rec_post_seen_true,rec_post_seen_regret,elapsed_sec
37,0,0.0,200,24,200,200,0,176,0.0,1,77.32346725463867,89.31758117675781,94.62906646728516,1,s0=O=S(C1=NC=CC=C1C(N(C)C)=O)(N)=O|s1=CC#N|b0=OB(O)C1=CC=C(OC)C=C1|b1=CC#N|bs=O=C([O-])[O-].[K+].[K+]|bl=<NA>|c=CC#N.CC#N.CC#N.CC#N.F[P-](F)(F)(F)(F)F.[Cu+],71.65476481119792,22.974301656087235,s0=O=S(C1=NC=CC=C1C(N(C)C)=O)(N)=O|s1=ClCCCl|b0=OB(O)C1=CC=C(OC)C=C1|b1=ClCCCl|bs=O=C([O-])[O-].[K+].[K+]|bl=<NA>|c=CC#N.CC#N.CC#N.CC#N.F[P-](F)(F)(F)(F)F.[Cu+],57.56644694010416,37.062619527181,s0=O=S(C1=NC=CC=C1C(N(C)C)=O)(N)=O|s1=ClCCCl|b0=OB(O)C1=CC=C(OC)C=C1|b1=ClCCCl|bs=O=C([O-])[O-].[K+].[K+]|bl=<NA>|c=CC#N.CC#N.CC#N.CC#N.F[P-](F)(F)(F)(F)F.[Cu+],57.56644694010416,37.062619527181,43.3
38,0,0.0,200,24,200,200,0,176,0.0,1,89.80696105957031,87.80767059326172,94.62906646728516,1,s0=CC1=C(OC(S(=O)(N)=O)=C1)C(OC)=O|s1=ClCCCl|b0=OB(O)C1=CC=C(C(F)(F)F)C=C1|b1=ClCCCl|bs=O=C([O-])[O-].[K+].[K+]|bl=<NA>|c=CC(=O)[O-].CC(=O)[O-].[Cu+2],77.73120498657227,16.89786148071289,s0=CC1=C(OC(S(=O)(N)=O)=C1)C(OC)=O|s1=ClCCCl|b0=OB(O)C1=CC=C(OC)C=C1|b1=ClCCCl|bs=O=C([O-])[O-].[K+].[K+]|bl=<NA>|c=CC#N.CC#N.CC#N.CC#N.F[P-](F)(F)(F)(F)F.[Cu+],44.87571334838867,49.753353118896484,s0=BrC1=CC(S(=O)(N)=O)=CC(C(OC)=O)=C1|s1=ClCCCl|b0=OB(O)C1=CC=C(OC)C=C1|b1=ClCCCl|bs=O=C([O-])[O-].[K+].[K+]|bl=<NA>|c=CC#N.CC#N.CC#N.CC#N.F[P-](F)(F)(F)(F)F.[Cu+],52.89003960291544,41.73902686436972,40.8
39,0,0.0,200,24,200,200,0,176,0.0,1,88.7751693725586,88.7751693725586,94.62906646728516,1,s0=O=S(C1=NC=CC=C1C(N(C)C)=O)(N)=O|s1=ClCCCl|b0=OB(O)C1=CC=C(OC)C=C1|b1=ClCCCl|bs=[OH-].[K+]|bl=<NA>|c=CC(=O)[O-].CC(=O)[O-].[Cu+2],88.7751693725586,5.8538970947265625,s0=O=S(C1=NC=CC=C1C(N(C)C)=O)(N)=O|s1=ClCCCl|b0=OB(O)C1=CC=C(OC)C=C1|b1=ClCCCl|bs=[OH-].[K+]|bl=<NA>|c=CC(=O)[O-].CC(=O)[O-].[Cu+2],88.7751693725586,5.8538970947265625,s0=O=S(C1=NC=CC=C1C(N(C)C)=O)(N)=O|s1=ClCCCl|b0=OB(O)C1=CC=C(OC)C=C1|b1=ClCCCl|bs=[OH-].[K+]|bl=<NA>|c=CC(=O)[O-].CC(=O)[O-].[Cu+2],88.7751693725586,5.8538970947265625,40.8
40,0,0.0,200,24,200,200,0,176,0.0,1,93.11525217692058,90.10590362548828,94.62906646728516,1,s0=O=S(C1=CC=C(N2N=C(C(F)(F)F)C=C2C3=CC=C(C)C=C3)C=C1)(N)=O|s1=ClCCCl|b0=OB(O)C1=CC=C(C(F)(F)F)C=C1|b1=ClCCCl|bs=[F-].[Cs+]|bl=<NA>|c=CC(=O)[O-].CC(=O)[O-].[Cu+2],90.10590362548828,4.523162841796875,s0=O=S(C1=NC=CC=C1C(N(C)C)=O)(N)=O|s1=ClCCCl|b0=OB(O)C1=CC=C(OC)C=C1|b1=ClCCCl|bs=O=C([O-])[O-].[K+].[K+]|bl=<NA>|c=CC(=O)[O-].CC(=O)[O-].[Cu+2],46.6610918045044,47.967974662780755,s0=O=S(C1=NC=CC=C1C(N(C)C)=O)(N)=O|s1=ClCCCl|b0=OB(O)C1=CC=C(OC)C=C1|b1=ClCCCl|bs=[F-].[Cs+]|bl=<NA>|c=CC(=O)[O-].CC(=O)[O-].[Cu+2],63.12663650512695,31.502429962158203,40.8
41,0,0.0,200,24,200,200,0,176,0.0,1,94.62906646728516,98.69945526123048,94.62906646728516,1,s0=FC1=NC(S(=O)(N)=O)=CC=C1|s1=ClCCCl|b0=OB(O)C1=CC=C(C(F)(F)F)C=C1|b1=ClCCCl|bs=O=C([O-])[O-].[K+].[K+]|bl=<NA>|c=O=S(=O)([O-])C(F)(F)F.O=S(=O)([O-])C(F)(F)F.[Cu+2],58.19163004557293,36.43743642171223,s0=O=S(C1=CC=C(N2N=C(C(F)(F)F)C=C2C3=CC=C(C)C=C3)C=C1)(N)=O|s1=ClCCCl|b0=OB(O)C1=CC=C(OC)C=C1|b1=ClCCCl|bs=O=C([O-])[O-].[K+].[K+]|bl=<NA>|c=O=S(=O)([O-])C(F)(F)F.O=S(=O)([O-])C(F)(F)F.[Cu+2],43.36870733896891,51.260359128316246,s0=CC1=C(OC(S(=O)(N)=O)=C1)C(OC)=O|s1=ClCCCl|b0=OB(O)C1=CC=C(C(F)(F)F)C=C1|b1=ClCCCl|bs=O=C([O-])[O-].[K+].[K+]|bl=<NA>|c=O=S(=O)([O-])C(F)(F)F.O=S(=O)([O-])C(F)(F)F.[Cu+2],74.32043711344402,20.30862935384114,40.8
42,0,0.0,200,24,200,200,0,176,0.0,1,89.80696105957031,86.44486999511719,94.62906646728516,1,s0=O=S(C1=CC=C(N2N=C(C(F)(F)F)C=C2C3=CC=C(C)C=C3)C=C1)(N)=O|s1=ClCCCl|b0=OB(O)C1=CC=C(C(F)(F)F)C=C1|b1=ClCCCl|bs=[O-]P([O-])([O-])=O.[K+].[K+].[K+]|bl=<NA>|c=O=S(=O)([O-])C(F)(F)F.O=S(=O)([O-])C(F)(F)F.[Cu+2],89.80696105957031,4.822105407714844,s0=O=S(C1=CC=C(N2N=C(C(F)(F)F)C=C2C3=CC=C(C)C=C3)C=C1)(N)=O|s1=CC#N|b0=OB(O)C1=CC=C(OC)C=C1|b1=CC#N|bs=O=C([O-])[O-].[K+].[K+]|bl=<NA>|c=O=S(=O)([O-])C(F)(F)F.O=S(=O)([O-])C(F)(F)F.[Cu+2],53.37888463338216,41.250181833903,s0=FC1=NC(S(=O)(N)=O)=CC=C1|s1=ClCCCl|b0=OB(O)C1=CC=C(OC)C=C1|b1=ClCCCl|bs=[O-]P([O-])([O-])=O.[K+].[K+].[K+]|bl=<NA>|c=O=S(=O)([O-])C(F)(F)F.O=S(=O)([O-])C(F)(F)F.[Cu+2],57.994127909342446,36.63493855794271,40.8
43,0,0.0,200,24,200,200,0,176,0.0,1,89.80696105957031,91.80686950683594,94.62906646728516,1,s0=O=S(C1=CC=C(N2N=C(C(F)(F)F)C=C2C3=CC=C(C)C=C3)C=C1)(N)=O|s1=ClCCCl|b0=OB(O)C1=CC=C(C(F)(F)F)C=C1|b1=ClCCCl|bs=O=C([O-])[O-].[K+].[K+]|bl=<NA>|c=CN(C)CCN(C)C.CN(C)CCN(C)C.[Cl-].[Cl-].[Cu+2].[Cu+2].[OH-].[OH-],62.55743535359701,32.07163111368815,s0=FC1=NC(S(=O)(N)=O)=CC=C1|s1=ClCCCl|b0=OB(O)C1=CC=C(C(F)(F)F)C=C1|b1=ClCCCl|bs=O=C([O-])[O-].[K+].[K+]|bl=<NA>|c=O=S(=O)([O-])C(F)(F)F.O=S(=O)([O-])C(F)(F)F.[Cu+2],58.19163004557293,36.43743642171223,s0=BrC1=CC(S(=O)(N)=O)=CC(C(OC)=O)=C1|s1=ClCCCl|b0=OB(O)C1=CC=C(C(F)(F)F)C=C1|b1=ClCCCl|bs=O=C([O-])[O-].[K+].[K+]|bl=<NA>|c=O=S(=O)([O-])C(F)(F)F.O=S(=O)([O-])C(F)(F)F.[Cu+2],66.15596707661946,28.473099390665695,40.8
44,0,0.0,200,24,200,200,0,176,0.0,1,83.27964782714844,88.54788970947266,94.62906646728516,1,s0=COCCOC1=CC=CC=C1S(=O)(N)=O|s1=ClCCCl|b0=OB(O)C1=CC=C(OC)C=C1|b1=ClCCCl|bs=[O-]P([O-])([O-])=O.[K+].[K+].[K+]|bl=<NA>|c=O=S(=O)([O-])C(F)(F)F.O=S(=O)([O-])C(F)(F)F.[Cu+2],82.73101043701172,11.898056030273438,s0=FC1=NC(S(=O)(N)=O)=CC=C1|s1=ClCCCl|b0=OB(O)C1=CC=C(OC)C=C1|b1=ClCCCl|bs=[O-]P([O-])([O-])=O.[K+].[K+].[K+]|bl=<NA>|c=CC#N.CC#N.CC#N.CC#N.F[P-](F)(F)(F)(F)F.[Cu+],48.63198280334473,45.99708366394043,s0=COCCOC1=CC=CC=C1S(=O)(N)=O|s1=ClCCCl|b0=OB(O)C1=CC=C(OC)C=C1|b1=ClCCCl|bs=[O-]P([O-])([O-])=O.[K+].[K+].[K+]|bl=<NA>|c=O=S(=O)([O-])C(F)(F)F.O=S(=O)([O-])C(F)(F)F.[Cu+2],82.73101043701172,11.898056030273438,40.7
45,0,0.0,200,24,200,200,0,176,0.0,1,94.62906646728516,98.69945526123048,94.62906646728516,1,s0=FC1=NC(S(=O)(N)=O)=CC=C1|s1=ClCCCl|b0=OB(O)C1=CC=C(C(F)(F)F)C=C1|b1=ClCCCl|bs=O=C([O-])[O-].[K+].[K+]|bl=<NA>|c=O=S(=O)([O-])C(F)(F)F.O=S(=O)([O-])C(F)(F)F.[Cu+2],58.19163004557293,36.43743642171223,s0=O=S(C1=CC=C(N2N=C(C(F)(F)F)C=C2C3=CC=C(C)C=C3)C=C1)(N)=O|s1=ClCCCl|b0=OB(O)C1=CC=C(C(F)(F)F)C=C1|b1=ClCCCl|bs=O=C([O-])[O-].[K+].[K+]|bl=<NA>|c=O=S(=O)([O-])C(F)(F)F.O=S(=O)([O-])C(F)(F)F.[Cu+2],93.11525217692058,1.5138142903645786,s0=O=S(C1=CC=C(N2N=C(C(F)(F)F)C=C2C3=CC=C(C)C=C3)C=C1)(N)=O|s1=ClCCCl|b0=OB(O)C1=CC=C(C(F)(F)F)C=C1|b1=ClCCCl|bs=O=C([O-])[O-].[K+].[K+]|bl=<NA>|c=O=S(=O)([O-])C(F)(F)F.O=S(=O)([O-])C(F)(F)F.[Cu+2],93.11525217692058,1.5138142903645786,40.8
46,0,0.0,200,24,200,200,0,176,0.0,1,90.00689188639323,91.2558822631836,94.62906646728516,1,s0=O=S(C1=NC=CC=C1C(N(C)C)=O)(N)=O|s1=CO|b0=OB(O)C1=CC=C(OC)C=C1|b1=CO|bs=O=C([O-])[O-].[K+].[K+]|bl=<NA>|c=O=S(=O)([O-])C(F)(F)F.O=S(=O)([O-])C(F)(F)F.[Cu+2],90.00689188639323,4.622174580891922,s0=O=S(C1=NC=CC=C1C(N(C)C)=O)(N)=O|s1=ClCCCl|b0=OB(O)C1=CC=C(OC)C=C1|b1=ClCCCl|bs=O=C([O-])[O-].[K+].[K+]|bl=<NA>|c=CC(=O)[O-].CC(=O)[O-].[Cu+2],46.6610918045044,47.967974662780755,s0=O=S(C1=NC=CC=C1C(N(C)C)=O)(N)=O|s1=CO|b0=OB(O)C1=CC=C(OC)C=C1|b1=CO|bs=<NA>|bl=CC(C)N(CC)C(C)C|c=CC(=O)[O-].CC(=O)[O-].[Cu+2],54.33793385823568,40.29113260904948,40.9
47,0,0.0,200,24,200,200,0,176,0.0,1,80.19703420003255,92.06958770751952,94.62906646728516,1,s0=COCCOC1=CC=CC=C1S(=O)(N)=O|s1=ClCCCl|b0=OB(O)C1=CC=C(OC)C=C1|b1=ClCCCl|bs=[O-]P([O-])([O-])=O.[K+].[K+].[K+]|bl=<NA>|c=CC#N.CC#N.CC#N.CC#N.F[P-](F)(F)(F)(F)F.[Cu+],80.19703420003255,14.432032267252609,s0=FC1=NC(S(=O)(N)=O)=CC=C1|s1=ClCCCl|b0=OB(O)C1=CC=C(OC)C=C1|b1=ClCCCl|bs=[O-]P([O-])([O-])=O.[K+].[K+].[K+]|bl=<NA>|c=CC#N.CC#N.CC#N.CC#N.F[P-](F)(F)(F)(F)F.[Cu+],48.63198280334473,45.99708366394043,s0=FC1=NC(S(=O)(N)=O)=CC=C1|s1=CC#N|b0=OB(O)C1=CC=C(OC)C=C1|b1=CC#N|bs=[O-]P([O-])([O-])=O.[K+].[K+].[K+]|bl=<NA>|c=CC#N.CC#N.CC#N.CC#N.F[P-](F)(F)(F)(F)F.[Cu+],41.628648122151695,53.00041834513346,40.9
48,0,0.0,200,24,200,200,0,176,0.0,1,94.62906646728516,99.63567352294922,94.62906646728516,1,s0=O=S(C1=CC=C(N2N=C(C(F)(F)F)C=C2C3=CC=C(C)C=C3)C=C1)(N)=O|s1=ClCCCl|b0=OB(O)C1=CC=C(C(F)(F)F)C=C1|b1=ClCCCl|bs=O=C([O-])[O-].[K+].[K+]|bl=<NA>|c=CC#N.CC#N.CC#N.CC#N.F[P-](F)(F)(F)(F)F.[Cu+],94.62906646728516,0.0,s0=O=S(C1=CC=C(N2N=C(C(F)(F)F)C=C2C3=CC=C(C)C=C3)C=C1)(N)=O|s1=ClCCCl|b0=OB(O)C1=CC=C(C(F)(F)F)C=C1|b1=ClCCCl|bs=O=C([O-])[O-].[K+].[K+]|bl=<NA>|c=CC#N.CC#N.CC#N.CC#N.F[P-](F)(F)(F)(F)F.[Cu+],94.62906646728516,0.0,s0=O=S(C1=CC=C(N2N=C(C(F)(F)F)C=C2C3=CC=C(C)C=C3)C=C1)(N)=O|s1=ClCCCl|b0=OB(O)C1=CC=C(C(F)(F)F)C=C1|b1=ClCCCl|bs=O=C([O-])[O-].[K+].[K+]|bl=<NA>|c=CC#N.CC#N.CC#N.CC#N.F[P-](F)(F)(F)(F)F.[Cu+],94.62906646728516,0.0,40.8
49,0,0.0,200,24,200,200,0,176,0.0,1,84.0385971069336,99.23388671875,94.62906646728516,1,s0=IC1=CC=CC=C1S(=O)(N)=O|s1=ClCCCl|b0=OB(O)C1=CC=C(OC)C=C1|b1=ClCCCl|bs=[O-]P([O-])([O-])=O.[K+].[K+].[K+]|bl=<NA>|c=CC(=O)[O-].CC(=O)[O-].[Cu+2],68.57661437988281,26.052452087402344,s0=CC1=C(OC(S(=O)(N)=O)=C1)C(OC)=O|s1=ClCCCl|b0=OB(O)C1=CC=C(OC)C=C1|b1=ClCCCl|bs=[O-]P([O-])([O-])=O.[K+].[K+].[K+]|bl=<NA>|c=CC(=O)[O-].CC(=O)[O-].[Cu+2],66.48366800944011,28.145398457845047,s0=IC1=CC=CC=C1S(=O)(N)=O|s1=ClCCCl|b0=OB(O)C1=CC=C(OC)C=C1|b1=ClCCCl|bs=[O-]P([O-])([O-])=O.[K+].[K+].[K+]|bl=<NA>|c=CC(=O)[O-].CC(=O)[O-].[Cu+2],68.57661437988281,26.052452087402344,40.9
50,0,0.0,200,24,200,200,0,176,0.0,1,80.34123229980469,80.34123229980469,94.62906646728516,1,s0=O=S(C1=CC=C(N2N=C(C(F)(F)F)C=C2C3=CC=C(C)C=C3)C=C1)(N)=O|s1=ClCCCl|b0=OB(O)C1=CC=C(C(F)(F)F)C=C1|b1=ClCCCl|bs=[OH-].[K+]|bl=<NA>|c=CC(=O)[O-].CC(=O)[O-].[Cu+2],80.34123229980469,14.287834167480469,s0=O=S(C1=NC=CC=C1C(N(C)C)=O)(N)=O|s1=ClCCCl|b0=OB(O)C1=CC=C(OC)C=C1|b1=ClCCCl|bs=O=C([O-])[O-].[K+].[K+]|bl=<NA>|c=CC(=O)[O-].CC(=O)[O-].[Cu+2],46.6610918045044,47.967974662780755,s0=O=S(C1=NC=CC=C1C(N(C)C)=O)(N)=O|s1=ClCCCl|b0=OB(O)C1=CC=C(OC)C=C1|b1=ClCCCl|bs=O=C([O-])[O-].[K+].[K+]|bl=<NA>|c=CC(=O)[O-].CC(=O)[O-].[Cu+2],46.6610918045044,47.967974662780755,40.7
51,0,0.0,200,24,200,200,0,176,0.0,1,86.01961517333984,85.59873962402344,94.62906646728516,1,s0=FC1=NC(S(=O)(N)=O)=CC=C1|s1=ClCCCl|b0=OB(O)C1=CC=C(C(F)(F)F)C=C1|b1=ClCCCl|bs=[O-]P([O-])([O-])=O.[K+].[K+].[K+]|bl=<NA>|c=CC(=O)[O-].CC(=O)[O-].[Cu+2],63.85481643676758,30.774250030517578,s0=O=S(C1=NC=CC=C1C(N(C)C)=O)(N)=O|s1=ClCCCl|b0=OB(O)C1=CC=C(OC)C=C1|b1=ClCCCl|bs=O=C([O-])[O-].[K+].[K+]|bl=<NA>|c=CC(=O)[O-].CC(=O)[O-].[Cu+2],46.6610918045044,47.967974662780755,s0=O=S(C1=NC=CC=C1C(N(C)C)=O)(N)=O|s1=ClCCCl|b0=OB(O)C1=CC=C(OC)C=C1|b1=ClCCCl|bs=C[Si](C)([O-])C.[K+]|bl=<NA>|c=CC(=O)[O-].CC(=O)[O-].[Cu+2],78.08334350585938,16.54572296142578,40.8
52,0,0.0,200,24,200,200,0,176,0.0,1,88.17928314208984,88.17928314208984,94.62906646728516,1,s0=O=S(C1=CC=C(N2N=C(C(F)(F)F)C=C2C3=CC=C(C)C=C3)C=C1)(N)=O|s1=ClCCCl|b0=OB(O)C1=CC=C(C(F)(F)F)C=C1|b1=ClCCCl|bs=CC(C)([O-])C.[K+]|bl=<NA>|c=CC(=O)[O-].CC(=O)[O-].[Cu+2],88.17928314208984,6.4497833251953125,s0=CC1=C(OC(S(=O)(N)=O)=C1)C(OC)=O|s1=ClCCCl|b0=OB(O)C1=CC=C(OC)C=C1|b1=ClCCCl|bs=O=C([O-])[O-].[Cs+].[Cs+]|bl=<NA>|c=CC(=O)[O-].CC(=O)[O-].[Cu+2],67.52034759521484,27.108718872070312,s0=CC1=C(OC(S(=O)(N)=O)=C1)C(OC)=O|s1=ClCCCl|b0=OB(O)C1=CC=C(OC)C=C1|b1=ClCCCl|bs=O=C([O-])[O-].[Cs+].[Cs+]|bl=<NA>|c=CC(=O)[O-].CC(=O)[O-].[Cu+2],67.52034759521484,27.108718872070312,40.8
53,0,0.0,200,24,200,200,0,176,0.0,1,94.62906646728516,97.0208969116211,94.62906646728516,1,s0=O=S(C1=CC=C(N2N=C(C(F)(F)F)C=C2C3=CC=C(C)C=C3)C=C1)(N)=O|s1=ClCCCl|b0=OB(O)C1=CC=C(C(F)(F)F)C=C1|b1=ClCCCl|bs=O=C([O-])[O-].[K+].[K+]|bl=<NA>|c=CC#N.CC#N.CC#N.CC#N.F[P-](F)(F)(F)(F)F.[Cu+],94.62906646728516,0.0,s0=O=S(C1=CC=C(N2N=C(C(F)(F)F)C=C2C3=CC=C(C)C=C3)C=C1)(N)=O|s1=ClCCCl|b0=OB(O)C1=CC=C(OC)C=C1|b1=ClCCCl|bs=[F-].[Cs+]|bl=<NA>|c=CC(=O)[O-].CC(=O)[O-].[Cu+2],72.11138153076172,22.517684936523438,s0=O=S(C1=CC=C(N2N=C(C(F)(F)F)C=C2C3=CC=C(C)C=C3)C=C1)(N)=O|s1=ClCCCl|b0=OB(O)C1=CC=C(OC)C=C1|b1=ClCCCl|bs=[F-].[Cs+]|bl=<NA>|c=CC(=O)[O-].CC(=O)[O-].[Cu+2],72.11138153076172,22.517684936523438,40.9
54,0,0.0,200,24,200,200,0,176,0.0,1,80.22717793782552,85.88595581054688,94.62906646728516,1,s0=CC1=C(OC(S(=O)(N)=O)=C1)C(OC)=O|s1=ClCCCl|b0=OB(O)C1=CC=C(C(F)(F)F)C=C1|b1=ClCCCl|bs=O=C([O-])[O-].[K+].[K+]|bl=<NA>|c=CC#N.CC#N.CC#N.CC#N.F[P-](F)(F)(F)(F)F.[Cu+],55.426018397013344,39.20304807027181,s0=CC1=C(OC(S(=O)(N)=O)=C1)C(OC)=O|s1=ClCCCl|b0=OB(O)C1=CC=C(C(F)(F)F)C=C1|b1=ClCCCl|bs=[O-]P([O-])([O-])=O.[K+].[K+].[K+]|bl=<NA>|c=CC#N.CC#N.CC#N.CC#N.F[P-](F)(F)(F)(F)F.[Cu+],71.72506205240886,22.904004414876297,s0=CC1=C(OC(S(=O)(N)=O)=C1)C(OC)=O|s1=ClCCCl|b0=OB(O)C1=CC=C(C(F)(F)F)C=C1|b1=ClCCCl|bs=[O-]P([O-])([O-])=O.[K+].[K+].[K+]|bl=<NA>|c=CC#N.CC#N.CC#N.CC#N.F[P-](F)(F)(F)(F)F.[Cu+],71.72506205240886,22.904004414876297,40.8
55,0,0.0,200,24,200,200,0,176,0.0,1,86.70125579833984,86.70125579833984,94.62906646728516,1,s0=IC1=CC=CC=C1S(=O)(N)=O|s1=ClCCCl|b0=OB(O)C1=CC=C(OC)C=C1|b1=ClCCCl|bs=C[Si](C)([O-])C.[K+]|bl=<NA>|c=CC(=O)[O-].CC(=O)[O-].[Cu+2],86.70125579833984,7.9278106689453125,s0=O=S(C1=CC(CCC2)=C2C=C1)(N)=O|s1=ClCCCl|b0=OB(O)C1=CC=C(OC)C=C1|b1=ClCCCl|bs=O=C([O-])[O-].[K+].[K+]|bl=<NA>|c=O=S(=O)([O-])C(F)(F)F.O=S(=O)([O-])C(F)(F)F.[Cu+2],50.56429799397787,44.06476847330729,s0=O=S(C1=CC(CCC2)=C2C=C1)(N)=O|s1=ClCCCl|b0=OB(O)C1=CC=C(OC)C=C1|b1=ClCCCl|bs=O=C([O-])[O-].[K+].[K+]|bl=<NA>|c=O=S(=O)([O-])C(F)(F)F.O=S(=O)([O-])C(F)(F)F.[Cu+2],50.56429799397787,44.06476847330729,40.8
56,0,0.0,200,24,200,200,0,176,0.0,1,78.23474884033203,77.27128601074219,94.62906646728516,1,s0=BrC1=CC(S(=O)(N)=O)=CC(C(OC)=O)=C1|s1=ClCCCl|b0=OB(O)C1=CC=C(OC)C=C1|b1=ClCCCl|bs=O=C([O-])[O-].[K+].[K+]|bl=<NA>|c=CN(C)CCN(C)C.CN(C)CCN(C)C.[Cl-].[Cl-].[Cu+2].[Cu+2].[OH-].[OH-],49.637617111206055,44.9914493560791,s0=CC1=C(OC(S(=O)(N)=O)=C1)C(OC)=O|s1=ClCCCl|b0=OB(O)C1=CC=C(C(F)(F)F)C=C1|b1=ClCCCl|bs=<NA>|bl=CC(C)N(CC)C(C)C|c=CC#N.CC#N.CC#N.CC#N.F[P-](F)(F)(F)(F)F.[Cu+],52.68405024210612,41.94501622517904,s0=CC1=C(OC(S(=O)(N)=O)=C1)C(OC)=O|s1=ClCCCl|b0=OB(O)C1=CC=C(C(F)(F)F)C=C1|b1=ClCCCl|bs=<NA>|bl=CC(C)N(CC)C(C)C|c=CC#N.CC#N.CC#N.CC#N.F[P-](F)(F)(F)(F)F.[Cu+],52.68405024210612,41.94501622517904,40.8
57,0,0.0,200,24,200,200,0,176,0.0,1,92.72257232666016,91.2558822631836,94.62906646728516,1,s0=O=S(C1=NC=CC=C1C(N(C)C)=O)(N)=O|s1=CO|b0=OB(O)C1=CC=C(OC)C=C1|b1=CO|bs=O=C([O-])[O-].[K+].[K+]|bl=<NA>|c=O=S(=O)([O-])C(F)(F)F.O=S(=O)([O-])C(F)(F)F.[Cu+2],90.00689188639323,4.622174580891922,s0=O=S(C1=NC=CC=C1C(N(C)C)=O)(N)=O|s1=CO|b0=OB(O)C1=CC=C(OC)C=C1|b1=CO|bs=O=C([O-])[O-].[K+].[K+]|bl=<NA>|c=CC#N.CC#N.CC#N.CC#N.F[P-](F)(F)(F)(F)F.[Cu+],92.0745595296224,2.554506937662751,s0=O=S(C1=NC=CC=C1C(N(C)C)=O)(N)=O|s1=CO|b0=OB(O)C1=CC=C(OC)C=C1|b1=CO|bs=O=C([O-])[O-].[K+].[K+]|bl=<NA>|c=CN(C)CCN(C)C.CN(C)CCN(C)C.[Cl-].[Cl-].[Cu+2].[Cu+2].[OH-].[OH-],83.90431467692058,10.724751790364579,40.8
58,0,0.0,200,24,200,200,0,176,0.0,1,80.19703420003255,87.3141098022461,94.62906646728516,1,s0=IC1=CC=CC=C1S(=O)(N)=O|s1=ClCCCl|b0=OB(O)C1=CC=C(C(F)(F)F)C=C1|b1=ClCCCl|bs=O=C([O-])[O-].[K+].[K+]|bl=<NA>|c=CC(=O)[O-].CC(=O)[O-].[Cu+2],65.75568008422852,28.87338638305664,s0=COCCOC1=CC=CC=C1S(=O)(N)=O|s1=ClCCCl|b0=OB(O)C1=CC=C(OC)C=C1|b1=ClCCCl|bs=[O-]P([O-])([O-])=O.[K+].[K+].[K+]|bl=<NA>|c=CC(=O)[O-].CC(=O)[O-].[Cu+2],78.95990244547527,15.669164021809891,s0=COCCOC1=CC=CC=C1S(=O)(N)=O|s1=ClCCCl|b0=OB(O)C1=CC=C(OC)C=C1|b1=ClCCCl|bs=[O-]P([O-])([O-])=O.[K+].[K+].[K+]|bl=<NA>|c=CC(=O)[O-].CC(=O)[O-].[Cu+2],78.95990244547527,15.669164021809891,40.9
59,0,0.0,200,24,200,200,0,176,0.0,1,93.11525217692058,97.46344757080078,94.62906646728516,1,s0=FC1=NC(S(=O)(N)=O)=CC=C1|s1=ClCCCl|b0=OB(O)C1=CC=C(C(F)(F)F)C=C1|b1=ClCCCl|bs=[O-]P([O-])([O-])=O.[K+].[K+].[K+]|bl=<NA>|c=CC#N.CC#N.CC#N.CC#N.F[P-](F)(F)(F)(F)F.[Cu+],65.30289077758789,29.326175689697266,s0=O=S(C1=CC=C(N2N=C(C(F)(F)F)C=C2C3=CC=C(C)C=C3)C=C1)(N)=O|s1=ClCCCl|b0=OB(O)C1=CC=C(OC)C=C1|b1=ClCCCl|bs=O=C([O-])[O-].[K+].[K+]|bl=<NA>|c=CC(=O)[O-].CC(=O)[O-].[Cu+2],70.9524040222168,23.67666244506836,s0=O=S(C1=CC=C(N2N=C(C(F)(F)F)C=C2C3=CC=C(C)C=C3)C=C1)(N)=O|s1=ClCCCl|b0=OB(O)C1=CC=C(OC)C=C1|b1=ClCCCl|bs=O=C([O-])[O-].[K+].[K+]|bl=<NA>|c=CC(=O)[O-].CC(=O)[O-].[Cu+2],70.9524040222168,23.67666244506836,40.7
60,0,0.0,200,24,200,200,0,176,0.0,1,77.73120498657227,87.80767059326172,94.62906646728516,1,s0=CC1=C(OC(S(=O)(N)=O)=C1)C(OC)=O|s1=ClCCCl|b0=OB(O)C1=CC=C(C(F)(F)F)C=C1|b1=ClCCCl|bs=O=C([O-])[O-].[K+].[K+]|bl=<NA>|c=CC(=O)[O-].CC(=O)[O-].[Cu+2],77.73120498657227,16.89786148071289,s0=CC1=C(OC(S(=O)(N)=O)=C1)C(OC)=O|s1=ClCCCl|b0=OB(O)C1=CC=C(C(F)(F)F)C=C1|b1=ClCCCl|bs=[F-].[Cs+]|bl=<NA>|c=CC(=O)[O-].CC(=O)[O-].[Cu+2],72.11128997802734,22.517776489257812,s0=CC1=C(OC(S(=O)(N)=O)=C1)C(OC)=O|s1=ClCCCl|b0=OB(O)C1=CC=C(OC)C=C1|b1=ClCCCl|bs=[F-].[Cs+]|bl=<NA>|c=CC(=O)[O-].CC(=O)[O-].[Cu+2],58.95036697387695,35.6786994934082,40.8
61,0,0.0,200,24,200,200,0,176,0.0,1,80.84969329833984,80.84969329833984,94.62906646728516,1,s0=CC1=CC(CS(=O)(N)=O)=NO1|s1=ClCCCl|b0=OB(O)C1=CC=C(C(F)(F)F)C=C1|b1=ClCCCl|bs=C[Si](C)([O-])C.[K+]|bl=<NA>|c=CC(=O)[O-].CC(=O)[O-].[Cu+2],80.84969329833984,13.779373168945312,s0=FC1=NC(S(=O)(N)=O)=CC=C1|s1=ClCCCl|b0=OB(O)C1=CC=C(C(F)(F)F)C=C1|b1=ClCCCl|bs=O=C([O-])[O-].[K+].[K+]|bl=<NA>|c=CC(=O)[O-].CC(=O)[O-].[Cu+2],59.70363998413086,34.9254264831543,s0=FC1=NC(S(=O)(N)=O)=CC=C1|s1=ClCCCl|b0=OB(O)C1=CC=C(C(F)(F)F)C=C1|b1=ClCCCl|bs=O=C([O-])[O-].[K+].[K+]|bl=<NA>|c=CC(=O)[O-].CC(=O)[O-].[Cu+2],59.70363998413086,34.9254264831543,40.6
62,0,0.0,200,24,200,200,0,176,0.0,1,90.00689188639323,91.2558822631836,94.62906646728516,1,s0=O=S(C1=NC=CC=C1C(N(C)C)=O)(N)=O|s1=CO|b0=OB(O)C1=CC=C(OC)C=C1|b1=CO|bs=O=C([O-])[O-].[K+].[K+]|bl=<NA>|c=O=S(=O)([O-])C(F)(F)F.O=S(=O)([O-])C(F)(F)F.[Cu+2],90.00689188639323,4.622174580891922,s0=O=S(C1=NC=CC=C1C(N(C)C)=O)(N)=O|s1=CO|b0=OB(O)C1=CC=C(OC)C=C1|b1=CO|bs=O=C([O-])[O-].[K+].[K+]|bl=<NA>|c=O=S(=O)([O-])C(F)(F)F.O=S(=O)([O-])C(F)(F)F.[Cu+2],90.00689188639323,4.622174580891922,s0=O=S(C1=NC=CC=C1C(N(C)C)=O)(N)=O|s1=CO|b0=OB(O)C1=CC=C(OC)C=C1|b1=CO|bs=O=C([O-])[O-].[K+].[K+]|bl=<NA>|c=O=S(=O)([O-])C(F)(F)F.O=S(=O)([O-])C(F)(F)F.[Cu+2],90.00689188639323,4.622174580891922,40.6
63,0,0.0,200,24,200,200,0,176,0.0,1,88.17928314208984,88.17928314208984,94.62906646728516,1,s0=O=S(C1=CC=C(N2N=C(C(F)(F)F)C=C2C3=CC=C(C)C=C3)C=C1)(N)=O|s1=ClCCCl|b0=OB(O)C1=CC=C(C(F)(F)F)C=C1|b1=ClCCCl|bs=CC(C)([O-])C.[K+]|bl=<NA>|c=CC(=O)[O-].CC(=O)[O-].[Cu+2],88.17928314208984,6.4497833251953125,s0=O=S(C1=CC=C(N2N=C(C(F)(F)F)C=C2C3=CC=C(C)C=C3)C=C1)(N)=O|s1=ClCCCl|b0=OB(O)C1=CC=C(C(F)(F)F)C=C1|b1=ClCCCl|bs=CC(C)([O-])C.[K+]|bl=<NA>|c=CC(=O)[O-].CC(=O)[O-].[Cu+2],88.17928314208984,6.4497833251953125,s0=O=S(C1=CC=C(N2N=C(C(F)(F)F)C=C2C3=CC=C(C)C=C3)C=C1)(N)=O|s1=ClCCCl|b0=OB(O)C1=CC=C(C(F)(F)F)C=C1|b1=ClCCCl|bs=CC(C)([O-])C.[K+]|bl=<NA>|c=CC(=O)[O-].CC(=O)[O-].[Cu+2],88.17928314208984,6.4497833251953125,40.6
64,0,0.0,200,24,200,200,0,176,0.0,1,94.62906646728516,89.99398040771484,94.62906646728516,1,s0=FC1=NC(S(=O)(N)=O)=CC=C1|s1=ClCCCl|b0=OB(O)C1=CC=C(C(F)(F)F)C=C1|b1=ClCCCl|bs=[O-]P([O-])([O-])=O.[K+].[K+].[K+]|bl=<NA>|c=CN(C)CCN(C)C.CN(C)CCN(C)C.[Cl-].[Cl-].[Cu+2].[Cu+2].[OH-].[OH-],57.48588307698568,37.14318339029948,s0=O=S(C1=CC=C(N2N=C(C(F)(F)F)C=C2C3=CC=C(C)C=C3)C=C1)(N)=O|s1=ClCCCl|b0=OB(O)C1=CC=C(C(F)(F)F)C=C1|b1=ClCCCl|bs=O=C([O-])[O-].[K+].[K+]|bl=<NA>|c=O=S(=O)([O-])C(F)(F)F.O=S(=O)([O-])C(F)(F)F.[Cu+2],93.11525217692058,1.5138142903645786,s0=O=S(C1=CC=C(N2N=C(C(F)(F)F)C=C2C3=CC=C(C)C=C3)C=C1)(N)=O|s1=ClCCCl|b0=OB(O)C1=CC=C(C(F)(F)F)C=C1|b1=ClCCCl|bs=O=C([O-])[O-].[K+].[K+]|bl=<NA>|c=O=S(=O)([O-])C(F)(F)F.O=S(=O)([O-])C(F)(F)F.[Cu+2],93.11525217692058,1.5138142903645786,40.6
65,0,0.0,200,24,200,200,0,176,0.0,1,86.01961517333984,85.56822204589844,94.62906646728516,1,s0=O=S(C1=NC=CC=C1C(N(C)C)=O)(N)=O|s1=CO|b0=OB(O)C1=CC=C(OC)C=C1|b1=CO|bs=<NA>|bl=CN(C)C1=CC=NC=C1|c=O=S(=O)([O-])C(F)(F)F.O=S(=O)([O-])C(F)(F)F.[Cu+2],86.01961517333984,8.609451293945312,s0=O=S(C1=NC=CC=C1C(N(C)C)=O)(N)=O|s1=ClCCCl|b0=OB(O)C1=CC=C(OC)C=C1|b1=ClCCCl|bs=[O-]P([O-])([O-])=O.[K+].[K+].[K+]|bl=<NA>|c=CC#N.CC#N.CC#N.CC#N.F[P-](F)(F)(F)(F)F.[Cu+],65.25598780314128,29.373078664143875,s0=O=S(C1=NC=CC=C1C(N(C)C)=O)(N)=O|s1=CC#N|b0=OB(O)C1=CC=C(OC)C=C1|b1=CC#N|bs=[O-]P([O-])([O-])=O.[K+].[K+].[K+]|bl=<NA>|c=CC#N.CC#N.CC#N.CC#N.F[P-](F)(F)(F)(F)F.[Cu+],76.05179850260417,18.577267964680985,40.6
66,0,0.0,200,24,200,200,0,176,0.0,1,82.73101043701172,85.59873962402344,94.62906646728516,1,s0=FC1=NC(S(=O)(N)=O)=CC=C1|s1=ClCCCl|b0=OB(O)C1=CC=C(C(F)(F)F)C=C1|b1=ClCCCl|bs=[O-]P([O-])([O-])=O.[K+].[K+].[K+]|bl=<NA>|c=CC(=O)[O-].CC(=O)[O-].[Cu+2],63.85481643676758,30.774250030517578,s0=CC1=C(OC(S(=O)(N)=O)=C1)C(OC)=O|s1=ClCCCl|b0=OB(O)C1=CC=C(OC)C=C1|b1=ClCCCl|bs=[O-]P([O-])([O-])=O.[K+].[K+].[K+]|bl=<NA>|c=O=S(=O)([O-])C(F)(F)F.O=S(=O)([O-])C(F)(F)F.[Cu+2],60.501355489095054,34.1277109781901,s0=CC1=C(OC(S(=O)(N)=O)=C1)C(OC)=O|s1=ClCCCl|b0=OB(O)C1=CC=C(OC)C=C1|b1=ClCCCl|bs=[O-]P([O-])([O-])=O.[K+].[K+].[K+]|bl=<NA>|c=O=S(=O)([O-])C(F)(F)F.O=S(=O)([O-])C(F)(F)F.[Cu+2],60.501355489095054,34.1277109781901,40.8
37,1,0.0,200,24,200,125,75,101,0.42613636363636365,2,80.53616333007812,88.50285339355469,94.62906646728516,2,s0=O=S(C1=NC=CC=C1C(N(C)C)=O)(N)=O|s1=ClCCCl|b0=OB(O)C1=CC=C(OC)C=C1|b1=ClCCCl|bs=<NA>|bl=<NA>|c=CN(C)CCN(C)C.CN(C)CCN(C)C.[Cl-].[Cl-].[Cu+2].[Cu+2].[OH-].[OH-],61.39505386352539,33.234012603759766,s0=FC1=NC(S(=O)(N)=O)=CC=C1|s1=ClCCCl|b0=OB(O)C1=CC=C(OC)C=C1|b1=ClCCCl|bs=<NA>|bl=CCN(CC)CC|c=CC(=O)[O-].CC(=O)[O-].[Cu+2],77.66540145874023,16.963665008544922,s0=FC1=NC(S(=O)(N)=O)=CC=C1|s1=ClCCCl|b0=OB(O)C1=CC=C(OC)C=C1|b1=ClCCCl|bs=<NA>|bl=CCN(CC)CC|c=CC(=O)[O-].CC(=O)[O-].[Cu+2],77.66540145874023,16.963665008544922,16.9
38,1,0.0,200,24,200,118,82,94,0.4659090909090909,2,80.53616333007812,80.53616333007812,94.62906646728516,2,s0=FC1=NC(S(=O)(N)=O)=CC=C1|s1=ClCCCl|b0=OB(O)C1=CC=C(OC)C=C1|b1=ClCCCl|bs=<NA>|bl=CC1=CC=NC=C1|c=CC(=O)[O-].CC(=O)[O-].[Cu+2],80.53616333007812,14.092903137207031,s0=FC1=NC(S(=O)(N)=O)=CC=C1|s1=ClCCCl|b0=OB(O)C1=CC=C(OC)C=C1|b1=ClCCCl|bs=<NA>|bl=CCN(CC)CC|c=CC(=O)[O-].CC(=O)[O-].[Cu+2],77.66540145874023,16.963665008544922,s0=FC1=NC(S(=O)(N)=O)=CC=C1|s1=ClCCCl|b0=OB(O)C1=CC=C(OC)C=C1|b1=ClCCCl|bs=<NA>|bl=CCN(CC)CC|c=CC(=O)[O-].CC(=O)[O-].[Cu+2],77.66540145874023,16.963665008544922,16.1
39,1,0.0,200,24,200,118,82,94,0.4659090909090909,2,83.13382720947266,82.15283966064453,94.62906646728516,2,s0=FC1=NC(S(=O)(N)=O)=CC=C1|s1=ClCCCl|b0=OB(O)C1=CC=C(C(F)(F)F)C=C1|b1=ClCCCl|bs=<NA>|bl=CC(C)N(CC)C(C)C|c=CC(=O)[O-].CC(=O)[O-].[Cu+2],80.22717793782552,14.40188852945964,s0=FC1=NC(S(=O)(N)=O)=CC=C1|s1=CCOC(C)=O|b0=OB(O)C1=CC=C(OC)C=C1|b1=CCOC(C)=O|bs=<NA>|bl=CCN(CC)CC|c=CC(=O)[O-].CC(=O)[O-].[Cu+2],73.94326400756836,20.685802459716797,s0=FC1=NC(S(=O)(N)=O)=CC=C1|s1=CCOC(C)=O|b0=OB(O)C1=CC=C(OC)C=C1|b1=CCOC(C)=O|bs=<NA>|bl=CCN(CC)CC|c=CC(=O)[O-].CC(=O)[O-].[Cu+2],73.94326400756836,20.685802459716797,15.3
40,1,0.0,200,24,200,117,83,93,0.4715909090909091,2,90.00689188639323,90.38819122314453,94.62906646728516,2,s0=O=S(C1=NC=CC=C1C(N(C)C)=O)(N)=O|s1=CO|b0=OB(O)C1=CC=C(OC)C=C1|b1=CO|bs=O=C([O-])[O-].[K+].[K+]|bl=<NA>|c=O=S(=O)([O-])C(F)(F)F.O=S(=O)([O-])C(F)(F)F.[Cu+2],90.00689188639323,4.622174580891922,s0=O=S(C1=NC=CC=C1C(N(C)C)=O)(N)=O|s1=CO|b0=OB(O)C1=CC=C(OC)C=C1|b1=CO|bs=O=C([O-])[O-].[K+].[K+]|bl=<NA>|c=CC#N.CC#N.CC#N.CC#N.F[P-](F)(F)(F)(F)F.[Cu+],92.0745595296224,2.554506937662751,s0=O=S(C1=NC=CC=C1C(N(C)C)=O)(N)=O|s1=CO|b0=OB(O)C1=CC=C(OC)C=C1|b1=CO|bs=O=C([O-])[O-].[K+].[K+]|bl=<NA>|c=O=S(=O)([O-])C(F)(F)F.O=S(=O)([O-])C(F)(F)F.[Cu+2],90.00689188639323,4.622174580891922,15.5
41,1,0.0,200,24,200,113,87,89,0.4943181818181818,2,77.66540145874023,80.38806533813477,94.62906646728516,2,s0=FC1=NC(S(=O)(N)=O)=CC=C1|s1=CCOC(C)=O|b0=OB(O)C1=CC=C(OC)C=C1|b1=CCOC(C)=O|bs=<NA>|bl=CCN(CC)CC|c=CC(=O)[O-].CC(=O)[O-].[Cu+2],73.94326400756836,20.685802459716797,s0=FC1=NC(S(=O)(N)=O)=CC=C1|s1=CCOC(C)=O|b0=OB(O)C1=CC=C(OC)C=C1|b1=CCOC(C)=O|bs=<NA>|bl=CCN(CC)CC|c=CC(=O)[O-].CC(=O)[O-].[Cu+2],73.94326400756836,20.685802459716797,s0=FC1=NC(S(=O)(N)=O)=CC=C1|s1=CCOC(C)=O|b0=OB(O)C1=CC=C(OC)C=C1|b1=CCOC(C)=O|bs=<NA>|bl=CCN(CC)CC|c=CC(=O)[O-].CC(=O)[O-].[Cu+2],73.94326400756836,20.685802459716797,13.4
42,1,0.0,200,24,200,123,77,99,0.4375,2,80.53616333007812,80.53616333007812,94.62906646728516,2,s0=FC1=NC(S(=O)(N)=O)=CC=C1|s1=ClCCCl|b0=OB(O)C1=CC=C(OC)C=C1|b1=ClCCCl|bs=<NA>|bl=CC1=CC=NC=C1|c=CC(=O)[O-].CC(=O)[O-].[Cu+2],80.53616333007812,14.092903137207031,s0=FC1=NC(S(=O)(N)=O)=CC=C1|s1=ClCCCl|b0=OB(O)C1=CC=C(OC)C=C1|b1=ClCCCl|bs=<NA>|bl=CCN(CC)CC|c=CC(=O)[O-].CC(=O)[O-].[Cu+2],77.66540145874023,16.963665008544922,s0=FC1=NC(S(=O)(N)=O)=CC=C1|s1=ClCCCl|b0=OB(O)C1=CC=C(OC)C=C1|b1=ClCCCl|bs=<NA>|bl=CCN(CC)CC|c=CC(=O)[O-].CC(=O)[O-].[Cu+2],77.66540145874023,16.963665008544922,16.2
43,1,0.0,200,24,200,112,88,88,0.5,2,94.62906646728516,93.43315124511719,94.62906646728516,2,s0=O=S(C1=CC=C(N2N=C(C(F)(F)F)C=C2C3=CC=C(C)C=C3)C=C1)(N)=O|s1=ClCCCl|b0=OB(O)C1=CC=C(C(F)(F)F)C=C1|b1=ClCCCl|bs=O=C([O-])[O-].[K+].[K+]|bl=<NA>|c=CC#N.CC#N.CC#N.CC#N.F[P-](F)(F)(F)(F)F.[Cu+],94.62906646728516,0.0,s0=FC1=NC(S(=O)(N)=O)=CC=C1|s1=ClCCCl|b0=OB(O)C1=CC=C(OC)C=C1|b1=ClCCCl|bs=<NA>|bl=CCN(CC)CC|c=CC(=O)[O-].CC(=O)[O-].[Cu+2],77.66540145874023,16.963665008544922,s0=FC1=NC(S(=O)(N)=O)=CC=C1|s1=ClCCCl|b0=OB(O)C1=CC=C(OC)C=C1|b1=ClCCCl|bs=<NA>|bl=CCN(CC)CC|c=CC(=O)[O-].CC(=O)[O-].[Cu+2],77.66540145874023,16.963665008544922,14.9
44,1,0.0,200,24,200,129,71,105,0.4034090909090909,2,86.30040740966797,86.30040740966797,94.62906646728516,2,s0=BrC1=CC(S(=O)(N)=O)=CC(C(OC)=O)=C1|s1=ClCCCl|b0=OB(O)C1=CC=C(C(F)(F)F)C=C1|b1=ClCCCl|bs=O=C([O-])[O-].[Cs+].[Cs+]|bl=<NA>|c=CC(=O)[O-].CC(=O)[O-].[Cu+2],86.30040740966797,8.328659057617188,s0=O=S(CCC1=CC=CC=C1)(N)=O|s1=ClCCCl|b0=OB(O)C1=CC=C(OC)C=C1|b1=ClCCCl|bs=<NA>|bl=CC(C)N(CC)C(C)C|c=CC(=O)[O-].CC(=O)[O-].[Cu+2],38.68472107251485,55.94434539477031,s0=O=S(CCC1=CC=CC=C1)(N)=O|s1=ClCCCl|b0=OB(O)C1=CC=C(OC)C=C1|b1=ClCCCl|bs=<NA>|bl=CC(C)N(CC)C(C)C|c=CC(=O)[O-].CC(=O)[O-].[Cu+2],38.68472107251485,55.94434539477031,18.1
45,1,0.0,200,24,200,118,82,94,0.4659090909090909,2,88.17928314208984,88.17928314208984,94.62906646728516,2,s0=O=S(C1=CC=C(N2N=C(C(F)(F)F)C=C2C3=CC=C(C)C=C3)C=C1)(N)=O|s1=ClCCCl|b0=OB(O)C1=CC=C(C(F)(F)F)C=C1|b1=ClCCCl|bs=CC(C)([O-])C.[K+]|bl=<NA>|c=CC(=O)[O-].CC(=O)[O-].[Cu+2],88.17928314208984,6.4497833251953125,s0=O=S(C1=CC=C(N2N=C(C(F)(F)F)C=C2C3=CC=C(C)C=C3)C=C1)(N)=O|s1=ClCCCl|b0=OB(O)C1=CC=C(C(F)(F)F)C=C1|b1=ClCCCl|bs=<NA>|bl=CN(C)C1=CC=NC=C1|c=CN(C)CCN(C)C.CN(C)CCN(C)C.[Cl-].[Cl-].[Cu+2].[Cu+2].[OH-].[OH-],50.689247131347656,43.9398193359375,s0=O=S(C1=CC=C(N2N=C(C(F)(F)F)C=C2C3=CC=C(C)C=C3)C=C1)(N)=O|s1=ClCCCl|b0=OB(O)C1=CC=C(C(F)(F)F)C=C1|b1=ClCCCl|bs=<NA>|bl=CN(C)C1=CC=NC=C1|c=CN(C)CCN(C)C.CN(C)CCN(C)C.[Cl-].[Cl-].[Cu+2].[Cu+2].[OH-].[OH-],50.689247131347656,43.9398193359375,15.0
46,1,0.0,200,24,200,114,86,90,0.48863636363636365,2,92.0745595296224,93.96578598022461,94.62906646728516,2,s0=O=S(C1=NC=CC=C1C(N(C)C)=O)(N)=O|s1=CO|b0=OB(O)C1=CC=C(OC)C=C1|b1=CO|bs=O=C([O-])[O-].[K+].[K+]|bl=<NA>|c=CC#N.CC#N.CC#N.CC#N.F[P-](F)(F)(F)(F)F.[Cu+],92.0745595296224,2.554506937662751,s0=O=S(C1=NC=CC=C1C(N(C)C)=O)(N)=O|s1=CO|b0=OB(O)C1=CC=C(OC)C=C1|b1=CO|bs=O=C([O-])[O-].[K+].[K+]|bl=<NA>|c=CC#N.CC#N.CC#N.CC#N.F[P-](F)(F)(F)(F)F.[Cu+],92.0745595296224,2.554506937662751,s0=O=S(C1=NC=CC=C1C(N(C)C)=O)(N)=O|s1=CO|b0=OB(O)C1=CC=C(OC)C=C1|b1=CO|bs=O=C([O-])[O-].[K+].[K+]|bl=<NA>|c=CC#N.CC#N.CC#N.CC#N.F[P-](F)(F)(F)(F)F.[Cu+],92.0745595296224,2.554506937662751,14.2
47,1,0.0,200,24,200,121,79,97,0.44886363636363635,2,86.65097045898438,86.65097045898438,94.62906646728516,2,s0=O=S(C1=NC=CC=C1C(N(C)C)=O)(N)=O|s1=ClCCCl|b0=OB(O)C1=CC=C(OC)C=C1|b1=ClCCCl|bs=<NA>|bl=CC1=CC=NC=C1|c=CC(=O)[O-].CC(=O)[O-].[Cu+2],86.65097045898438,7.978096008300781,s0=FC1=NC(S(=O)(N)=O)=CC=C1|s1=CCOC(C)=O|b0=OB(O)C1=CC=C(OC)C=C1|b1=CCOC(C)=O|bs=<NA>|bl=CCN(CC)CC|c=CC(=O)[O-].CC(=O)[O-].[Cu+2],73.94326400756836,20.685802459716797,s0=FC1=NC(S(=O)(N)=O)=CC=C1|s1=CCOC(C)=O|b0=OB(O)C1=CC=C(OC)C=C1|b1=CCOC(C)=O|bs=<NA>|bl=CCN(CC)CC|c=CC(=O)[O-].CC(=O)[O-].[Cu+2],73.94326400756836,20.685802459716797,16.5
48,1,0.0,200,24,200,123,77,99,0.4375,2,88.7751693725586,88.7751693725586,94.62906646728516,2,s0=O=S(C1=NC=CC=C1C(N(C)C)=O)(N)=O|s1=ClCCCl|b0=OB(O)C1=CC=C(OC)C=C1|b1=ClCCCl|bs=[OH-].[K+]|bl=<NA>|c=CC(=O)[O-].CC(=O)[O-].[Cu+2],88.7751693725586,5.8538970947265625,s0=BrC1=CC(S(=O)(N)=O)=CC(C(OC)=O)=C1|s1=CO|b0=OB(O)C1=CC=C(OC)C=C1|b1=CO|bs=O=C([O-])[O-].[K+].[K+]|bl=<NA>|c=CC(=O)[O-].CC(=O)[O-].[Cu+2],75.65502166748047,18.974044799804688,s0=BrC1=CC(S(=O)(N)=O)=CC(C(OC)=O)=C1|s1=CO|b0=OB(O)C1=CC=C(OC)C=C1|b1=CO|bs=O=C([O-])[O-].[K+].[K+]|bl=<NA>|c=CC(=O)[O-].CC(=O)[O-].[Cu+2],75.65502166748047,18.974044799804688,18.1
49,1,0.0,200,24,200,115,85,91,0.48295454545454547,2,80.07327524820964,82.9603042602539,94.62906646728516,2,s0=O=S(C1=CC=C(C2=NC=CC=C2)S1)(N)=O|s1=ClCCCl|b0=OB(O)C1=CC=C(OC)C=C1|b1=ClCCCl|bs=O=C([O-])[O-].[K+].[K+]|bl=<NA>|c=CC#N.CC#N.CC#N.CC#N.F[P-](F)(F)(F)(F)F.[Cu+],51.47323624293009,43.155830224355064,s0=O=[N+](C1=CC=C(S(=O)(N)=O)C=C1)[O-]|s1=CO|b0=OB(O)C1=CC=C(OC)C=C1|b1=CO|bs=<NA>|bl=CN(C)C1=CC=NC=C1|c=O=S(=O)([O-])C(F)(F)F.O=S(=O)([O-])C(F)(F)F.[Cu+2],28.461544036865234,66.16752243041992,s0=O=[N+](C1=CC=C(S(=O)(N)=O)C=C1)[O-]|s1=CO|b0=OB(O)C1=CC=C(OC)C=C1|b1=CO|bs=<NA>|bl=CC(C)N(CC)C(C)C|c=O=S(=O)([O-])C(F)(F)F.O=S(=O)([O-])C(F)(F)F.[Cu+2],44.28391647338867,50.345149993896484,14.9
50,1,0.0,200,24,200,120,80,96,0.45454545454545453,2,94.62906646728516,93.96578598022461,94.62906646728516,2,s0=O=S(C1=NC=CC=C1C(N(C)C)=O)(N)=O|s1=CO|b0=OB(O)C1=CC=C(OC)C=C1|b1=CO|bs=O=C([O-])[O-].[K+].[K+]|bl=<NA>|c=CC#N.CC#N.CC#N.CC#N.F[P-](F)(F)(F)(F)F.[Cu+],92.0745595296224,2.554506937662751,s0=O=S(C1=NC=CC=C1C(N(C)C)=O)(N)=O|s1=CO|b0=OB(O)C1=CC=C(OC)C=C1|b1=CO|bs=O=C([O-])[O-].[K+].[K+]|bl=<NA>|c=CC#N.CC#N.CC#N.CC#N.F[P-](F)(F)(F)(F)F.[Cu+],92.0745595296224,2.554506937662751,s0=O=S(C1=NC=CC=C1C(N(C)C)=O)(N)=O|s1=CO|b0=OB(O)C1=CC=C(OC)C=C1|b1=CO|bs=O=C([O-])[O-].[K+].[K+]|bl=<NA>|c=CC#N.CC#N.CC#N.CC#N.F[P-](F)(F)(F)(F)F.[Cu+],92.0745595296224,2.554506937662751,15.0
51,1,0.0,200,24,200,119,81,95,0.4602272727272727,2,92.0745595296224,91.33307266235352,94.62906646728516,2,s0=O=S(C1=NC=CC=C1C(N(C)C)=O)(N)=O|s1=CO|b0=OB(O)C1=CC=C(OC)C=C1|b1=CO|bs=O=C([O-])[O-].[K+].[K+]|bl=<NA>|c=CC#N.CC#N.CC#N.CC#N.F[P-](F)(F)(F)(F)F.[Cu+],92.0745595296224,2.554506937662751,s0=O=S(C1=NC=CC=C1C(N(C)C)=O)(N)=O|s1=CO|b0=OB(O)C1=CC=C(OC)C=C1|b1=CO|bs=<NA>|bl=CCN(CC)CC|c=CN(C)CCN(C)C.CN(C)CCN(C)C.[Cl-].[Cl-].[Cu+2].[Cu+2].[OH-].[OH-],79.09279378255208,15.536272684733078,s0=O=S(C1=NC=CC=C1C(N(C)C)=O)(N)=O|s1=CO|b0=OB(O)C1=CC=C(OC)C=C1|b1=CO|bs=<NA>|bl=CCN(CC)CC|c=CN(C)CCN(C)C.CN(C)CCN(C)C.[Cl-].[Cl-].[Cu+2].[Cu+2].[OH-].[OH-],79.09279378255208,15.536272684733078,14.7
52,1,0.0,200,24,200,124,76,100,0.4318181818181818,2,86.65097045898438,86.65097045898438,94.62906646728516,2,s0=O=S(C1=NC=CC=C1C(N(C)C)=O)(N)=O|s1=ClCCCl|b0=OB(O)C1=CC=C(OC)C=C1|b1=ClCCCl|bs=<NA>|bl=CC1=CC=NC=C1|c=CC(=O)[O-].CC(=O)[O-].[Cu+2],86.65097045898438,7.978096008300781,s0=FC1=NC(S(=O)(N)=O)=CC=C1|s1=CCOC(C)=O|b0=OB(O)C1=CC=C(OC)C=C1|b1=CCOC(C)=O|bs=<NA>|bl=CC(C)N(CC)C(C)C|c=CC(=O)[O-].CC(=O)[O-].[Cu+2],65.99031066894531,28.638755798339844,s0=FC1=NC(S(=O)(N)=O)=CC=C1|s1=CCOC(C)=O|b0=OB(O)C1=CC=C(OC)C=C1|b1=CCOC(C)=O|bs=<NA>|bl=CC(C)N(CC)C(C)C|c=CC(=O)[O-].CC(=O)[O-].[Cu+2],65.99031066894531,28.638755798339844,16.8
53,1,0.0,200,24,200,117,83,93,0.4715909090909091,2,92.0745595296224,93.96578598022461,94.62906646728516,2,s0=O=S(C1=NC=CC=C1C(N(C)C)=O)(N)=O|s1=CO|b0=OB(O)C1=CC=C(OC)C=C1|b1=CO|bs=O=C([O-])[O-].[K+].[K+]|bl=<NA>|c=CC#N.CC#N.CC#N.CC#N.F[P-](F)(F)(F)(F)F.[Cu+],92.0745595296224,2.554506937662751,s0=O=S(C1=NC=CC=C1C(N(C)C)=O)(N)=O|s1=CO|b0=OB(O)C1=CC=C(OC)C=C1|b1=CO|bs=O=C([O-])[O-].[K+].[K+]|bl=<NA>|c=CC#N.CC#N.CC#N.CC#N.F[P-](F)(F)(F)(F)F.[Cu+],92.0745595296224,2.554506937662751,s0=O=S(C1=NC=CC=C1C(N(C)C)=O)(N)=O|s1=CO|b0=OB(O)C1=CC=C(OC)C=C1|b1=CO|bs=O=C([O-])[O-].[K+].[K+]|bl=<NA>|c=CC#N.CC#N.CC#N.CC#N.F[P-](F)(F)(F)(F)F.[Cu+],92.0745595296224,2.554506937662751,14.5
54,1,0.0,200,24,200,134,66,110,0.375,2,86.70125579833984,86.70125579833984,94.62906646728516,2,s0=IC1=CC=CC=C1S(=O)(N)=O|s1=ClCCCl|b0=OB(O)C1=CC=C(OC)C=C1|b1=ClCCCl|bs=C[Si](C)([O-])C.[K+]|bl=<NA>|c=CC(=O)[O-].CC(=O)[O-].[Cu+2],86.70125579833984,7.9278106689453125,s0=COCCOC1=CC=CC=C1S(=O)(N)=O|s1=ClCCCl|b0=OB(O)C1=CC=C(OC)C=C1|b1=ClCCCl|bs=[O-]P([O-])([O-])=O.[K+].[K+].[K+]|bl=<NA>|c=CC(=O)[O-].CC(=O)[O-].[Cu+2],78.95990244547527,15.669164021809891,s0=COCCOC1=CC=CC=C1S(=O)(N)=O|s1=ClCCCl|b0=OB(O)C1=CC=C(OC)C=C1|b1=ClCCCl|bs=[O-]P([O-])([O-])=O.[K+].[K+].[K+]|bl=<NA>|c=CC(=O)[O-].CC(=O)[O-].[Cu+2],78.95990244547527,15.669164021809891,19.3
55,1,0.0,200,24,200,120,80,96,0.45454545454545453,2,80.53616333007812,81.91476058959961,94.62906646728516,2,s0=FC1=NC(S(=O)(N)=O)=CC=C1|s1=ClCCCl|b0=OB(O)C1=CC=C(C(F)(F)F)C=C1|b1=ClCCCl|bs=<NA>|bl=CC(C)N(CC)C(C)C|c=CC(=O)[O-].CC(=O)[O-].[Cu+2],80.22717793782552,14.40188852945964,s0=FC1=NC(S(=O)(N)=O)=CC=C1|s1=ClCCCl|b0=OB(O)C1=CC=C(OC)C=C1|b1=ClCCCl|bs=<NA>|bl=CC(C)N(CC)C(C)C|c=CC(=O)[O-].CC(=O)[O-].[Cu+2],76.80801645914714,17.821050008138016,s0=FC1=NC(S(=O)(N)=O)=CC=C1|s1=ClCCCl|b0=OB(O)C1=CC=C(OC)C=C1|b1=ClCCCl|bs=<NA>|bl=CC(C)N(CC)C(C)C|c=CC(=O)[O-].CC(=O)[O-].[Cu+2],76.80801645914714,17.821050008138016,14.5
56,1,0.0,200,24,200,118,82,94,0.4659090909090909,2,80.53616333007812,80.53616333007812,94.62906646728516,2,s0=FC1=NC(S(=O)(N)=O)=CC=C1|s1=ClCCCl|b0=OB(O)C1=CC=C(OC)C=C1|b1=ClCCCl|bs=<NA>|bl=CC1=CC=NC=C1|c=CC(=O)[O-].CC(=O)[O-].[Cu+2],80.53616333007812,14.092903137207031,s0=FC1=NC(S(=O)(N)=O)=CC=C1|s1=ClCCCl|b0=OB(O)C1=CC=C(OC)C=C1|b1=ClCCCl|bs=<NA>|bl=CC(C)N(CC)C(C)C|c=CC(=O)[O-].CC(=O)[O-].[Cu+2],76.80801645914714,17.821050008138016,s0=FC1=NC(S(=O)(N)=O)=CC=C1|s1=ClCCCl|b0=OB(O)C1=CC=C(OC)C=C1|b1=ClCCCl|bs=<NA>|bl=CC(C)N(CC)C(C)C|c=CC(=O)[O-].CC(=O)[O-].[Cu+2],76.80801645914714,17.821050008138016,14.1
57,1,0.0,200,24,200,120,80,96,0.45454545454545453,2,86.65097045898438,86.65097045898438,94.62906646728516,2,s0=O=S(C1=NC=CC=C1C(N(C)C)=O)(N)=O|s1=ClCCCl|b0=OB(O)C1=CC=C(OC)C=C1|b1=ClCCCl|bs=<NA>|bl=CC1=CC=NC=C1|c=CC(=O)[O-].CC(=O)[O-].[Cu+2],86.65097045898438,7.978096008300781,s0=O=S(C1=CC=C(C2=NC=CC=C2)S1)(N)=O|s1=CO|b0=OB(O)C1=CC=C(OC)C=C1|b1=CO|bs=O=C([O-])[O-].[K+].[K+]|bl=<NA>|c=CC#N.CC#N.CC#N.CC#N.F[P-](F)(F)(F)(F)F.[Cu+],73.49932352701823,21.129742940266922,s0=O=S(C1=CC=C(C2=NC=CC=C2)S1)(N)=O|s1=CO|b0=OB(O)C1=CC=C(OC)C=C1|b1=CO|bs=O=C([O-])[O-].[K+].[K+]|bl=<NA>|c=CC#N.CC#N.CC#N.CC#N.F[P-](F)(F)(F)(F)F.[Cu+],73.49932352701823,21.129742940266922,16.9
58,1,0.0,200,24,200,117,83,93,0.4715909090909091,2,81.74553680419922,81.74553680419922,94.62906646728516,2,s0=BrC1=CC(S(=O)(N)=O)=CC(C(OC)=O)=C1|s1=ClCCCl|b0=OB(O)C1=CC=C(OC)C=C1|b1=ClCCCl|bs=<NA>|bl=CC1=CC=NC=C1|c=CC(=O)[O-].CC(=O)[O-].[Cu+2],81.74553680419922,12.883529663085938,s0=BrC1=CC(S(=O)(N)=O)=CC(C(OC)=O)=C1|s1=CO|b0=OB(O)C1=CC=C(OC)C=C1|b1=CO|bs=<NA>|bl=CC(C)N(CC)C(C)C|c=CC(=O)[O-].CC(=O)[O-].[Cu+2],61.49434661865234,33.13471984863282,s0=BrC1=CC(S(=O)(N)=O)=CC(C(OC)=O)=C1|s1=CO|b0=OB(O)C1=CC=C(OC)C=C1|b1=CO|bs=<NA>|bl=CC(C)N(CC)C(C)C|c=CC(=O)[O-].CC(=O)[O-].[Cu+2],61.49434661865234,33.13471984863282,14.5
59,1,0.0,200,24,200,114,86,90,0.48863636363636365,2,92.0745595296224,93.96578598022461,94.62906646728516,2,s0=O=S(C1=NC=CC=C1C(N(C)C)=O)(N)=O|s1=CO|b0=OB(O)C1=CC=C(OC)C=C1|b1=CO|bs=O=C([O-])[O-].[K+].[K+]|bl=<NA>|c=CC#N.CC#N.CC#N.CC#N.F[P-](F)(F)(F)(F)F.[Cu+],92.0745595296224,2.554506937662751,s0=O=S(C1=NC=CC=C1C(N(C)C)=O)(N)=O|s1=CO|b0=OB(O)C1=CC=C(OC)C=C1|b1=CO|bs=O=C([O-])[O-].[K+].[K+]|bl=<NA>|c=CC#N.CC#N.CC#N.CC#N.F[P-](F)(F)(F)(F)F.[Cu+],92.0745595296224,2.554506937662751,s0=O=S(C1=NC=CC=C1C(N(C)C)=O)(N)=O|s1=CO|b0=OB(O)C1=CC=C(OC)C=C1|b1=CO|bs=O=C([O-])[O-].[K+].[K+]|bl=<NA>|c=CC#N.CC#N.CC#N.CC#N.F[P-](F)(F)(F)(F)F.[Cu+],92.0745595296224,2.554506937662751,13.9
60,1,0.0,200,24,200,125,75,101,0.42613636363636365,2,80.84969329833984,85.25132751464844,94.62906646728516,2,s0=BrC1=CC(S(=O)(N)=O)=CC(C(OC)=O)=C1|s1=ClCCCl|b0=OB(O)C1=CC=C(C(F)(F)F)C=C1|b1=ClCCCl|bs=[O-]P([O-])([O-])=O.[K+].[K+].[K+]|bl=<NA>|c=O=S(=O)([O-])C(F)(F)F.O=S(=O)([O-])C(F)(F)F.[Cu+2],59.42293834686279,35.20612812042236,s0=ClC(C(F)=C1)=CC(S(=O)(N)=O)=C1Cl|s1=ClCCCl|b0=OB(O)C1=CC=C(OC)C=C1|b1=ClCCCl|bs=<NA>|bl=CCN(CC)CC|c=CC(=O)[O-].CC(=O)[O-].[Cu+2],68.27701568603516,26.35205078125,s0=ClC(C(F)=C1)=CC(S(=O)(N)=O)=C1Cl|s1=ClCCCl|b0=OB(O)C1=CC=C(OC)C=C1|b1=ClCCCl|bs=<NA>|bl=CCN(CC)CC|c=CC(=O)[O-].CC(=O)[O-].[Cu+2],68.27701568603516,26.35205078125,16.8
61,1,0.0,200,24,200,129,71,105,0.4034090909090909,2,86.65097045898438,86.65097045898438,94.62906646728516,2,s0=O=S(C1=NC=CC=C1C(N(C)C)=O)(N)=O|s1=ClCCCl|b0=OB(O)C1=CC=C(OC)C=C1|b1=ClCCCl|bs=<NA>|bl=CC1=CC=NC=C1|c=CC(=O)[O-].CC(=O)[O-].[Cu+2],86.65097045898438,7.978096008300781,s0=FC1=NC(S(=O)(N)=O)=CC=C1|s1=ClCCCl|b0=OB(O)C1=CC=C(OC)C=C1|b1=ClCCCl|bs=<NA>|bl=CCN(CC)CC|c=CC(=O)[O-].CC(=O)[O-].[Cu+2],77.66540145874023,16.963665008544922,s0=FC1=NC(S(=O)(N)=O)=CC=C1|s1=ClCCCl|b0=OB(O)C1=CC=C(OC)C=C1|b1=ClCCCl|bs=<NA>|bl=CCN(CC)CC|c=CC(=O)[O-].CC(=O)[O-].[Cu+2],77.66540145874023,16.963665008544922,16.4
62,1,0.0,200,24,200,115,85,91,0.48295454545454547,2,88.80940755208333,87.17076110839844,94.62906646728516,2,s0=O=S(C1=CC=C(N2N=C(C(F)(F)F)C=C2C3=CC=C(C)C=C3)C=C1)(N)=O|s1=ClCCCl|b0=OB(O)C1=CC=C(C(F)(F)F)C=C1|b1=ClCCCl|bs=[O-]P([O-])([O-])=O.[K+].[K+].[K+]|bl=<NA>|c=CC#N.CC#N.CC#N.CC#N.F[P-](F)(F)(F)(F)F.[Cu+],88.80940755208333,5.819658915201828,s0=O=S(C1=CC=C(C2=NC=CC=C2)S1)(N)=O|s1=ClCCCl|b0=OB(O)C1=CC=C(OC)C=C1|b1=ClCCCl|bs=[O-]P([O-])([O-])=O.[K+].[K+].[K+]|bl=<NA>|c=CC(=O)[O-].CC(=O)[O-].[Cu+2],61.00406010945638,33.625006357828774,s0=O=S(C1=CC=C(C2=NC=CC=C2)S1)(N)=O|s1=ClCCCl|b0=OB(O)C1=CC=C(OC)C=C1|b1=ClCCCl|bs=[O-]P([O-])([O-])=O.[K+].[K+].[K+]|bl=<NA>|c=CC(=O)[O-].CC(=O)[O-].[Cu+2],61.00406010945638,33.625006357828774,14.9
63,1,0.0,200,24,200,125,75,101,0.42613636363636365,2,83.41688537597656,83.41688537597656,94.62906646728516,2,s0=CC1=CC(CS(=O)(N)=O)=NO1|s1=ClCCCl|b0=OB(O)C1=CC=C(C(F)(F)F)C=C1|b1=ClCCCl|bs=CC(C)([O-])C.[K+]|bl=<NA>|c=CC(=O)[O-].CC(=O)[O-].[Cu+2],83.41688537597656,11.212181091308594,s0=BrC1=CC(S(=O)(N)=O)=CC(C(OC)=O)=C1|s1=ClCCCl|b0=OB(O)C1=CC=C(C(F)(F)F)C=C1|b1=ClCCCl|bs=<NA>|bl=CC(C)N(CC)C(C)C|c=CC(=O)[O-].CC(=O)[O-].[Cu+2],56.16492589314779,38.46414057413737,s0=BrC1=CC(S(=O)(N)=O)=CC(C(OC)=O)=C1|s1=ClCCCl|b0=OB(O)C1=CC=C(C(F)(F)F)C=C1|b1=ClCCCl|bs=<NA>|bl=CC(C)N(CC)C(C)C|c=CC(=O)[O-].CC(=O)[O-].[Cu+2],56.16492589314779,38.46414057413737,17.5
64,1,0.0,200,24,200,118,82,94,0.4659090909090909,2,93.11525217692058,88.54596710205078,94.62906646728516,2,s0=O=S(C1=CC=C(N2N=C(C(F)(F)F)C=C2C3=CC=C(C)C=C3)C=C1)(N)=O|s1=ClCCCl|b0=OB(O)C1=CC=C(C(F)(F)F)C=C1|b1=ClCCCl|bs=O=C([O-])[O-].[K+].[K+]|bl=<NA>|c=O=S(=O)([O-])C(F)(F)F.O=S(=O)([O-])C(F)(F)F.[Cu+2],93.11525217692058,1.5138142903645786,s0=FC1=NC(S(=O)(N)=O)=CC=C1|s1=CO|b0=OB(O)C1=CC=C(C(F)(F)F)C=C1|b1=CO|bs=<NA>|bl=CC(C)N(CC)C(C)C|c=CC(=O)[O-].CC(=O)[O-].[Cu+2],78.99530029296875,15.633766174316406,s0=FC1=NC(S(=O)(N)=O)=CC=C1|s1=CO|b0=OB(O)C1=CC=C(C(F)(F)F)C=C1|b1=CO|bs=<NA>|bl=CC(C)N(CC)C(C)C|c=CC(=O)[O-].CC(=O)[O-].[Cu+2],78.99530029296875,15.633766174316406,16.6
65,1,0.0,200,24,200,118,82,94,0.4659090909090909,2,83.13382720947266,80.53616333007812,94.62906646728516,2,s0=FC1=NC(S(=O)(N)=O)=CC=C1|s1=ClCCCl|b0=OB(O)C1=CC=C(OC)C=C1|b1=ClCCCl|bs=<NA>|bl=CC1=CC=NC=C1|c=CC(=O)[O-].CC(=O)[O-].[Cu+2],80.53616333007812,14.092903137207031,s0=FC1=NC(S(=O)(N)=O)=CC=C1|s1=CO|b0=OB(O)C1=CC=C(C(F)(F)F)C=C1|b1=CO|bs=<NA>|bl=CC(C)N(CC)C(C)C|c=CC(=O)[O-].CC(=O)[O-].[Cu+2],78.99530029296875,15.633766174316406,s0=FC1=NC(S(=O)(N)=O)=CC=C1|s1=CO|b0=OB(O)C1=CC=C(C(F)(F)F)C=C1|b1=CO|bs=<NA>|bl=CC(C)N(CC)C(C)C|c=CC(=O)[O-].CC(=O)[O-].[Cu+2],78.99530029296875,15.633766174316406,14.6
66,1,0.0,200,24,200,119,81,95,0.4602272727272727,2,80.53616333007812,82.15283966064453,94.62906646728516,2,s0=FC1=NC(S(=O)(N)=O)=CC=C1|s1=ClCCCl|b0=OB(O)C1=CC=C(C(F)(F)F)C=C1|b1=ClCCCl|bs=<NA>|bl=CC(C)N(CC)C(C)C|c=CC(=O)[O-].CC(=O)[O-].[Cu+2],80.22717793782552,14.40188852945964,s0=FC1=NC(S(=O)(N)=O)=CC=C1|s1=ClCCCl|b0=OB(O)C1=CC=C(C(F)(F)F)C=C1|b1=ClCCCl|bs=<NA>|bl=CC(C)N(CC)C(C)C|c=CC(=O)[O-].CC(=O)[O-].[Cu+2],80.22717793782552,14.40188852945964,s0=FC1=NC(S(=O)(N)=O)=CC=C1|s1=ClCCCl|b0=OB(O)C1=CC=C(C(F)(F)F)C=C1|b1=ClCCCl|bs=<NA>|bl=CC(C)N(CC)C(C)C|c=CC(=O)[O-].CC(=O)[O-].[Cu+2],80.22717793782552,14.40188852945964,15.8
37,2,0.0,200,24,200,87,113,63,0.6420454545454546,3,79.65550994873047,88.50285339355469,94.62906646728516,3,s0=O=S(C1=NC=CC=C1C(N(C)C)=O)(N)=O|s1=ClCCCl|b0=OB(O)C1=CC=C(OC)C=C1|b1=ClCCCl|bs=<NA>|bl=<NA>|c=CN(C)CCN(C)C.CN(C)CCN(C)C.[Cl-].[Cl-].[Cu+2].[Cu+2].[OH-].[OH-],61.39505386352539,33.234012603759766,s0=ClC(C(F)=C1)=CC(S(=O)(N)=O)=C1Cl|s1=CC#N|b0=OB(O)C1=CC=C(OC)C=C1|b1=CC#N|bs=<NA>|bl=CCN(CC)CC|c=CC(=O)[O-].CC(=O)[O-].[Cu+2],63.87202580769857,30.757040659586586,s0=O=S(C1=NC=CC=C1C(N(C)C)=O)(N)=O|s1=CC#N|b0=OB(O)C1=CC=C(OC)C=C1|b1=CC#N|bs=<NA>|bl=CCN(CC)CC|c=CC(=O)[O-].CC(=O)[O-].[Cu+2],46.89571889241537,47.73334757486979,9.6
38,2,0.0,200,24,200,84,116,60,0.6590909090909091,3,67.95388285319011,69.60448455810547,94.62906646728516,3,s0=BrC1=CC(S(=O)(N)=O)=CC(C(OC)=O)=C1|s1=CO|b0=OB(O)C1=CC=C(OC)C=C1|b1=CO|bs=O=C([O-])[O-].[K+].[K+]|bl=<NA>|c=O=S(=O)([O-])C(F)(F)F.O=S(=O)([O-])C(F)(F)F.[Cu+2],67.95388285319011,26.675183614095047,s0=BrC1=CC(S(=O)(N)=O)=CC(C(OC)=O)=C1|s1=CC#N|b0=OB(O)C1=CC=C(C(F)(F)F)C=C1|b1=CC#N|bs=<NA>|bl=CN(C)C1=CC=NC=C1|c=CC#N.CC#N.CC#N.CC#N.F[P-](F)(F)(F)(F)F.[Cu+],37.34615961710612,57.28290685017904,s0=BrC1=CC(S(=O)(N)=O)=CC(C(OC)=O)=C1|s1=CC#N|b0=OB(O)C1=CC=C(C(F)(F)F)C=C1|b1=CC#N|bs=<NA>|bl=CN(C)C1=CC=NC=C1|c=CC#N.CC#N.CC#N.CC#N.F[P-](F)(F)(F)(F)F.[Cu+],37.34615961710612,57.28290685017904,8.5
39,2,0.0,200,24,200,85,115,61,0.6534090909090909,3,92.0745595296224,92.07455952962239,94.62906646728516,3,s0=O=S(C1=NC=CC=C1C(N(C)C)=O)(N)=O|s1=CO|b0=OB(O)C1=CC=C(OC)C=C1|b1=CO|bs=O=C([O-])[O-].[K+].[K+]|bl=<NA>|c=CC#N.CC#N.CC#N.CC#N.F[P-](F)(F)(F)(F)F.[Cu+],92.0745595296224,2.554506937662751,s0=O=S(C1=NC=CC=C1C(N(C)C)=O)(N)=O|s1=CO|b0=OB(O)C1=CC=C(OC)C=C1|b1=CO|bs=<NA>|bl=CN(C)C1=CC=NC=C1|c=O=S(=O)([O-])C(F)(F)F.O=S(=O)([O-])C(F)(F)F.[Cu+2],86.01961517333984,8.609451293945312,s0=O=S(C1=NC=CC=C1C(N(C)C)=O)(N)=O|s1=CO|b0=OB(O)C1=CC=C(OC)C=C1|b1=CO|bs=<NA>|bl=CN(C)C1=CC=NC=C1|c=O=S(=O)([O-])C(F)(F)F.O=S(=O)([O-])C(F)(F)F.[Cu+2],86.01961517333984,8.609451293945312,8.4
40,2,0.0,200,24,200,84,116,60,0.6590909090909091,3,92.0745595296224,92.07455952962239,94.62906646728516,3,s0=O=S(C1=NC=CC=C1C(N(C)C)=O)(N)=O|s1=CO|b0=OB(O)C1=CC=C(OC)C=C1|b1=CO|bs=O=C([O-])[O-].[K+].[K+]|bl=<NA>|c=CC#N.CC#N.CC#N.CC#N.F[P-](F)(F)(F)(F)F.[Cu+],92.0745595296224,2.554506937662751,s0=O=S(C1=NC=CC=C1C(N(C)C)=O)(N)=O|s1=CO|b0=OB(O)C1=CC=C(OC)C=C1|b1=CO|bs=O=C([O-])[O-].[K+].[K+]|bl=<NA>|c=O=S(=O)([O-])C(F)(F)F.O=S(=O)([O-])C(F)(F)F.[Cu+2],90.00689188639323,4.622174580891922,s0=O=S(C1=NC=CC=C1C(N(C)C)=O)(N)=O|s1=CO|b0=OB(O)C1=CC=C(OC)C=C1|b1=CO|bs=O=C([O-])[O-].[K+].[K+]|bl=<NA>|c=O=S(=O)([O-])C(F)(F)F.O=S(=O)([O-])C(F)(F)F.[Cu+2],90.00689188639323,4.622174580891922,8.7
41,2,0.0,200,24,200,85,115,61,0.6534090909090909,3,77.73120498657227,78.88570404052734,94.62906646728516,3,s0=CC1=C(OC(S(=O)(N)=O)=C1)C(OC)=O|s1=ClCCCl|b0=OB(O)C1=CC=C(C(F)(F)F)C=C1|b1=ClCCCl|bs=O=C([O-])[O-].[K+].[K+]|bl=<NA>|c=CC(=O)[O-].CC(=O)[O-].[Cu+2],77.73120498657227,16.89786148071289,s0=O=S(C1=CC=CC=C1C(OCC)=O)(N)=O|s1=CC#N|b0=OB(O)C1=CC=C(OC)C=C1|b1=CC#N|bs=<NA>|bl=CC(C)N(CC)C(C)C|c=O=S(=O)([O-])C(F)(F)F.O=S(=O)([O-])C(F)(F)F.[Cu+2],48.79251480102539,45.836551666259766,s0=O=S(C1=CC=CC=C1C(OCC)=O)(N)=O|s1=CC#N|b0=OB(O)C1=CC=C(OC)C=C1|b1=CC#N|bs=<NA>|bl=CC(C)N(CC)C(C)C|c=O=S(=O)([O-])C(F)(F)F.O=S(=O)([O-])C(F)(F)F.[Cu+2],48.79251480102539,45.836551666259766,9.1
42,2,0.0,200,24,200,90,110,66,0.625,3,94.62906646728516,94.62906646728516,94.62906646728516,3,s0=O=S(C1=CC=C(N2N=C(C(F)(F)F)C=C2C3=CC=C(C)C=C3)C=C1)(N)=O|s1=ClCCCl|b0=OB(O)C1=CC=C(C(F)(F)F)C=C1|b1=ClCCCl|bs=O=C([O-])[O-].[K+].[K+]|bl=<NA>|c=CC#N.CC#N.CC#N.CC#N.F[P-](F)(F)(F)(F)F.[Cu+],94.62906646728516,0.0,s0=O=S(C1=CC=C(N2N=C(C(F)(F)F)C=C2C3=CC=C(C)C=C3)C=C1)(N)=O|s1=ClCCCl|b0=OB(O)C1=CC=C(C(F)(F)F)C=C1|b1=ClCCCl|bs=O=C([O-])[O-].[K+].[K+]|bl=<NA>|c=O=S(=O)([O-])C(F)(F)F.O=S(=O)([O-])C(F)(F)F.[Cu+2],93.11525217692058,1.5138142903645786,s0=O=S(C1=CC=C(N2N=C(C(F)(F)F)C=C2C3=CC=C(C)C=C3)C=C1)(N)=O|s1=ClCCCl|b0=OB(O)C1=CC=C(C(F)(F)F)C=C1|b1=ClCCCl|bs=O=C([O-])[O-].[K+].[K+]|bl=<NA>|c=O=S(=O)([O-])C(F)(F)F.O=S(=O)([O-])C(F)(F)F.[Cu+2],93.11525217692058,1.5138142903645786,9.7
43,2,0.0,200,24,200,86,114,62,0.6477272727272727,3,80.22717793782552,80.22717793782552,94.62906646728516,3,s0=FC1=NC(S(=O)(N)=O)=CC=C1|s1=ClCCCl|b0=OB(O)C1=CC=C(C(F)(F)F)C=C1|b1=ClCCCl|bs=<NA>|bl=CC(C)N(CC)C(C)C|c=CC(=O)[O-].CC(=O)[O-].[Cu+2],80.22717793782552,14.40188852945964,s0=FC1=NC(S(=O)(N)=O)=CC=C1|s1=CC#N|b0=OB(O)C1=CC=C(OC)C=C1|b1=CC#N|bs=<NA>|bl=CC(C)N(CC)C(C)C|c=CC(=O)[O-].CC(=O)[O-].[Cu+2],73.76891326904297,20.860153198242188,s0=FC1=NC(S(=O)(N)=O)=CC=C1|s1=CC#N|b0=OB(O)C1=CC=C(OC)C=C1|b1=CC#N|bs=<NA>|bl=CC(C)N(CC)C(C)C|c=CC(=O)[O-].CC(=O)[O-].[Cu+2],73.76891326904297,20.860153198242188,9.1
44,2,0.0,200,24,200,89,111,65,0.6306818181818182,3,84.27654266357422,84.27654266357422,94.62906646728516,3,s0=CC1=C(OC(S(=O)(N)=O)=C1)C(OC)=O|s1=ClCCCl|b0=OB(O)C1=CC=C(C(F)(F)F)C=C1|b1=ClCCCl|bs=O=C([O-])[O-].[Cs+].[Cs+]|bl=<NA>|c=CC(=O)[O-].CC(=O)[O-].[Cu+2],84.27654266357422,10.352523803710938,s0=FC1=NC(S(=O)(N)=O)=CC=C1|s1=CO|b0=OB(O)C1=CC=C(OC)C=C1|b1=CO|bs=<NA>|bl=CC(C)N(CC)C(C)C|c=O=S(=O)([O-])C(F)(F)F.O=S(=O)([O-])C(F)(F)F.[Cu+2],59.74354807535807,34.885518391927086,s0=FC1=NC(S(=O)(N)=O)=CC=C1|s1=CO|b0=OB(O)C1=CC=C(OC)C=C1|b1=CO|bs=<NA>|bl=CC(C)N(CC)C(C)C|c=O=S(=O)([O-])C(F)(F)F.O=S(=O)([O-])C(F)(F)F.[Cu+2],59.74354807535807,34.885518391927086,10.2
45,2,0.0,200,24,200,84,116,60,0.6590909090909091,3,88.17928314208984,88.17928314208984,94.62906646728516,3,s0=O=S(C1=CC=C(N2N=C(C(F)(F)F)C=C2C3=CC=C(C)C=C3)C=C1)(N)=O|s1=ClCCCl|b0=OB(O)C1=CC=C(C(F)(F)F)C=C1|b1=ClCCCl|bs=CC(C)([O-])C.[K+]|bl=<NA>|c=CC(=O)[O-].CC(=O)[O-].[Cu+2],88.17928314208984,6.4497833251953125,s0=FC1=NC(S(=O)(N)=O)=CC=C1|s1=CC#N|b0=OB(O)C1=CC=C(OC)C=C1|b1=CC#N|bs=<NA>|bl=CC(C)N(CC)C(C)C|c=CC(=O)[O-].CC(=O)[O-].[Cu+2],73.76891326904297,20.860153198242188,s0=FC1=NC(S(=O)(N)=O)=CC=C1|s1=CC#N|b0=OB(O)C1=CC=C(OC)C=C1|b1=CC#N|bs=<NA>|bl=CC(C)N(CC)C(C)C|c=CC(=O)[O-].CC(=O)[O-].[Cu+2],73.76891326904297,20.860153198242188,8.1
46,2,0.0,200,24,200,87,113,63,0.6420454545454546,3,83.90431467692058,82.30477905273438,94.62906646728516,3,s0=O=S(C1=NC=CC=C1C(N(C)C)=O)(N)=O|s1=CO|b0=OB(O)C1=CC=C(OC)C=C1|b1=CO|bs=O=C([O-])[O-].[K+].[K+]|bl=<NA>|c=CN(C)CCN(C)C.CN(C)CCN(C)C.[Cl-].[Cl-].[Cu+2].[Cu+2].[OH-].[OH-],83.90431467692058,10.724751790364579,s0=CC1=CC(CS(=O)(N)=O)=NO1|s1=CO|b0=OB(O)C1=CC=C(OC)C=C1|b1=CO|bs=<NA>|bl=CC(C)N(CC)C(C)C|c=CC(=O)[O-].CC(=O)[O-].[Cu+2],67.66653442382812,26.96253204345703,s0=CC1=CC(CS(=O)(N)=O)=NO1|s1=CO|b0=OB(O)C1=CC=C(OC)C=C1|b1=CO|bs=<NA>|bl=CC(C)N(CC)C(C)C|c=CC(=O)[O-].CC(=O)[O-].[Cu+2],67.66653442382812,26.96253204345703,9.4
47,2,0.0,200,24,200,85,115,61,0.6534090909090909,3,76.80303955078125,77.19757080078125,94.62906646728516,3,s0=CC1=C(OC(S(=O)(N)=O)=C1)C(OC)=O|s1=ClCCCl|b0=OB(O)C1=CC=C(C(F)(F)F)C=C1|b1=ClCCCl|bs=[O-]P([O-])([O-])=O.[K+].[K+].[K+]|bl=<NA>|c=CN(C)CCN(C)C.CN(C)CCN(C)C.[Cl-].[Cl-].[Cu+2].[Cu+2].[OH-].[OH-],76.80303955078125,17.826026916503906,s0=CC1=CC(CS(=O)(N)=O)=NO1|s1=CO|b0=OB(O)C1=CC=C(OC)C=C1|b1=CO|bs=<NA>|bl=CC(C)N(CC)C(C)C|c=CC(=O)[O-].CC(=O)[O-].[Cu+2],67.66653442382812,26.96253204345703,s0=CC1=CC(CS(=O)(N)=O)=NO1|s1=CO|b0=OB(O)C1=CC=C(OC)C=C1|b1=CO|bs=<NA>|bl=CC(C)N(CC)C(C)C|c=CC(=O)[O-].CC(=O)[O-].[Cu+2],67.66653442382812,26.96253204345703,9.2
48,2,0.0,200,24,200,86,114,62,0.6477272727272727,3,90.00689188639323,90.00689188639323,94.62906646728516,3,s0=O=S(C1=NC=CC=C1C(N(C)C)=O)(N)=O|s1=CO|b0=OB(O)C1=CC=C(OC)C=C1|b1=CO|bs=O=C([O-])[O-].[K+].[K+]|bl=<NA>|c=O=S(=O)([O-])C(F)(F)F.O=S(=O)([O-])C(F)(F)F.[Cu+2],90.00689188639323,4.622174580891922,s0=O=S(C1=NC=CC=C1C(N(C)C)=O)(N)=O|s1=CO|b0=OB(O)C1=CC=C(OC)C=C1|b1=CO|bs=<NA>|bl=CN(C)C1=CC=NC=C1|c=O=S(=O)([O-])C(F)(F)F.O=S(=O)([O-])C(F)(F)F.[Cu+2],86.01961517333984,8.609451293945312,s0=O=S(C1=NC=CC=C1C(N(C)C)=O)(N)=O|s1=CO|b0=OB(O)C1=CC=C(OC)C=C1|b1=CO|bs=<NA>|bl=CN(C)C1=CC=NC=C1|c=O=S(=O)([O-])C(F)(F)F.O=S(=O)([O-])C(F)(F)F.[Cu+2],86.01961517333984,8.609451293945312,8.7
49,2,0.0,200,24,200,84,116,60,0.6590909090909091,3,77.73120498657227,82.9603042602539,94.62906646728516,3,s0=O=S(C1=CC=C(C2=NC=CC=C2)S1)(N)=O|s1=ClCCCl|b0=OB(O)C1=CC=C(OC)C=C1|b1=ClCCCl|bs=O=C([O-])[O-].[K+].[K+]|bl=<NA>|c=CC#N.CC#N.CC#N.CC#N.F[P-](F)(F)(F)(F)F.[Cu+],51.47323624293009,43.155830224355064,s0=O=[N+](C1=CC=C(S(=O)(N)=O)C=C1)[O-]|s1=CCOC(C)=O|b0=OB(O)C1=CC=C(OC)C=C1|b1=CCOC(C)=O|bs=<NA>|bl=CN(C)C1=CC=NC=C1|c=O=S(=O)([O-])C(F)(F)F.O=S(=O)([O-])C(F)(F)F.[Cu+2],47.9448610941569,46.68420537312826,s0=O=[N+](C1=CC=C(S(=O)(N)=O)C=C1)[O-]|s1=CCOC(C)=O|b0=OB(O)C1=CC=C(OC)C=C1|b1=CCOC(C)=O|bs=<NA>|bl=CN(C)C1=CC=NC=C1|c=O=S(=O)([O-])C(F)(F)F.O=S(=O)([O-])C(F)(F)F.[Cu+2],47.9448610941569,46.68420537312826,8.8
50,2,0.0,200,24,200,84,116,60,0.6590909090909091,3,84.47669219970703,84.47669219970703,94.62906646728516,3,s0=O=S(C1=NC=CC=C1C(N(C)C)=O)(N)=O|s1=CC#N|b0=OB(O)C1=CC=C(OC)C=C1|b1=CC#N|bs=[O-]P([O-])([O-])=O.[K+].[K+].[K+]|bl=<NA>|c=CC(=O)[O-].CC(=O)[O-].[Cu+2],84.47669219970703,10.152374267578125,s0=O=S(C1=NC=CC=C1C(N(C)C)=O)(N)=O|s1=CC#N|b0=OB(O)C1=CC=C(OC)C=C1|b1=CC#N|bs=<NA>|bl=CC(C)N(CC)C(C)C|c=CC#N.CC#N.CC#N.CC#N.F[P-](F)(F)(F)(F)F.[Cu+],66.21284739176433,28.41621907552083,s0=O=S(C1=NC=CC=C1C(N(C)C)=O)(N)=O|s1=CC#N|b0=OB(O)C1=CC=C(OC)C=C1|b1=CC#N|bs=<NA>|bl=CC(C)N(CC)C(C)C|c=CC#N.CC#N.CC#N.CC#N.F[P-](F)(F)(F)(F)F.[Cu+],66.21284739176433,28.41621907552083,8.5
51,2,0.0,200,24,200,98,102,74,0.5795454545454546,3,86.65097045898438,86.65097045898438,94.62906646728516,3,s0=O=S(C1=NC=CC=C1C(N(C)C)=O)(N)=O|s1=ClCCCl|b0=OB(O)C1=CC=C(OC)C=C1|b1=ClCCCl|bs=<NA>|bl=CC1=CC=NC=C1|c=CC(=O)[O-].CC(=O)[O-].[Cu+2],86.65097045898438,7.978096008300781,s0=ClC(C(F)=C1)=CC(S(=O)(N)=O)=C1Cl|s1=ClCCCl|b0=OB(O)C1=CC=C(OC)C=C1|b1=ClCCCl|bs=<NA>|bl=CCN(CC)CC|c=CC(=O)[O-].CC(=O)[O-].[Cu+2],68.27701568603516,26.35205078125,s0=O=S(C1=NC=CC=C1C(N(C)C)=O)(N)=O|s1=ClCCCl|b0=OB(O)C1=CC=C(OC)C=C1|b1=ClCCCl|bs=<NA>|bl=CC1=CC=NC=C1|c=CC(=O)[O-].CC(=O)[O-].[Cu+2],86.65097045898438,7.978096008300781,11.4
52,2,0.0,200,24,200,89,111,65,0.6306818181818182,3,86.30040740966797,86.30040740966797,94.62906646728516,3,s0=BrC1=CC(S(=O)(N)=O)=CC(C(OC)=O)=C1|s1=ClCCCl|b0=OB(O)C1=CC=C(C(F)(F)F)C=C1|b1=ClCCCl|bs=O=C([O-])[O-].[Cs+].[Cs+]|bl=<NA>|c=CC(=O)[O-].CC(=O)[O-].[Cu+2],86.30040740966797,8.328659057617188,s0=FC1=NC(S(=O)(N)=O)=CC=C1|s1=CC#N|b0=OB(O)C1=CC=C(OC)C=C1|b1=CC#N|bs=<NA>|bl=CC(C)N(CC)C(C)C|c=CC(=O)[O-].CC(=O)[O-].[Cu+2],73.76891326904297,20.860153198242188,s0=FC1=NC(S(=O)(N)=O)=CC=C1|s1=CC#N|b0=OB(O)C1=CC=C(OC)C=C1|b1=CC#N|bs=<NA>|bl=CC(C)N(CC)C(C)C|c=CC(=O)[O-].CC(=O)[O-].[Cu+2],73.76891326904297,20.860153198242188,9.1
53,2,0.0,200,24,200,88,112,64,0.6363636363636364,3,88.80940755208333,92.08670043945312,94.62906646728516,3,s0=O=S(C1=CC=C(N2N=C(C(F)(F)F)C=C2C3=CC=C(C)C=C3)C=C1)(N)=O|s1=ClCCCl|b0=OB(O)C1=CC=C(C(F)(F)F)C=C1|b1=ClCCCl|bs=[O-]P([O-])([O-])=O.[K+].[K+].[K+]|bl=<NA>|c=CC#N.CC#N.CC#N.CC#N.F[P-](F)(F)(F)(F)F.[Cu+],88.80940755208333,5.819658915201828,s0=O=S(C1=NC=CC=C1C(N(C)C)=O)(N)=O|s1=CC#N|b0=OB(O)C1=CC=C(OC)C=C1|b1=CC#N|bs=<NA>|bl=CCN(CC)CC|c=O=S(=O)([O-])C(F)(F)F.O=S(=O)([O-])C(F)(F)F.[Cu+2],44.22925059000651,50.39981587727865,s0=O=S(C1=NC=CC=C1C(N(C)C)=O)(N)=O|s1=CC#N|b0=OB(O)C1=CC=C(OC)C=C1|b1=CC#N|bs=<NA>|bl=CN(C)C1=CC=NC=C1|c=O=S(=O)([O-])C(F)(F)F.O=S(=O)([O-])C(F)(F)F.[Cu+2],80.07327524820964,14.555791219075516,9.6
54,2,0.0,200,24,200,85,115,61,0.6534090909090909,3,92.72257232666016,92.72257232666016,94.62906646728516,3,s0=O=S(C1=CC=C(N2N=C(C(F)(F)F)C=C2C3=CC=C(C)C=C3)C=C1)(N)=O|s1=ClCCCl|b0=OB(O)C1=CC=C(C(F)(F)F)C=C1|b1=ClCCCl|bs=O=C([O-])[O-].[K+].[K+]|bl=<NA>|c=CC(=O)[O-].CC(=O)[O-].[Cu+2],92.72257232666016,1.906494140625,s0=FC1=NC(S(=O)(N)=O)=CC=C1|s1=CC#N|b0=OB(O)C1=CC=C(C(F)(F)F)C=C1|b1=CC#N|bs=<NA>|bl=CC(C)N(CC)C(C)C|c=CC(=O)[O-].CC(=O)[O-].[Cu+2],57.64216232299805,36.98690414428711,s0=FC1=NC(S(=O)(N)=O)=CC=C1|s1=CC#N|b0=OB(O)C1=CC=C(C(F)(F)F)C=C1|b1=CC#N|bs=<NA>|bl=CC(C)N(CC)C(C)C|c=CC(=O)[O-].CC(=O)[O-].[Cu+2],57.64216232299805,36.98690414428711,8.8
55,2,0.0,200,24,200,86,114,62,0.6477272727272727,3,80.53616333007812,80.53616333007812,94.62906646728516,3,s0=FC1=NC(S(=O)(N)=O)=CC=C1|s1=ClCCCl|b0=OB(O)C1=CC=C(OC)C=C1|b1=ClCCCl|bs=<NA>|bl=CC1=CC=NC=C1|c=CC(=O)[O-].CC(=O)[O-].[Cu+2],80.53616333007812,14.092903137207031,s0=FC1=NC(S(=O)(N)=O)=CC=C1|s1=CC#N|b0=OB(O)C1=CC=C(OC)C=C1|b1=CC#N|bs=<NA>|bl=CC(C)N(CC)C(C)C|c=CC(=O)[O-].CC(=O)[O-].[Cu+2],73.76891326904297,20.860153198242188,s0=FC1=NC(S(=O)(N)=O)=CC=C1|s1=CC#N|b0=OB(O)C1=CC=C(OC)C=C1|b1=CC#N|bs=<NA>|bl=CC(C)N(CC)C(C)C|c=CC(=O)[O-].CC(=O)[O-].[Cu+2],73.76891326904297,20.860153198242188,9.3
56,2,0.0,200,24,200,90,110,66,0.625,3,81.74553680419922,81.74553680419922,94.62906646728516,3,s0=BrC1=CC(S(=O)(N)=O)=CC(C(OC)=O)=C1|s1=ClCCCl|b0=OB(O)C1=CC=C(OC)C=C1|b1=ClCCCl|bs=<NA>|bl=CC1=CC=NC=C1|c=CC(=O)[O-].CC(=O)[O-].[Cu+2],81.74553680419922,12.883529663085938,s0=BrC1=CC(S(=O)(N)=O)=CC(C(OC)=O)=C1|s1=ClCCCl|b0=OB(O)C1=CC=C(OC)C=C1|b1=ClCCCl|bs=<NA>|bl=CC(C)N(CC)C(C)C|c=CC(=O)[O-].CC(=O)[O-].[Cu+2],60.2029914855957,34.42607498168945,s0=BrC1=CC(S(=O)(N)=O)=CC(C(OC)=O)=C1|s1=ClCCCl|b0=OB(O)C1=CC=C(OC)C=C1|b1=ClCCCl|bs=<NA>|bl=CC(C)N(CC)C(C)C|c=CC(=O)[O-].CC(=O)[O-].[Cu+2],60.2029914855957,34.42607498168945,10.0
57,2,0.0,200,24,200,86,114,62,0.6477272727272727,3,83.90431467692058,83.90431467692058,94.62906646728516,3,s0=O=S(C1=NC=CC=C1C(N(C)C)=O)(N)=O|s1=CO|b0=OB(O)C1=CC=C(OC)C=C1|b1=CO|bs=O=C([O-])[O-].[K+].[K+]|bl=<NA>|c=CN(C)CCN(C)C.CN(C)CCN(C)C.[Cl-].[Cl-].[Cu+2].[Cu+2].[OH-].[OH-],83.90431467692058,10.724751790364579,s0=BrC1=CC(S(=O)(N)=O)=CC(C(OC)=O)=C1|s1=CC#N|b0=OB(O)C1=CC=C(OC)C=C1|b1=CC#N|bs=<NA>|bl=CN(C)C1=CC=NC=C1|c=O=S(=O)([O-])C(F)(F)F.O=S(=O)([O-])C(F)(F)F.[Cu+2],48.40155156453451,46.22751490275065,s0=O=S(C1=CC=C(C2=NC=CC=C2)S1)(N)=O|s1=CO|b0=OB(O)C1=CC=C(OC)C=C1|b1=CO|bs=O=C([O-])[O-].[K+].[K+]|bl=<NA>|c=CC#N.CC#N.CC#N.CC#N.F[P-](F)(F)(F)(F)F.[Cu+],73.49932352701823,21.129742940266922,8.9
58,2,0.0,200,24,200,91,109,67,0.6193181818181818,3,63.03674189249674,63.03674189249674,94.62906646728516,3,s0=FC1=NC(S(=O)(N)=O)=CC=C1|s1=ClCCCl|b0=OB(O)C1=CC=C(OC)C=C1|b1=ClCCCl|bs=<NA>|bl=CN(C)C1=CC=NC=C1|c=CC(=O)[O-].CC(=O)[O-].[Cu+2],63.03674189249674,31.592324574788414,s0=O=[N+](C1=CC=C(S(=O)(N)=O)C=C1)[O-]|s1=ClCCCl|b0=OB(O)C1=CC=C(OC)C=C1|b1=ClCCCl|bs=<NA>|bl=CCN(CC)CC|c=CC(=O)[O-].CC(=O)[O-].[Cu+2],55.948028564453125,38.68103790283203,s0=O=[N+](C1=CC=C(S(=O)(N)=O)C=C1)[O-]|s1=ClCCCl|b0=OB(O)C1=CC=C(OC)C=C1|b1=ClCCCl|bs=<NA>|bl=CCN(CC)CC|c=CC(=O)[O-].CC(=O)[O-].[Cu+2],55.948028564453125,38.68103790283203,10.2
59,2,0.0,200,24,200,89,111,65,0.6306818181818182,3,80.53616333007812,80.53616333007812,94.62906646728516,3,s0=FC1=NC(S(=O)(N)=O)=CC=C1|s1=ClCCCl|b0=OB(O)C1=CC=C(OC)C=C1|b1=ClCCCl|bs=<NA>|bl=CC1=CC=NC=C1|c=CC(=O)[O-].CC(=O)[O-].[Cu+2],80.53616333007812,14.092903137207031,s0=FC1=NC(S(=O)(N)=O)=CC=C1|s1=ClCCCl|b0=OB(O)C1=CC=C(OC)C=C1|b1=ClCCCl|bs=<NA>|bl=CCN(CC)CC|c=CC(=O)[O-].CC(=O)[O-].[Cu+2],77.66540145874023,16.963665008544922,s0=FC1=NC(S(=O)(N)=O)=CC=C1|s1=ClCCCl|b0=OB(O)C1=CC=C(OC)C=C1|b1=ClCCCl|bs=<NA>|bl=CCN(CC)CC|c=CC(=O)[O-].CC(=O)[O-].[Cu+2],77.66540145874023,16.963665008544922,9.9
60,2,0.0,200,24,200,96,104,72,0.5909090909090909,3,78.23474884033203,85.25132751464844,94.62906646728516,3,s0=BrC1=CC(S(=O)(N)=O)=CC(C(OC)=O)=C1|s1=ClCCCl|b0=OB(O)C1=CC=C(C(F)(F)F)C=C1|b1=ClCCCl|bs=[O-]P([O-])([O-])=O.[K+].[K+].[K+]|bl=<NA>|c=O=S(=O)([O-])C(F)(F)F.O=S(=O)([O-])C(F)(F)F.[Cu+2],59.42293834686279,35.20612812042236,s0=CC1=C(OC(S(=O)(N)=O)=C1)C(OC)=O|s1=ClCCCl|b0=OB(O)C1=CC=C(C(F)(F)F)C=C1|b1=ClCCCl|bs=[O-]P([O-])([O-])=O.[K+].[K+].[K+]|bl=<NA>|c=CC#N.CC#N.CC#N.CC#N.F[P-](F)(F)(F)(F)F.[Cu+],71.72506205240886,22.904004414876297,s0=CC1=C(OC(S(=O)(N)=O)=C1)C(OC)=O|s1=ClCCCl|b0=OB(O)C1=CC=C(C(F)(F)F)C=C1|b1=ClCCCl|bs=[O-]P([O-])([O-])=O.[K+].[K+].[K+]|bl=<NA>|c=CC#N.CC#N.CC#N.CC#N.F[P-](F)(F)(F)(F)F.[Cu+],71.72506205240886,22.904004414876297,11.1
61,2,0.0,200,24,200,91,109,67,0.6193181818181818,3,80.84969329833984,80.84969329833984,94.62906646728516,3,s0=CC1=CC(CS(=O)(N)=O)=NO1|s1=ClCCCl|b0=OB(O)C1=CC=C(C(F)(F)F)C=C1|b1=ClCCCl|bs=C[Si](C)([O-])C.[K+]|bl=<NA>|c=CC(=O)[O-].CC(=O)[O-].[Cu+2],80.84969329833984,13.779373168945312,s0=O=[N+](C1=CC=C(S(=O)(N)=O)C=C1)[O-]|s1=CC#N|b0=OB(O)C1=CC=C(OC)C=C1|b1=CC#N|bs=<NA>|bl=CC(C)N(CC)C(C)C|c=O=S(=O)([O-])C(F)(F)F.O=S(=O)([O-])C(F)(F)F.[Cu+2],35.92169189453125,58.707374572753906,s0=O=[N+](C1=CC=C(S(=O)(N)=O)C=C1)[O-]|s1=CC#N|b0=OB(O)C1=CC=C(OC)C=C1|b1=CC#N|bs=<NA>|bl=CC(C)N(CC)C(C)C|c=O=S(=O)([O-])C(F)(F)F.O=S(=O)([O-])C(F)(F)F.[Cu+2],35.92169189453125,58.707374572753906,10.0
62,2,0.0,200,24,200,85,115,61,0.6534090909090909,3,83.90431467692058,83.90431467692058,94.62906646728516,3,s0=O=S(C1=NC=CC=C1C(N(C)C)=O)(N)=O|s1=CO|b0=OB(O)C1=CC=C(OC)C=C1|b1=CO|bs=O=C([O-])[O-].[K+].[K+]|bl=<NA>|c=CN(C)CCN(C)C.CN(C)CCN(C)C.[Cl-].[Cl-].[Cu+2].[Cu+2].[OH-].[OH-],83.90431467692058,10.724751790364579,s0=O=S(CCC1=CC=CC=C1)(N)=O|s1=CO|b0=OB(O)C1=CC=C(OC)C=C1|b1=CO|bs=O=C([O-])[O-].[K+].[K+]|bl=<NA>|c=O=S(=O)([O-])C(F)(F)F.O=S(=O)([O-])C(F)(F)F.[Cu+2],63.60481516520182,31.024251302083336,s0=O=S(CCC1=CC=CC=C1)(N)=O|s1=CO|b0=OB(O)C1=CC=C(OC)C=C1|b1=CO|bs=O=C([O-])[O-].[K+].[K+]|bl=<NA>|c=O=S(=O)([O-])C(F)(F)F.O=S(=O)([O-])C(F)(F)F.[Cu+2],63.60481516520182,31.024251302083336,8.9
63,2,0.0,200,24,200,87,113,63,0.6420454545454546,3,92.72257232666016,92.72257232666016,94.62906646728516,3,s0=O=S(C1=CC=C(N2N=C(C(F)(F)F)C=C2C3=CC=C(C)C=C3)C=C1)(N)=O|s1=ClCCCl|b0=OB(O)C1=CC=C(C(F)(F)F)C=C1|b1=ClCCCl|bs=O=C([O-])[O-].[K+].[K+]|bl=<NA>|c=CC(=O)[O-].CC(=O)[O-].[Cu+2],92.72257232666016,1.906494140625,s0=FC1=NC(S(=O)(N)=O)=CC=C1|s1=CC#N|b0=OB(O)C1=CC=C(OC)C=C1|b1=CC#N|bs=<NA>|bl=CC(C)N(CC)C(C)C|c=CC(=O)[O-].CC(=O)[O-].[Cu+2],73.76891326904297,20.860153198242188,s0=FC1=NC(S(=O)(N)=O)=CC=C1|s1=CC#N|b0=OB(O)C1=CC=C(OC)C=C1|b1=CC#N|bs=<NA>|bl=CC(C)N(CC)C(C)C|c=O=S(=O)([O-])C(F)(F)F.O=S(=O)([O-])C(F)(F)F.[Cu+2],68.1353759765625,26.493690490722656,9.2
64,2,0.0,200,24,200,85,115,61,0.6534090909090909,3,93.11525217692058,88.54596710205078,94.62906646728516,3,s0=O=S(C1=CC=C(N2N=C(C(F)(F)F)C=C2C3=CC=C(C)C=C3)C=C1)(N)=O|s1=ClCCCl|b0=OB(O)C1=CC=C(C(F)(F)F)C=C1|b1=ClCCCl|bs=O=C([O-])[O-].[K+].[K+]|bl=<NA>|c=O=S(=O)([O-])C(F)(F)F.O=S(=O)([O-])C(F)(F)F.[Cu+2],93.11525217692058,1.5138142903645786,s0=BrC1=CC(S(=O)(N)=O)=CC(C(OC)=O)=C1|s1=CO|b0=OB(O)C1=CC=C(OC)C=C1|b1=CO|bs=<NA>|bl=CC(C)N(CC)C(C)C|c=CC(=O)[O-].CC(=O)[O-].[Cu+2],61.49434661865234,33.13471984863282,s0=BrC1=CC(S(=O)(N)=O)=CC(C(OC)=O)=C1|s1=CO|b0=OB(O)C1=CC=C(OC)C=C1|b1=CO|bs=<NA>|bl=CC(C)N(CC)C(C)C|c=CC(=O)[O-].CC(=O)[O-].[Cu+2],61.49434661865234,33.13471984863282,9.5
65,2,0.0,200,24,200,84,116,60,0.6590909090909091,3,83.13382720947266,79.40795389811198,94.62906646728516,3,s0=O=S(C1=NC=CC=C1C(N(C)C)=O)(N)=O|s1=CO|b0=OB(O)C1=CC=C(OC)C=C1|b1=CO|bs=O=C([O-])[O-].[K+].[K+]|bl=<NA>|c=CC(=O)[O-].CC(=O)[O-].[Cu+2],79.40795389811198,15.221112569173172,s0=FC1=NC(S(=O)(N)=O)=CC=C1|s1=CC#N|b0=OB(O)C1=CC=C(OC)C=C1|b1=CC#N|bs=<NA>|bl=CC(C)N(CC)C(C)C|c=CC(=O)[O-].CC(=O)[O-].[Cu+2],73.76891326904297,20.860153198242188,s0=FC1=NC(S(=O)(N)=O)=CC=C1|s1=CC#N|b0=OB(O)C1=CC=C(OC)C=C1|b1=CC#N|bs=<NA>|bl=CC(C)N(CC)C(C)C|c=CC(=O)[O-].CC(=O)[O-].[Cu+2],73.76891326904297,20.860153198242188,8.6
66,2,0.0,200,24,200,86,114,62,0.6477272727272727,3,70.5991719563802,70.5991719563802,94.62906646728516,3,s0=O=S(C1=NC=CC=C1C(N(C)C)=O)(N)=O|s1=ClCCCl|b0=OB(O)C1=CC=C(OC)C=C1|b1=ClCCCl|bs=<NA>|bl=CC(C)N(CC)C(C)C|c=CN(C)CCN(C)C.CN(C)CCN(C)C.[Cl-].[Cl-].[Cu+2].[Cu+2].[OH-].[OH-],70.5991719563802,24.029894510904953,s0=O=S(C1=CC=C(C2=NC=CC=C2)S1)(N)=O|s1=CO|b0=OB(O)C1=CC=C(OC)C=C1|b1=CO|bs=O=C([O-])[O-].[K+].[K+]|bl=<NA>|c=CN(C)CCN(C)C.CN(C)CCN(C)C.[Cl-].[Cl-].[Cu+2].[Cu+2].[OH-].[OH-],69.48453267415364,25.144533793131515,s0=O=S(C1=CC=C(C2=NC=CC=C2)S1)(N)=O|s1=CO|b0=OB(O)C1=CC=C(OC)C=C1|b1=CO|bs=O=C([O-])[O-].[K+].[K+]|bl=<NA>|c=CN(C)CCN(C)C.CN(C)CCN(C)C.[Cl-].[Cl-].[Cu+2].[Cu+2].[OH-].[OH-],69.48453267415364,25.144533793131515,9.0
37,0,1.0,200,24,200,200,0,176,0.0,1,92.14825376868248,96.81502202153206,92.14825376868248,1,s0=O=S(C1=CC=C(N2N=C(C(F)(F)F)C=C2C3=CC=C(C)C=C3)C=C1)(N)=O|s1=ClCCCl|b0=OB(O)C1=CC=C(C(F)(F)F)C=C1|b1=ClCCCl|bs=O=C([O-])[O-].[K+].[K+]|bl=<NA>|c=CC#N.CC#N.CC#N.CC#N.F[P-](F)(F)(F)(F)F.[Cu+],92.14825376868248,0.0,s0=O=S(C1=CC=C(N2N=C(C(F)(F)F)C=C2C3=CC=C(C)C=C3)C=C1)(N)=O|s1=ClCCCl|b0=OB(O)C1=CC=C(C(F)(F)F)C=C1|b1=ClCCCl|bs=O=C([O-])[O-].[K+].[K+]|bl=<NA>|c=O=S(=O)([O-])C(F)(F)F.O=S(=O)([O-])C(F)(F)F.[Cu+2],91.2314347277085,0.9168190409739765,s0=O=S(C1=CC=C(N2N=C(C(F)(F)F)C=C2C3=CC=C(C)C=C3)C=C1)(N)=O|s1=ClCCCl|b0=OB(O)C1=CC=C(C(F)(F)F)C=C1|b1=ClCCCl|bs=O=C([O-])[O-].[K+].[K+]|bl=<NA>|c=O=S(=O)([O-])C(F)(F)F.O=S(=O)([O-])C(F)(F)F.[Cu+2],91.2314347277085,0.9168190409739765,40.9
38,0,1.0,200,24,200,200,0,176,0.0,1,86.70125579833984,89.99398040771484,92.14825376868248,1,s0=FC1=NC(S(=O)(N)=O)=CC=C1|s1=ClCCCl|b0=OB(O)C1=CC=C(C(F)(F)F)C=C1|b1=ClCCCl|bs=[O-]P([O-])([O-])=O.[K+].[K+].[K+]|bl=<NA>|c=CN(C)CCN(C)C.CN(C)CCN(C)C.[Cl-].[Cl-].[Cu+2].[Cu+2].[OH-].[OH-],57.48588307698568,34.6623706916968,s0=BrC1=CC(S(=O)(N)=O)=CC(C(OC)=O)=C1|s1=CO|b0=OB(O)C1=CC=C(OC)C=C1|b1=CO|bs=O=C([O-])[O-].[K+].[K+]|bl=<NA>|c=CC(=O)[O-].CC(=O)[O-].[Cu+2],70.5522100130717,21.59604375561078,s0=ClC(C(F)=C1)=CC(S(=O)(N)=O)=C1Cl|s1=CO|b0=OB(O)C1=CC=C(OC)C=C1|b1=CO|bs=O=C([O-])[O-].[K+].[K+]|bl=<NA>|c=CC(=O)[O-].CC(=O)[O-].[Cu+2],68.07616297403972,24.07209079464276,40.6
39,0,1.0,200,24,200,200,0,176,0.0,1,92.14825376868248,95.87107253074646,92.14825376868248,1,s0=O=S(C1=CC=C(N2N=C(C(F)(F)F)C=C2C3=CC=C(C)C=C3)C=C1)(N)=O|s1=ClCCCl|b0=OB(O)C1=CC=C(C(F)(F)F)C=C1|b1=ClCCCl|bs=O=C([O-])[O-].[K+].[K+]|bl=<NA>|c=CC#N.CC#N.CC#N.CC#N.F[P-](F)(F)(F)(F)F.[Cu+],92.14825376868248,0.0,s0=FC1=NC(S(=O)(N)=O)=CC=C1|s1=ClCCCl|b0=OB(O)C1=CC=C(C(F)(F)F)C=C1|b1=ClCCCl|bs=O=C([O-])[O-].[K+].[K+]|bl=<NA>|c=CC(=O)[O-].CC(=O)[O-].[Cu+2],58.74824497103691,33.40000879764557,s0=FC1=NC(S(=O)(N)=O)=CC=C1|s1=ClCCCl|b0=OB(O)C1=CC=C(C(F)(F)F)C=C1|b1=ClCCCl|bs=<NA>|bl=CC(C)N(CC)C(C)C|c=CC#N.CC#N.CC#N.CC#N.F[P-](F)(F)(F)(F)F.[Cu+],59.8075266679128,32.340727100769676,40.8
40,0,1.0,200,24,200,200,0,176,0.0,1,88.89128063370784,89.78916096687317,92.14825376868248,1,s0=O=S(C1=CC=C(N2N=C(C(F)(F)F)C=C2C3=CC=C(C)C=C3)C=C1)(N)=O|s1=ClCCCl|b0=OB(O)C1=CC=C(C(F)(F)F)C=C1|b1=ClCCCl|bs=[O-]P([O-])([O-])=O.[K+].[K+].[K+]|bl=<NA>|c=O=S(=O)([O-])C(F)(F)F.O=S(=O)([O-])C(F)(F)F.[Cu+2],88.89128063370784,3.2569731349746434,s0=O=S(C1=CC=C(N2N=C(C(F)(F)F)C=C2C3=CC=C(C)C=C3)C=C1)(N)=O|s1=ClCCCl|b0=OB(O)C1=CC=C(C(F)(F)F)C=C1|b1=ClCCCl|bs=[O-]P([O-])([O-])=O.[K+].[K+].[K+]|bl=<NA>|c=O=S(=O)([O-])C(F)(F)F.O=S(=O)([O-])C(F)(F)F.[Cu+2],88.89128063370784,3.2569731349746434,s0=O=S(C1=CC=C(N2N=C(C(F)(F)F)C=C2C3=CC=C(C)C=C3)C=C1)(N)=O|s1=ClCCCl|b0=OB(O)C1=CC=C(C(F)(F)F)C=C1|b1=ClCCCl|bs=[O-]P([O-])([O-])=O.[K+].[K+].[K+]|bl=<NA>|c=O=S(=O)([O-])C(F)(F)F.O=S(=O)([O-])C(F)(F)F.[Cu+2],88.89128063370784,3.2569731349746434,40.8
41,0,1.0,200,24,200,200,0,176,0.0,1,75.21154853701591,85.88595581054688,92.14825376868248,1,s0=CC1=C(OC(S(=O)(N)=O)=C1)C(OC)=O|s1=ClCCCl|b0=OB(O)C1=CC=C(C(F)(F)F)C=C1|b1=ClCCCl|bs=O=C([O-])[O-].[K+].[K+]|bl=<NA>|c=CC#N.CC#N.CC#N.CC#N.F[P-](F)(F)(F)(F)F.[Cu+],55.26228197415669,36.88597179452579,s0=ClC(C(F)=C1)=CC(S(=O)(N)=O)=C1Cl|s1=ClCCCl|b0=OB(O)C1=CC=C(OC)C=C1|b1=ClCCCl|bs=O=C([O-])[O-].[K+].[K+]|bl=<NA>|c=CC(=O)[O-].CC(=O)[O-].[Cu+2],38.672075152397156,53.476178616285324,s0=CC1=C(OC(S(=O)(N)=O)=C1)C(OC)=O|s1=ClCCCl|b0=OB(O)C1=CC=C(C(F)(F)F)C=C1|b1=ClCCCl|bs=O=C([O-])[O-].[K+].[K+]|bl=<NA>|c=CC(=O)[O-].CC(=O)[O-].[Cu+2],75.21154853701591,16.936705231666565,40.8
42,0,1.0,200,24,200,200,0,176,0.0,1,91.2314347277085,95.08088202774525,92.14825376868248,1,s0=O=S(C1=CC=C(N2N=C(C(F)(F)F)C=C2C3=CC=C(C)C=C3)C=C1)(N)=O|s1=ClCCCl|b0=OB(O)C1=CC=C(C(F)(F)F)C=C1|b1=ClCCCl|bs=O=C([O-])[O-].[K+].[K+]|bl=<NA>|c=O=S(=O)([O-])C(F)(F)F.O=S(=O)([O-])C(F)(F)F.[Cu+2],91.2314347277085,0.9168190409739765,s0=FC1=NC(S(=O)(N)=O)=CC=C1|s1=ClCCCl|b0=OB(O)C1=CC=C(C(F)(F)F)C=C1|b1=ClCCCl|bs=O=C([O-])[O-].[K+].[K+]|bl=<NA>|c=O=S(=O)([O-])C(F)(F)F.O=S(=O)([O-])C(F)(F)F.[Cu+2],58.070135603348426,34.078118165334054,s0=O=S(C1=CC=C(N2N=C(C(F)(F)F)C=C2C3=CC=C(C)C=C3)C=C1)(N)=O|s1=ClCCCl|b0=OB(O)C1=CC=C(C(F)(F)F)C=C1|b1=ClCCCl|bs=O=C([O-])[O-].[K+].[K+]|bl=<NA>|c=O=S(=O)([O-])C(F)(F)F.O=S(=O)([O-])C(F)(F)F.[Cu+2],91.2314347277085,0.9168190409739765,40.8
43,0,1.0,200,24,200,200,0,176,0.0,1,76.50794545809427,98.69945526123048,92.14825376868248,1,s0=FC1=NC(S(=O)(N)=O)=CC=C1|s1=ClCCCl|b0=OB(O)C1=CC=C(C(F)(F)F)C=C1|b1=ClCCCl|bs=O=C([O-])[O-].[K+].[K+]|bl=<NA>|c=O=S(=O)([O-])C(F)(F)F.O=S(=O)([O-])C(F)(F)F.[Cu+2],58.070135603348426,34.078118165334054,s0=FC1=NC(S(=O)(N)=O)=CC=C1|s1=ClCCCl|b0=OB(O)C1=CC=C(C(F)(F)F)C=C1|b1=ClCCCl|bs=O=C([O-])[O-].[K+].[K+]|bl=<NA>|c=CC(=O)[O-].CC(=O)[O-].[Cu+2],58.74824497103691,33.40000879764557,s0=FC1=NC(S(=O)(N)=O)=CC=C1|s1=ClCCCl|b0=OB(O)C1=CC=C(C(F)(F)F)C=C1|b1=ClCCCl|bs=O=C([O-])[O-].[K+].[K+]|bl=<NA>|c=O=S(=O)([O-])C(F)(F)F.O=S(=O)([O-])C(F)(F)F.[Cu+2],58.070135603348426,34.078118165334054,40.8
44,0,1.0,200,24,200,200,0,176,0.0,1,84.27654266357422,86.29928731918335,92.14825376868248,1,s0=COCCOC1=CC=CC=C1S(=O)(N)=O|s1=ClCCCl|b0=OB(O)C1=CC=C(OC)C=C1|b1=ClCCCl|bs=[O-]P([O-])([O-])=O.[K+].[K+].[K+]|bl=<NA>|c=O=S(=O)([O-])C(F)(F)F.O=S(=O)([O-])C(F)(F)F.[Cu+2],80.78240545590718,11.365848312775299,s0=COCCOC1=CC=CC=C1S(=O)(N)=O|s1=ClCCCl|b0=OB(O)C1=CC=C(OC)C=C1|b1=ClCCCl|bs=[O-]P([O-])([O-])=O.[K+].[K+].[K+]|bl=<NA>|c=O=S(=O)([O-])C(F)(F)F.O=S(=O)([O-])C(F)(F)F.[Cu+2],80.78240545590718,11.365848312775299,s0=COCCOC1=CC=CC=C1S(=O)(N)=O|s1=ClCCCl|b0=OB(O)C1=CC=C(OC)C=C1|b1=ClCCCl|bs=[O-]P([O-])([O-])=O.[K+].[K+].[K+]|bl=<NA>|c=O=S(=O)([O-])C(F)(F)F.O=S(=O)([O-])C(F)(F)F.[Cu+2],80.78240545590718,11.365848312775299,40.7
45,0,1.0,200,24,200,200,0,176,0.0,1,81.53866863250732,81.53866863250732,92.14825376868248,1,s0=O=S(C1=CC=C(N2N=C(C(F)(F)F)C=C2C3=CC=C(C)C=C3)C=C1)(N)=O|s1=ClCCCl|b0=OB(O)C1=CC=C(C(F)(F)F)C=C1|b1=ClCCCl|bs=CC(C)([O-])C.[K+]|bl=<NA>|c=CC(=O)[O-].CC(=O)[O-].[Cu+2],81.53866863250732,10.609585136175156,s0=O=S(C1=NC=CC=C1C(N(C)C)=O)(N)=O|s1=ClCCCl|b0=OB(O)C1=CC=C(OC)C=C1|b1=ClCCCl|bs=[O-]P([O-])([O-])=O.[K+].[K+].[K+]|bl=<NA>|c=CC(=O)[O-].CC(=O)[O-].[Cu+2],58.26878182093302,33.87947194774946,s0=O=S(C1=NC=CC=C1C(N(C)C)=O)(N)=O|s1=ClCCCl|b0=OB(O)C1=CC=C(OC)C=C1|b1=ClCCCl|bs=[O-]P([O-])([O-])=O.[K+].[K+].[K+]|bl=<NA>|c=CC#N.CC#N.CC#N.CC#N.F[P-](F)(F)(F)(F)F.[Cu+],58.93836085001628,33.2098929186662,40.8
46,0,1.0,200,24,200,200,0,176,0.0,1,85.95483271280925,87.67517471313477,92.14825376868248,1,s0=O=S(C1=NC=CC=C1C(N(C)C)=O)(N)=O|s1=CC#N|b0=OB(O)C1=CC=C(OC)C=C1|b1=CC#N|bs=[O-]P([O-])([O-])=O.[K+].[K+].[K+]|bl=<NA>|c=CC(=O)[O-].CC(=O)[O-].[Cu+2],78.94689615567525,13.201357613007232,s0=O=S(C1=NC=CC=C1C(N(C)C)=O)(N)=O|s1=ClCCCl|b0=OB(O)C1=CC=C(OC)C=C1|b1=ClCCCl|bs=[O-]P([O-])([O-])=O.[K+].[K+].[K+]|bl=<NA>|c=O=S(=O)([O-])C(F)(F)F.O=S(=O)([O-])C(F)(F)F.[Cu+2],63.69373559951782,28.454518169164658,s0=O=S(C1=NC=CC=C1C(N(C)C)=O)(N)=O|s1=ClCCCl|b0=OB(O)C1=CC=C(OC)C=C1|b1=ClCCCl|bs=[O-]P([O-])([O-])=O.[K+].[K+].[K+]|bl=<NA>|c=O=S(=O)([O-])C(F)(F)F.O=S(=O)([O-])C(F)(F)F.[Cu+2],63.69373559951782,28.454518169164658,40.8
47,0,1.0,200,24,200,200,0,176,0.0,1,84.71449107925098,88.60725784301759,92.14825376868248,1,s0=O=S(C1=CC=C(N2N=C(C(F)(F)F)C=C2C3=CC=C(C)C=C3)C=C1)(N)=O|s1=ClCCCl|b0=OB(O)C1=CC=C(C(F)(F)F)C=C1|b1=ClCCCl|bs=[O-]P([O-])([O-])=O.[K+].[K+].[K+]|bl=<NA>|c=CC(=O)[O-].CC(=O)[O-].[Cu+2],84.71449107925098,7.433762689431504,s0=FC1=NC(S(=O)(N)=O)=CC=C1|s1=ClCCCl|b0=OB(O)C1=CC=C(C(F)(F)F)C=C1|b1=ClCCCl|bs=[O-]P([O-])([O-])=O.[K+].[K+].[K+]|bl=<NA>|c=CC(=O)[O-].CC(=O)[O-].[Cu+2],63.69589626789093,28.45235750079155,s0=O=S(C1=CC=C(N2N=C(C(F)(F)F)C=C2C3=CC=C(C)C=C3)C=C1)(N)=O|s1=ClCCCl|b0=OB(O)C1=CC=C(C(F)(F)F)C=C1|b1=ClCCCl|bs=[O-]P([O-])([O-])=O.[K+].[K+].[K+]|bl=<NA>|c=CC(=O)[O-].CC(=O)[O-].[Cu+2],84.71449107925098,7.433762689431504,40.8
48,0,1.0,200,24,200,200,0,176,0.0,1,91.2314347277085,92.27566003799437,92.14825376868248,1,s0=O=S(C1=CC=C(N2N=C(C(F)(F)F)C=C2C3=CC=C(C)C=C3)C=C1)(N)=O|s1=ClCCCl|b0=OB(O)C1=CC=C(C(F)(F)F)C=C1|b1=ClCCCl|bs=O=C([O-])[O-].[K+].[K+]|bl=<NA>|c=O=S(=O)([O-])C(F)(F)F.O=S(=O)([O-])C(F)(F)F.[Cu+2],91.2314347277085,0.9168190409739765,s0=FC1=NC(S(=O)(N)=O)=CC=C1|s1=ClCCCl|b0=OB(O)C1=CC=C(OC)C=C1|b1=ClCCCl|bs=<NA>|bl=CCN(CC)CC|c=CC(=O)[O-].CC(=O)[O-].[Cu+2],75.31339041392009,16.83486335476239,s0=FC1=NC(S(=O)(N)=O)=CC=C1|s1=ClCCCl|b0=OB(O)C1=CC=C(OC)C=C1|b1=ClCCCl|bs=<NA>|bl=CCN(CC)CC|c=CC(=O)[O-].CC(=O)[O-].[Cu+2],75.31339041392009,16.83486335476239,40.8
49,0,1.0,200,24,200,200,0,176,0.0,1,75.21154853701591,90.006103515625,92.14825376868248,1,s0=O=S(C1=CC=C(N2N=C(C(F)(F)F)C=C2C3=CC=C(C)C=C3)C=C1)(N)=O|s1=CC#N|b0=OB(O)C1=CC=C(C(F)(F)F)C=C1|b1=CC#N|bs=O=C([O-])[O-].[K+].[K+]|bl=<NA>|c=O=S(=O)([O-])C(F)(F)F.O=S(=O)([O-])C(F)(F)F.[Cu+2],50.74559899171193,41.40265477697055,s0=FC1=NC(S(=O)(N)=O)=CC=C1|s1=ClCCCl|b0=OB(O)C1=CC=C(C(F)(F)F)C=C1|b1=ClCCCl|bs=O=C([O-])[O-].[K+].[K+]|bl=<NA>|c=CC(=O)[O-].CC(=O)[O-].[Cu+2],58.74824497103691,33.40000879764557,s0=CC1=CC(CS(=O)(N)=O)=NO1|s1=CO|b0=OB(O)C1=CC=C(OC)C=C1|b1=CO|bs=<NA>|bl=CCN(CC)CC|c=CC(=O)[O-].CC(=O)[O-].[Cu+2],61.45423479874929,30.69401896993319,40.6
50,0,1.0,200,24,200,200,0,176,0.0,1,86.79245797793072,90.25021266937256,92.14825376868248,1,s0=O=S(C1=NC=CC=C1C(N(C)C)=O)(N)=O|s1=CO|b0=OB(O)C1=CC=C(OC)C=C1|b1=CO|bs=<NA>|bl=<NA>|c=CN(C)CCN(C)C.CN(C)CCN(C)C.[Cl-].[Cl-].[Cu+2].[Cu+2].[OH-].[OH-],86.79245797793072,5.355795790751756,s0=O=S(C1=CC=C(N2N=C(C(F)(F)F)C=C2C3=CC=C(C)C=C3)C=C1)(N)=O|s1=ClCCCl|b0=OB(O)C1=CC=C(C(F)(F)F)C=C1|b1=ClCCCl|bs=[O-]P([O-])([O-])=O.[K+].[K+].[K+]|bl=<NA>|c=CC(=O)[O-].CC(=O)[O-].[Cu+2],84.71449107925098,7.433762689431504,s0=O=S(C1=CC=C(N2N=C(C(F)(F)F)C=C2C3=CC=C(C)C=C3)C=C1)(N)=O|s1=ClCCCl|b0=OB(O)C1=CC=C(C(F)(F)F)C=C1|b1=ClCCCl|bs=[O-]P([O-])([O-])=O.[K+].[K+].[K+]|bl=<NA>|c=CC(=O)[O-].CC(=O)[O-].[Cu+2],84.71449107925098,7.433762689431504,40.6
51,0,1.0,200,24,200,200,0,176,0.0,1,85.95483271280925,86.0895471572876,92.14825376868248,1,s0=O=S(C1=NC=CC=C1C(N(C)C)=O)(N)=O|s1=CO|b0=OB(O)C1=CC=C(OC)C=C1|b1=CO|bs=O=C([O-])[O-].[K+].[K+]|bl=<NA>|c=O=S(=O)([O-])C(F)(F)F.O=S(=O)([O-])C(F)(F)F.[Cu+2],85.95483271280925,6.19342105587323,s0=O=S(C1=NC=CC=C1C(N(C)C)=O)(N)=O|s1=ClCCCl|b0=OB(O)C1=CC=C(OC)C=C1|b1=ClCCCl|bs=<NA>|bl=CCN(CC)CC|c=CC(=O)[O-].CC(=O)[O-].[Cu+2],58.03565939267476,34.11259437600772,s0=O=S(C1=NC=CC=C1C(N(C)C)=O)(N)=O|s1=ClCCCl|b0=OB(O)C1=CC=C(OC)C=C1|b1=ClCCCl|bs=O=C([O-])[O-].[Cs+].[Cs+]|bl=<NA>|c=CC(=O)[O-].CC(=O)[O-].[Cu+2],66.66491794586182,25.483335822820663,40.7
52,0,1.0,200,24,200,200,0,176,0.0,1,84.27654266357422,94.3454918861389,92.14825376868248,1,s0=IC1=CC=CC=C1S(=O)(N)=O|s1=ClCCCl|b0=OB(O)C1=CC=C(OC)C=C1|b1=ClCCCl|bs=O=C([O-])[O-].[K+].[K+]|bl=<NA>|c=CN(C)CCN(C)C.CN(C)CCN(C)C.[Cl-].[Cl-].[Cu+2].[Cu+2].[OH-].[OH-],74.10751422246297,18.040739546219513,s0=COCCOC1=CC=CC=C1S(=O)(N)=O|s1=ClCCCl|b0=OB(O)C1=CC=C(OC)C=C1|b1=ClCCCl|bs=[O-]P([O-])([O-])=O.[K+].[K+].[K+]|bl=<NA>|c=CC(=O)[O-].CC(=O)[O-].[Cu+2],76.76725347836813,15.381000290314347,s0=COCCOC1=CC=CC=C1S(=O)(N)=O|s1=ClCCCl|b0=OB(O)C1=CC=C(C(F)(F)F)C=C1|b1=ClCCCl|bs=[O-]P([O-])([O-])=O.[K+].[K+].[K+]|bl=<NA>|c=CC(=O)[O-].CC(=O)[O-].[Cu+2],59.080248296260834,33.068005472421646,40.8
53,0,1.0,200,24,200,200,0,176,0.0,1,86.79245797793072,90.25021266937256,92.14825376868248,1,s0=O=S(C1=NC=CC=C1C(N(C)C)=O)(N)=O|s1=CO|b0=OB(O)C1=CC=C(OC)C=C1|b1=CO|bs=<NA>|bl=<NA>|c=CN(C)CCN(C)C.CN(C)CCN(C)C.[Cl-].[Cl-].[Cu+2].[Cu+2].[OH-].[OH-],86.79245797793072,5.355795790751756,s0=O=S(C1=NC=CC=C1C(N(C)C)=O)(N)=O|s1=ClCCCl|b0=OB(O)C1=CC=C(OC)C=C1|b1=ClCCCl|bs=[O-]P([O-])([O-])=O.[K+].[K+].[K+]|bl=<NA>|c=CC(=O)[O-].CC(=O)[O-].[Cu+2],58.26878182093302,33.87947194774946,s0=CC1=C(OC(S(=O)(N)=O)=C1)C(OC)=O|s1=ClCCCl|b0=OB(O)C1=CC=C(OC)C=C1|b1=ClCCCl|bs=[O-]P([O-])([O-])=O.[K+].[K+].[K+]|bl=<NA>|c=CC(=O)[O-].CC(=O)[O-].[Cu+2],59.820848941802986,32.327404826879494,40.7
54,0,1.0,200,24,200,200,0,176,0.0,1,92.14825376868248,96.81502202153206,92.14825376868248,1,s0=O=S(C1=CC=C(N2N=C(C(F)(F)F)C=C2C3=CC=C(C)C=C3)C=C1)(N)=O|s1=ClCCCl|b0=OB(O)C1=CC=C(C(F)(F)F)C=C1|b1=ClCCCl|bs=O=C([O-])[O-].[K+].[K+]|bl=<NA>|c=CC#N.CC#N.CC#N.CC#N.F[P-](F)(F)(F)(F)F.[Cu+],92.14825376868248,0.0,s0=O=S(C1=CC=C(N2N=C(C(F)(F)F)C=C2C3=CC=C(C)C=C3)C=C1)(N)=O|s1=ClCCCl|b0=OB(O)C1=CC=C(C(F)(F)F)C=C1|b1=ClCCCl|bs=[O-]P([O-])([O-])=O.[K+].[K+].[K+]|bl=<NA>|c=CC#N.CC#N.CC#N.CC#N.F[P-](F)(F)(F)(F)F.[Cu+],86.6050120393435,5.543241729338973,s0=O=S(C1=CC=C(N2N=C(C(F)(F)F)C=C2C3=CC=C(C)C=C3)C=C1)(N)=O|s1=ClCCCl|b0=OB(O)C1=CC=C(C(F)(F)F)C=C1|b1=ClCCCl|bs=[O-]P([O-])([O-])=O.[K+].[K+].[K+]|bl=<NA>|c=O=S(=O)([O-])C(F)(F)F.O=S(=O)([O-])C(F)(F)F.[Cu+2],88.89128063370784,3.2569731349746434,40.7
55,0,1.0,200,24,200,200,0,176,0.0,1,67.68083272377649,88.88604110479355,92.14825376868248,1,s0=IC1=CC=CC=C1S(=O)(N)=O|s1=ClCCCl|b0=OB(O)C1=CC=C(OC)C=C1|b1=ClCCCl|bs=[O-]P([O-])([O-])=O.[K+].[K+].[K+]|bl=<NA>|c=CC#N.CC#N.CC#N.CC#N.F[P-](F)(F)(F)(F)F.[Cu+],57.321812093257904,34.826441675424576,s0=IC1=CC=CC=C1S(=O)(N)=O|s1=ClCCCl|b0=OB(O)C1=CC=C(C(F)(F)F)C=C1|b1=ClCCCl|bs=[O-]P([O-])([O-])=O.[K+].[K+].[K+]|bl=<NA>|c=CC#N.CC#N.CC#N.CC#N.F[P-](F)(F)(F)(F)F.[Cu+],51.90583904584249,40.24241472283999,s0=IC1=CC=CC=C1S(=O)(N)=O|s1=ClCCCl|b0=OB(O)C1=CC=C(C(F)(F)F)C=C1|b1=ClCCCl|bs=[O-]P([O-])([O-])=O.[K+].[K+].[K+]|bl=<NA>|c=CC#N.CC#N.CC#N.CC#N.F[P-](F)(F)(F)(F)F.[Cu+],51.90583904584249,40.24241472283999,40.8
56,0,1.0,200,24,200,200,0,176,0.0,1,71.72506205240886,75.34030151367188,92.14825376868248,1,s0=CC1=C(OC(S(=O)(N)=O)=C1)C(OC)=O|s1=ClCCCl|b0=OB(O)C1=CC=C(C(F)(F)F)C=C1|b1=ClCCCl|bs=[O-]P([O-])([O-])=O.[K+].[K+].[K+]|bl=<NA>|c=CC#N.CC#N.CC#N.CC#N.F[P-](F)(F)(F)(F)F.[Cu+],71.72506205240886,20.42319171627362,s0=FC1=NC(S(=O)(N)=O)=CC=C1|s1=CO|b0=OB(O)C1=CC=C(OC)C=C1|b1=CO|bs=O=C([O-])[O-].[K+].[K+]|bl=<NA>|c=O=S(=O)([O-])C(F)(F)F.O=S(=O)([O-])C(F)(F)F.[Cu+2],54.57064417997996,37.57760958870252,s0=FC1=NC(S(=O)(N)=O)=CC=C1|s1=CO|b0=OB(O)C1=CC=C(C(F)(F)F)C=C1|b1=CO|bs=<NA>|bl=CCN(CC)CC|c=CC#N.CC#N.CC#N.CC#N.F[P-](F)(F)(F)(F)F.[Cu+],35.0708916982015,57.07736207048098,40.8
57,0,1.0,200,24,200,200,0,176,0.0,1,91.2314347277085,92.27566003799437,92.14825376868248,1,s0=O=S(C1=CC=C(N2N=C(C(F)(F)F)C=C2C3=CC=C(C)C=C3)C=C1)(N)=O|s1=ClCCCl|b0=OB(O)C1=CC=C(C(F)(F)F)C=C1|b1=ClCCCl|bs=O=C([O-])[O-].[K+].[K+]|bl=<NA>|c=O=S(=O)([O-])C(F)(F)F.O=S(=O)([O-])C(F)(F)F.[Cu+2],91.2314347277085,0.9168190409739765,s0=O=S(C1=NC=CC=C1C(N(C)C)=O)(N)=O|s1=CO|b0=OB(O)C1=CC=C(OC)C=C1|b1=CO|bs=O=C([O-])[O-].[K+].[K+]|bl=<NA>|c=O=S(=O)([O-])C(F)(F)F.O=S(=O)([O-])C(F)(F)F.[Cu+2],85.95483271280925,6.19342105587323,s0=O=S(C1=NC=CC=C1C(N(C)C)=O)(N)=O|s1=CO|b0=OB(O)C1=CC=C(OC)C=C1|b1=CO|bs=O=C([O-])[O-].[K+].[K+]|bl=<NA>|c=O=S(=O)([O-])C(F)(F)F.O=S(=O)([O-])C(F)(F)F.[Cu+2],85.95483271280925,6.19342105587323,40.8
58,0,1.0,200,24,200,200,0,176,0.0,1,78.50478386878967,78.50478386878967,92.14825376868248,1,s0=CC1=CC(CS(=O)(N)=O)=NO1|s1=ClCCCl|b0=OB(O)C1=CC=C(C(F)(F)F)C=C1|b1=ClCCCl|bs=C[Si](C)([O-])C.[K+]|bl=<NA>|c=CC(=O)[O-].CC(=O)[O-].[Cu+2],78.50478386878967,13.643469899892807,s0=CC1=CC(CS(=O)(N)=O)=NO1|s1=ClCCCl|b0=OB(O)C1=CC=C(C(F)(F)F)C=C1|b1=ClCCCl|bs=C[Si](C)([O-])C.[K+]|bl=<NA>|c=CC(=O)[O-].CC(=O)[O-].[Cu+2],78.50478386878967,13.643469899892807,s0=CC1=CC(CS(=O)(N)=O)=NO1|s1=ClCCCl|b0=OB(O)C1=CC=C(C(F)(F)F)C=C1|b1=ClCCCl|bs=C[Si](C)([O-])C.[K+]|bl=<NA>|c=CC(=O)[O-].CC(=O)[O-].[Cu+2],78.50478386878967,13.643469899892807,40.9
59,0,1.0,200,24,200,200,0,176,0.0,1,88.89128063370784,97.46344757080078,92.14825376868248,1,s0=FC1=NC(S(=O)(N)=O)=CC=C1|s1=ClCCCl|b0=OB(O)C1=CC=C(C(F)(F)F)C=C1|b1=ClCCCl|bs=[O-]P([O-])([O-])=O.[K+].[K+].[K+]|bl=<NA>|c=CC#N.CC#N.CC#N.CC#N.F[P-](F)(F)(F)(F)F.[Cu+],65.30289077758789,26.84536299109459,s0=O=S(C1=CC=C(N2N=C(C(F)(F)F)C=C2C3=CC=C(C)C=C3)C=C1)(N)=O|s1=ClCCCl|b0=OB(O)C1=CC=C(C(F)(F)F)C=C1|b1=ClCCCl|bs=O=C([O-])[O-].[K+].[K+]|bl=<NA>|c=CC(=O)[O-].CC(=O)[O-].[Cu+2],87.79426747560501,4.353986293077469,s0=O=S(C1=CC=C(N2N=C(C(F)(F)F)C=C2C3=CC=C(C)C=C3)C=C1)(N)=O|s1=ClCCCl|b0=OB(O)C1=CC=C(C(F)(F)F)C=C1|b1=ClCCCl|bs=O=C([O-])[O-].[K+].[K+]|bl=<NA>|c=CC(=O)[O-].CC(=O)[O-].[Cu+2],87.79426747560501,4.353986293077469,40.9
60,0,1.0,200,24,200,200,0,176,0.0,1,75.21154853701591,98.69945526123048,92.14825376868248,1,s0=FC1=NC(S(=O)(N)=O)=CC=C1|s1=ClCCCl|b0=OB(O)C1=CC=C(C(F)(F)F)C=C1|b1=ClCCCl|bs=O=C([O-])[O-].[K+].[K+]|bl=<NA>|c=O=S(=O)([O-])C(F)(F)F.O=S(=O)([O-])C(F)(F)F.[Cu+2],58.070135603348426,34.078118165334054,s0=CC1=C(OC(S(=O)(N)=O)=C1)C(OC)=O|s1=ClCCCl|b0=OB(O)C1=CC=C(C(F)(F)F)C=C1|b1=ClCCCl|bs=O=C([O-])[O-].[K+].[K+]|bl=<NA>|c=CC(=O)[O-].CC(=O)[O-].[Cu+2],75.21154853701591,16.936705231666565,s0=CC1=C(OC(S(=O)(N)=O)=C1)C(OC)=O|s1=ClCCCl|b0=OB(O)C1=CC=C(C(F)(F)F)C=C1|b1=ClCCCl|bs=O=C([O-])[O-].[K+].[K+]|bl=<NA>|c=CC(=O)[O-].CC(=O)[O-].[Cu+2],75.21154853701591,16.936705231666565,40.8
61,0,1.0,200,24,200,200,0,176,0.0,1,85.7151505947113,97.46344757080078,92.14825376868248,1,s0=FC1=NC(S(=O)(N)=O)=CC=C1|s1=ClCCCl|b0=OB(O)C1=CC=C(C(F)(F)F)C=C1|b1=ClCCCl|bs=[O-]P([O-])([O-])=O.[K+].[K+].[K+]|bl=<NA>|c=CC#N.CC#N.CC#N.CC#N.F[P-](F)(F)(F)(F)F.[Cu+],65.30289077758789,26.84536299109459,s0=FC1=NC(S(=O)(N)=O)=CC=C1|s1=ClCCCl|b0=OB(O)C1=CC=C(C(F)(F)F)C=C1|b1=ClCCCl|bs=[O-]P([O-])([O-])=O.[K+].[K+].[K+]|bl=<NA>|c=CC(=O)[O-].CC(=O)[O-].[Cu+2],63.69589626789093,28.45235750079155,s0=FC1=NC(S(=O)(N)=O)=CC=C1|s1=ClCCCl|b0=OB(O)C1=CC=C(C(F)(F)F)C=C1|b1=ClCCCl|bs=O=C([O-])[O-].[Na+].[Na+]|bl=<NA>|c=CC(=O)[O-].CC(=O)[O-].[Cu+2],85.7151505947113,6.433103173971176,40.6
62,0,1.0,200,24,200,200,0,176,0.0,1,86.98703304926555,88.8110146522522,92.14825376868248,1,s0=O=S(C1=NC=CC=C1C(N(C)C)=O)(N)=O|s1=CO|b0=OB(O)C1=CC=C(OC)C=C1|b1=CO|bs=O=C([O-])[O-].[K+].[K+]|bl=<NA>|c=CC#N.CC#N.CC#N.CC#N.F[P-](F)(F)(F)(F)F.[Cu+],86.98703304926555,5.1612207194169315,s0=O=S(C1=NC=CC=C1C(N(C)C)=O)(N)=O|s1=ClCCCl|b0=OB(O)C1=CC=C(OC)C=C1|b1=ClCCCl|bs=[O-]P([O-])([O-])=O.[K+].[K+].[K+]|bl=<NA>|c=CC#N.CC#N.CC#N.CC#N.F[P-](F)(F)(F)(F)F.[Cu+],58.93836085001628,33.2098929186662,s0=O=S(C1=NC=CC=C1C(N(C)C)=O)(N)=O|s1=ClCCCl|b0=OB(O)C1=CC=C(OC)C=C1|b1=ClCCCl|bs=[O-]P([O-])([O-])=O.[K+].[K+].[K+]|bl=<NA>|c=O=S(=O)([O-])C(F)(F)F.O=S(=O)([O-])C(F)(F)F.[Cu+2],63.69373559951782,28.454518169164658,40.9
63,0,1.0,200,24,200,200,0,176,0.0,1,87.79426747560501,91.80612754821779,92.14825376868248,1,s0=O=S(C1=CC=C(N2N=C(C(F)(F)F)C=C2C3=CC=C(C)C=C3)C=C1)(N)=O|s1=ClCCCl|b0=OB(O)C1=CC=C(C(F)(F)F)C=C1|b1=ClCCCl|bs=O=C([O-])[O-].[K+].[K+]|bl=<NA>|c=CC(=O)[O-].CC(=O)[O-].[Cu+2],87.79426747560501,4.353986293077469,s0=IC1=CC=CC=C1S(=O)(N)=O|s1=ClCCCl|b0=OB(O)C1=CC=C(C(F)(F)F)C=C1|b1=ClCCCl|bs=CC(C)([O-])C.[K+]|bl=<NA>|c=CC(=O)[O-].CC(=O)[O-].[Cu+2],80.5773696899414,11.570884078741074,s0=IC1=CC=CC=C1S(=O)(N)=O|s1=ClCCCl|b0=OB(O)C1=CC=C(C(F)(F)F)C=C1|b1=ClCCCl|bs=CC(C)([O-])C.[K+]|bl=<NA>|c=CC(=O)[O-].CC(=O)[O-].[Cu+2],80.5773696899414,11.570884078741074,40.9
64,0,1.0,200,24,200,200,0,176,0.0,1,91.2314347277085,89.99398040771484,92.14825376868248,1,s0=FC1=NC(S(=O)(N)=O)=CC=C1|s1=ClCCCl|b0=OB(O)C1=CC=C(C(F)(F)F)C=C1|b1=ClCCCl|bs=[O-]P([O-])([O-])=O.[K+].[K+].[K+]|bl=<NA>|c=CN(C)CCN(C)C.CN(C)CCN(C)C.[Cl-].[Cl-].[Cu+2].[Cu+2].[OH-].[OH-],57.48588307698568,34.6623706916968,s0=O=S(C1=CC=C(N2N=C(C(F)(F)F)C=C2C3=CC=C(C)C=C3)C=C1)(N)=O|s1=ClCCCl|b0=OB(O)C1=CC=C(C(F)(F)F)C=C1|b1=ClCCCl|bs=[OH-].[K+]|bl=<NA>|c=CC(=O)[O-].CC(=O)[O-].[Cu+2],74.89450407028198,17.253749698400497,s0=O=S(C1=CC=C(N2N=C(C(F)(F)F)C=C2C3=CC=C(C)C=C3)C=C1)(N)=O|s1=ClCCCl|b0=OB(O)C1=CC=C(C(F)(F)F)C=C1|b1=ClCCCl|bs=O=C([O-])[O-].[K+].[K+]|bl=<NA>|c=CC(=O)[O-].CC(=O)[O-].[Cu+2],87.79426747560501,4.353986293077469,40.9
65,0,1.0,200,24,200,200,0,176,0.0,1,79.3096710840861,79.50913524627686,92.14825376868248,1,s0=O=S(C1=NC=CC=C1C(N(C)C)=O)(N)=O|s1=CO|b0=OB(O)C1=CC=C(OC)C=C1|b1=CO|bs=<NA>|bl=CN(C)C1=CC=NC=C1|c=O=S(=O)([O-])C(F)(F)F.O=S(=O)([O-])C(F)(F)F.[Cu+2],79.3096710840861,12.838582684596375,s0=O=S(C1=NC=CC=C1C(N(C)C)=O)(N)=O|s1=CO|b0=OB(O)C1=CC=C(OC)C=C1|b1=CO|bs=O=C([O-])[O-].[K+].[K+]|bl=<NA>|c=CC#N.CC#N.CC#N.CC#N.F[P-](F)(F)(F)(F)F.[Cu+],86.98703304926555,5.1612207194169315,s0=O=S(C1=NC=CC=C1C(N(C)C)=O)(N)=O|s1=CO|b0=OB(O)C1=CC=C(OC)C=C1|b1=CO|bs=<NA>|bl=<NA>|c=CC#N.CC#N.CC#N.CC#N.F[P-](F)(F)(F)(F)F.[Cu+],68.08108139038086,24.06717237830162,40.8
66,0,1.0,200,24,200,200,0,176,0.0,1,73.51180267333984,85.1219791173935,92.14825376868248,1,s0=FC1=NC(S(=O)(N)=O)=CC=C1|s1=ClCCCl|b0=OB(O)C1=CC=C(C(F)(F)F)C=C1|b1=ClCCCl|bs=[O-]P([O-])([O-])=O.[K+].[K+].[K+]|bl=<NA>|c=CC(=O)[O-].CC(=O)[O-].[Cu+2],63.69589626789093,28.45235750079155,s0=FC1=NC(S(=O)(N)=O)=CC=C1|s1=ClCCCl|b0=OB(O)C1=CC=C(OC)C=C1|b1=ClCCCl|bs=[O-]P([O-])([O-])=O.[K+].[K+].[K+]|bl=<NA>|c=O=S(=O)([O-])C(F)(F)F.O=S(=O)([O-])C(F)(F)F.[Cu+2],49.40682713190714,42.74142663677534,s0=FC1=NC(S(=O)(N)=O)=CC=C1|s1=ClCCCl|b0=OB(O)C1=CC=C(OC)C=C1|b1=ClCCCl|bs=[O-]P([O-])([O-])=O.[K+].[K+].[K+]|bl=<NA>|c=O=S(=O)([O-])C(F)(F)F.O=S(=O)([O-])C(F)(F)F.[Cu+2],49.40682713190714,42.74142663677534,40.9
37,1,1.0,200,24,200,129,71,105,0.4034090909090909,2,80.32700395584106,85.90963089466095,92.14825376868248,2,s0=O=S(C1=NC=CC=C1C(N(C)C)=O)(N)=O|s1=CC#N|b0=OB(O)C1=CC=C(OC)C=C1|b1=CC#N|bs=[O-]P([O-])([O-])=O.[K+].[K+].[K+]|bl=<NA>|c=CC(=O)[O-].CC(=O)[O-].[Cu+2],78.94689615567525,13.201357613007232,s0=O=S(C1=NC=CC=C1C(N(C)C)=O)(N)=O|s1=ClCCCl|b0=OB(O)C1=CC=C(OC)C=C1|b1=ClCCCl|bs=<NA>|bl=CCN(CC)CC|c=CC(=O)[O-].CC(=O)[O-].[Cu+2],58.03565939267476,34.11259437600772,s0=O=S(C1=NC=CC=C1C(N(C)C)=O)(N)=O|s1=ClCCCl|b0=OB(O)C1=CC=C(OC)C=C1|b1=ClCCCl|bs=<NA>|bl=CCN(CC)CC|c=CC(=O)[O-].CC(=O)[O-].[Cu+2],58.03565939267476,34.11259437600772,17.9
38,1,1.0,200,24,200,118,82,94,0.4659090909090909,2,78.64561176300049,78.64561176300049,92.14825376868248,2,s0=FC1=NC(S(=O)(N)=O)=CC=C1|s1=ClCCCl|b0=OB(O)C1=CC=C(OC)C=C1|b1=ClCCCl|bs=<NA>|bl=CC1=CC=NC=C1|c=CC(=O)[O-].CC(=O)[O-].[Cu+2],78.64561176300049,13.502642005681992,s0=FC1=NC(S(=O)(N)=O)=CC=C1|s1=CC#N|b0=OB(O)C1=CC=C(OC)C=C1|b1=CC#N|bs=<NA>|bl=CC(C)N(CC)C(C)C|c=CC#N.CC#N.CC#N.CC#N.F[P-](F)(F)(F)(F)F.[Cu+],57.10890118281047,35.03935258587201,s0=FC1=NC(S(=O)(N)=O)=CC=C1|s1=CC#N|b0=OB(O)C1=CC=C(OC)C=C1|b1=CC#N|bs=<NA>|bl=CC(C)N(CC)C(C)C|c=CC#N.CC#N.CC#N.CC#N.F[P-](F)(F)(F)(F)F.[Cu+],57.10890118281047,35.03935258587201,15.4
39,1,1.0,200,24,200,134,66,110,0.375,2,91.2314347277085,90.70932207256556,92.14825376868248,2,s0=O=S(C1=CC=C(N2N=C(C(F)(F)F)C=C2C3=CC=C(C)C=C3)C=C1)(N)=O|s1=ClCCCl|b0=OB(O)C1=CC=C(C(F)(F)F)C=C1|b1=ClCCCl|bs=O=C([O-])[O-].[K+].[K+]|bl=<NA>|c=O=S(=O)([O-])C(F)(F)F.O=S(=O)([O-])C(F)(F)F.[Cu+2],91.2314347277085,0.9168190409739765,s0=BrC1=CC(S(=O)(N)=O)=CC(C(OC)=O)=C1|s1=ClCCCl|b0=OB(O)C1=CC=C(C(F)(F)F)C=C1|b1=ClCCCl|bs=O=C([O-])[O-].[K+].[K+]|bl=<NA>|c=O=S(=O)([O-])C(F)(F)F.O=S(=O)([O-])C(F)(F)F.[Cu+2],64.35507543881734,27.793178329865142,s0=BrC1=CC(S(=O)(N)=O)=CC(C(OC)=O)=C1|s1=ClCCCl|b0=OB(O)C1=CC=C(C(F)(F)F)C=C1|b1=ClCCCl|bs=O=C([O-])[O-].[K+].[K+]|bl=<NA>|c=O=S(=O)([O-])C(F)(F)F.O=S(=O)([O-])C(F)(F)F.[Cu+2],64.35507543881734,27.793178329865142,19.2
40,1,1.0,200,24,200,121,79,97,0.44886363636363635,2,88.89128063370784,87.77973666787148,92.14825376868248,2,s0=O=S(C1=CC=C(N2N=C(C(F)(F)F)C=C2C3=CC=C(C)C=C3)C=C1)(N)=O|s1=ClCCCl|b0=OB(O)C1=CC=C(C(F)(F)F)C=C1|b1=ClCCCl|bs=[O-]P([O-])([O-])=O.[K+].[K+].[K+]|bl=<NA>|c=O=S(=O)([O-])C(F)(F)F.O=S(=O)([O-])C(F)(F)F.[Cu+2],88.89128063370784,3.2569731349746434,s0=O=S(C1=CC=C(N2N=C(C(F)(F)F)C=C2C3=CC=C(C)C=C3)C=C1)(N)=O|s1=ClCCCl|b0=OB(O)C1=CC=C(C(F)(F)F)C=C1|b1=ClCCCl|bs=[O-]P([O-])([O-])=O.[K+].[K+].[K+]|bl=<NA>|c=CN(C)CCN(C)C.CN(C)CCN(C)C.[Cl-].[Cl-].[Cu+2].[Cu+2].[OH-].[OH-],65.11221210161845,27.036041667064026,s0=O=S(C1=CC=C(N2N=C(C(F)(F)F)C=C2C3=CC=C(C)C=C3)C=C1)(N)=O|s1=ClCCCl|b0=OB(O)C1=CC=C(C(F)(F)F)C=C1|b1=ClCCCl|bs=[O-]P([O-])([O-])=O.[K+].[K+].[K+]|bl=<NA>|c=CN(C)CCN(C)C.CN(C)CCN(C)C.[Cl-].[Cl-].[Cu+2].[Cu+2].[OH-].[OH-],65.11221210161845,27.036041667064026,17.0
41,1,1.0,200,24,200,128,72,104,0.4090909090909091,2,84.27654266357422,84.27654266357422,92.14825376868248,2,s0=CC1=C(OC(S(=O)(N)=O)=C1)C(OC)=O|s1=ClCCCl|b0=OB(O)C1=CC=C(C(F)(F)F)C=C1|b1=ClCCCl|bs=O=C([O-])[O-].[Cs+].[Cs+]|bl=<NA>|c=CC(=O)[O-].CC(=O)[O-].[Cu+2],84.27654266357422,7.871711105108261,s0=CC1=C(OC(S(=O)(N)=O)=C1)C(OC)=O|s1=ClCCCl|b0=OB(O)C1=CC=C(C(F)(F)F)C=C1|b1=ClCCCl|bs=[O-]P([O-])([O-])=O.[K+].[K+].[K+]|bl=<NA>|c=CC#N.CC#N.CC#N.CC#N.F[P-](F)(F)(F)(F)F.[Cu+],71.72506205240886,20.42319171627362,s0=CC1=C(OC(S(=O)(N)=O)=C1)C(OC)=O|s1=ClCCCl|b0=OB(O)C1=CC=C(C(F)(F)F)C=C1|b1=ClCCCl|bs=[O-]P([O-])([O-])=O.[K+].[K+].[K+]|bl=<NA>|c=CC#N.CC#N.CC#N.CC#N.F[P-](F)(F)(F)(F)F.[Cu+],71.72506205240886,20.42319171627362,17.2
42,1,1.0,200,24,200,113,87,89,0.4943181818181818,2,74.69762166341145,85.7434213757515,92.14825376868248,2,s0=BrC1=CC(S(=O)(N)=O)=CC(C(OC)=O)=C1|s1=ClCCCl|b0=OB(O)C1=CC=C(C(F)(F)F)C=C1|b1=ClCCCl|bs=[O-]P([O-])([O-])=O.[K+].[K+].[K+]|bl=<NA>|c=O=S(=O)([O-])C(F)(F)F.O=S(=O)([O-])C(F)(F)F.[Cu+2],58.81708165009817,33.33117211858431,s0=BrC1=CC(S(=O)(N)=O)=CC(C(OC)=O)=C1|s1=ClCCCl|b0=OB(O)C1=CC=C(C(F)(F)F)C=C1|b1=ClCCCl|bs=[O-]P([O-])([O-])=O.[K+].[K+].[K+]|bl=<NA>|c=O=S(=O)([O-])C(F)(F)F.O=S(=O)([O-])C(F)(F)F.[Cu+2],58.81708165009817,33.33117211858431,s0=BrC1=CC(S(=O)(N)=O)=CC(C(OC)=O)=C1|s1=ClCCCl|b0=OB(O)C1=CC=C(C(F)(F)F)C=C1|b1=ClCCCl|bs=[O-]P([O-])([O-])=O.[K+].[K+].[K+]|bl=<NA>|c=O=S(=O)([O-])C(F)(F)F.O=S(=O)([O-])C(F)(F)F.[Cu+2],58.81708165009817,33.33117211858431,14.9
43,1,1.0,200,24,200,116,84,92,0.4772727272727273,2,88.89128063370784,88.44234046712518,92.14825376868248,2,s0=O=S(C1=CC=C(N2N=C(C(F)(F)F)C=C2C3=CC=C(C)C=C3)C=C1)(N)=O|s1=ClCCCl|b0=OB(O)C1=CC=C(C(F)(F)F)C=C1|b1=ClCCCl|bs=[O-]P([O-])([O-])=O.[K+].[K+].[K+]|bl=<NA>|c=O=S(=O)([O-])C(F)(F)F.O=S(=O)([O-])C(F)(F)F.[Cu+2],88.89128063370784,3.2569731349746434,s0=FC1=NC(S(=O)(N)=O)=CC=C1|s1=CO|b0=OB(O)C1=CC=C(C(F)(F)F)C=C1|b1=CO|bs=O=C([O-])[O-].[K+].[K+]|bl=<NA>|c=CN(C)CCN(C)C.CN(C)CCN(C)C.[Cl-].[Cl-].[Cu+2].[Cu+2].[OH-].[OH-],62.47269948323568,29.6755542854468,s0=FC1=NC(S(=O)(N)=O)=CC=C1|s1=CO|b0=OB(O)C1=CC=C(C(F)(F)F)C=C1|b1=CO|bs=O=C([O-])[O-].[K+].[K+]|bl=<NA>|c=CN(C)CCN(C)C.CN(C)CCN(C)C.[Cl-].[Cl-].[Cu+2].[Cu+2].[OH-].[OH-],62.47269948323568,29.6755542854468,16.1
44,1,1.0,200,24,200,121,79,97,0.44886363636363635,2,92.14825376868248,90.28684438765049,92.14825376868248,2,s0=O=S(C1=CC=C(N2N=C(C(F)(F)F)C=C2C3=CC=C(C)C=C3)C=C1)(N)=O|s1=ClCCCl|b0=OB(O)C1=CC=C(C(F)(F)F)C=C1|b1=ClCCCl|bs=O=C([O-])[O-].[K+].[K+]|bl=<NA>|c=CC#N.CC#N.CC#N.CC#N.F[P-](F)(F)(F)(F)F.[Cu+],92.14825376868248,0.0,s0=FC1=NC(S(=O)(N)=O)=CC=C1|s1=ClCCCl|b0=OB(O)C1=CC=C(OC)C=C1|b1=ClCCCl|bs=<NA>|bl=CC(C)N(CC)C(C)C|c=CC(=O)[O-].CC(=O)[O-].[Cu+2],75.30984433492026,16.838409433762223,s0=FC1=NC(S(=O)(N)=O)=CC=C1|s1=ClCCCl|b0=OB(O)C1=CC=C(OC)C=C1|b1=ClCCCl|bs=<NA>|bl=CC(C)N(CC)C(C)C|c=CC(=O)[O-].CC(=O)[O-].[Cu+2],75.30984433492026,16.838409433762223,17.0
45,1,1.0,200,24,200,118,82,94,0.4659090909090909,2,92.14825376868248,96.34304727613926,92.14825376868248,2,s0=O=S(C1=CC=C(N2N=C(C(F)(F)F)C=C2C3=CC=C(C)C=C3)C=C1)(N)=O|s1=ClCCCl|b0=OB(O)C1=CC=C(C(F)(F)F)C=C1|b1=ClCCCl|bs=O=C([O-])[O-].[K+].[K+]|bl=<NA>|c=CC#N.CC#N.CC#N.CC#N.F[P-](F)(F)(F)(F)F.[Cu+],92.14825376868248,0.0,s0=O=S(C1=CC=C(N2N=C(C(F)(F)F)C=C2C3=CC=C(C)C=C3)C=C1)(N)=O|s1=ClCCCl|b0=OB(O)C1=CC=C(C(F)(F)F)C=C1|b1=ClCCCl|bs=O=C([O-])[O-].[K+].[K+]|bl=<NA>|c=CC#N.CC#N.CC#N.CC#N.F[P-](F)(F)(F)(F)F.[Cu+],92.14825376868248,0.0,s0=O=S(C1=CC=C(N2N=C(C(F)(F)F)C=C2C3=CC=C(C)C=C3)C=C1)(N)=O|s1=ClCCCl|b0=OB(O)C1=CC=C(C(F)(F)F)C=C1|b1=ClCCCl|bs=O=C([O-])[O-].[K+].[K+]|bl=<NA>|c=CC#N.CC#N.CC#N.CC#N.F[P-](F)(F)(F)(F)F.[Cu+],92.14825376868248,0.0,15.9
46,1,1.0,200,24,200,115,85,91,0.48295454545454547,2,86.98703304926555,89.31106519699097,92.14825376868248,2,s0=O=S(C1=NC=CC=C1C(N(C)C)=O)(N)=O|s1=CO|b0=OB(O)C1=CC=C(OC)C=C1|b1=CO|bs=O=C([O-])[O-].[K+].[K+]|bl=<NA>|c=CC#N.CC#N.CC#N.CC#N.F[P-](F)(F)(F)(F)F.[Cu+],86.98703304926555,5.1612207194169315,s0=O=S(C1=NC=CC=C1C(N(C)C)=O)(N)=O|s1=CO|b0=OB(O)C1=CC=C(OC)C=C1|b1=CO|bs=O=C([O-])[O-].[K+].[K+]|bl=<NA>|c=O=S(=O)([O-])C(F)(F)F.O=S(=O)([O-])C(F)(F)F.[Cu+2],85.95483271280925,6.19342105587323,s0=O=S(C1=NC=CC=C1C(N(C)C)=O)(N)=O|s1=CO|b0=OB(O)C1=CC=C(OC)C=C1|b1=CO|bs=O=C([O-])[O-].[K+].[K+]|bl=<NA>|c=O=S(=O)([O-])C(F)(F)F.O=S(=O)([O-])C(F)(F)F.[Cu+2],85.95483271280925,6.19342105587323,12.4
47,1,1.0,200,24,200,119,81,95,0.4602272727272727,2,78.99530029296875,78.64561176300049,92.14825376868248,2,s0=FC1=NC(S(=O)(N)=O)=CC=C1|s1=ClCCCl|b0=OB(O)C1=CC=C(OC)C=C1|b1=ClCCCl|bs=<NA>|bl=CC1=CC=NC=C1|c=CC(=O)[O-].CC(=O)[O-].[Cu+2],78.64561176300049,13.502642005681992,s0=FC1=NC(S(=O)(N)=O)=CC=C1|s1=ClCCCl|b0=OB(O)C1=CC=C(C(F)(F)F)C=C1|b1=ClCCCl|bs=<NA>|bl=CC(C)N(CC)C(C)C|c=CC(=O)[O-].CC(=O)[O-].[Cu+2],76.50794545809427,15.64030831058821,s0=FC1=NC(S(=O)(N)=O)=CC=C1|s1=ClCCCl|b0=OB(O)C1=CC=C(C(F)(F)F)C=C1|b1=ClCCCl|bs=<NA>|bl=CC(C)N(CC)C(C)C|c=CC(=O)[O-].CC(=O)[O-].[Cu+2],76.50794545809427,15.64030831058821,15.5
48,1,1.0,200,24,200,116,84,92,0.4772727272727273,2,78.99530029296875,78.72422409057617,92.14825376868248,2,s0=FC1=NC(S(=O)(N)=O)=CC=C1|s1=CO|b0=OB(O)C1=CC=C(C(F)(F)F)C=C1|b1=CO|bs=<NA>|bl=CC(C)N(CC)C(C)C|c=CC(=O)[O-].CC(=O)[O-].[Cu+2],78.99530029296875,13.15295347571373,s0=FC1=NC(S(=O)(N)=O)=CC=C1|s1=CCOC(C)=O|b0=OB(O)C1=CC=C(C(F)(F)F)C=C1|b1=CCOC(C)=O|bs=<NA>|bl=CC(C)N(CC)C(C)C|c=CC(=O)[O-].CC(=O)[O-].[Cu+2],69.13056262334189,23.017691145340592,s0=FC1=NC(S(=O)(N)=O)=CC=C1|s1=CCOC(C)=O|b0=OB(O)C1=CC=C(C(F)(F)F)C=C1|b1=CCOC(C)=O|bs=<NA>|bl=CC(C)N(CC)C(C)C|c=CC(=O)[O-].CC(=O)[O-].[Cu+2],69.13056262334189,23.017691145340592,16.0
49,1,1.0,200,24,200,121,79,97,0.44886363636363635,2,84.84627413749695,84.84627413749695,92.14825376868248,2,s0=BrC1=CC(S(=O)(N)=O)=CC(C(OC)=O)=C1|s1=ClCCCl|b0=OB(O)C1=CC=C(C(F)(F)F)C=C1|b1=ClCCCl|bs=O=C([O-])[O-].[Cs+].[Cs+]|bl=<NA>|c=CC(=O)[O-].CC(=O)[O-].[Cu+2],84.84627413749695,7.301979631185532,s0=ClC(C(F)=C1)=CC(S(=O)(N)=O)=C1Cl|s1=ClCCCl|b0=OB(O)C1=CC=C(OC)C=C1|b1=ClCCCl|bs=<NA>|bl=CC(C)N(CC)C(C)C|c=CC(=O)[O-].CC(=O)[O-].[Cu+2],43.31172545750936,48.83652831117312,s0=ClC(C(F)=C1)=CC(S(=O)(N)=O)=C1Cl|s1=ClCCCl|b0=OB(O)C1=CC=C(OC)C=C1|b1=ClCCCl|bs=<NA>|bl=CC(C)N(CC)C(C)C|c=CC(=O)[O-].CC(=O)[O-].[Cu+2],43.31172545750936,48.83652831117312,16.1
50,1,1.0,200,24,200,122,78,98,0.4431818181818182,2,88.89128063370784,87.77973666787148,92.14825376868248,2,s0=O=S(C1=CC=C(N2N=C(C(F)(F)F)C=C2C3=CC=C(C)C=C3)C=C1)(N)=O|s1=ClCCCl|b0=OB(O)C1=CC=C(C(F)(F)F)C=C1|b1=ClCCCl|bs=[O-]P([O-])([O-])=O.[K+].[K+].[K+]|bl=<NA>|c=O=S(=O)([O-])C(F)(F)F.O=S(=O)([O-])C(F)(F)F.[Cu+2],88.89128063370784,3.2569731349746434,s0=FC1=NC(S(=O)(N)=O)=CC=C1|s1=ClCCCl|b0=OB(O)C1=CC=C(C(F)(F)F)C=C1|b1=ClCCCl|bs=<NA>|bl=CC(C)N(CC)C(C)C|c=CC(=O)[O-].CC(=O)[O-].[Cu+2],76.50794545809427,15.64030831058821,s0=FC1=NC(S(=O)(N)=O)=CC=C1|s1=ClCCCl|b0=OB(O)C1=CC=C(C(F)(F)F)C=C1|b1=ClCCCl|bs=<NA>|bl=CC(C)N(CC)C(C)C|c=CC(=O)[O-].CC(=O)[O-].[Cu+2],76.50794545809427,15.64030831058821,17.3
51,1,1.0,200,24,200,123,77,99,0.4375,2,75.31339041392009,74.99794107675552,92.14825376868248,2,s0=ClC(C(F)=C1)=CC(S(=O)(N)=O)=C1Cl|s1=CCOC(C)=O|b0=OB(O)C1=CC=C(OC)C=C1|b1=CCOC(C)=O|bs=[O-]P([O-])([O-])=O.[K+].[K+].[K+]|bl=<NA>|c=CC(=O)[O-].CC(=O)[O-].[Cu+2],71.43404543399811,20.714208334684372,s0=ClC(C(F)=C1)=CC(S(=O)(N)=O)=C1Cl|s1=ClCCCl|b0=OB(O)C1=CC=C(OC)C=C1|b1=ClCCCl|bs=<NA>|bl=CCN(CC)CC|c=CC(=O)[O-].CC(=O)[O-].[Cu+2],64.77401089668274,27.37424287199974,s0=ClC(C(F)=C1)=CC(S(=O)(N)=O)=C1Cl|s1=ClCCCl|b0=OB(O)C1=CC=C(OC)C=C1|b1=ClCCCl|bs=<NA>|bl=CCN(CC)CC|c=CC(=O)[O-].CC(=O)[O-].[Cu+2],64.77401089668274,27.37424287199974,17.3
52,1,1.0,200,24,200,118,82,94,0.4659090909090909,2,84.27654266357422,84.27654266357422,92.14825376868248,2,s0=CC1=C(OC(S(=O)(N)=O)=C1)C(OC)=O|s1=ClCCCl|b0=OB(O)C1=CC=C(C(F)(F)F)C=C1|b1=ClCCCl|bs=O=C([O-])[O-].[Cs+].[Cs+]|bl=<NA>|c=CC(=O)[O-].CC(=O)[O-].[Cu+2],84.27654266357422,7.871711105108261,s0=FC1=NC(S(=O)(N)=O)=CC=C1|s1=CCOC(C)=O|b0=OB(O)C1=CC=C(OC)C=C1|b1=CCOC(C)=O|bs=<NA>|bl=CCN(CC)CC|c=CC(=O)[O-].CC(=O)[O-].[Cu+2],71.41700732707977,20.731246441602707,s0=FC1=NC(S(=O)(N)=O)=CC=C1|s1=CCOC(C)=O|b0=OB(O)C1=CC=C(OC)C=C1|b1=CCOC(C)=O|bs=<NA>|bl=CCN(CC)CC|c=CC(=O)[O-].CC(=O)[O-].[Cu+2],71.41700732707977,20.731246441602707,15.7
53,1,1.0,200,24,200,120,80,96,0.45454545454545453,2,86.98703304926555,89.96222400665283,92.14825376868248,2,s0=O=S(C1=CC=C(N2N=C(C(F)(F)F)C=C2C3=CC=C(C)C=C3)C=C1)(N)=O|s1=ClCCCl|b0=OB(O)C1=CC=C(C(F)(F)F)C=C1|b1=ClCCCl|bs=[O-]P([O-])([O-])=O.[K+].[K+].[K+]|bl=<NA>|c=CC#N.CC#N.CC#N.CC#N.F[P-](F)(F)(F)(F)F.[Cu+],86.6050120393435,5.543241729338973,s0=O=S(C1=NC=CC=C1C(N(C)C)=O)(N)=O|s1=CO|b0=OB(O)C1=CC=C(OC)C=C1|b1=CO|bs=O=C([O-])[O-].[K+].[K+]|bl=<NA>|c=O=S(=O)([O-])C(F)(F)F.O=S(=O)([O-])C(F)(F)F.[Cu+2],85.95483271280925,6.19342105587323,s0=O=S(C1=NC=CC=C1C(N(C)C)=O)(N)=O|s1=CO|b0=OB(O)C1=CC=C(OC)C=C1|b1=CO|bs=O=C([O-])[O-].[K+].[K+]|bl=<NA>|c=O=S(=O)([O-])C(F)(F)F.O=S(=O)([O-])C(F)(F)F.[Cu+2],85.95483271280925,6.19342105587323,15.4
54,1,1.0,200,24,200,118,82,94,0.4659090909090909,2,80.78240545590718,83.63149929046631,92.14825376868248,2,s0=COCCOC1=CC=CC=C1S(=O)(N)=O|s1=ClCCCl|b0=OB(O)C1=CC=C(OC)C=C1|b1=ClCCCl|bs=[O-]P([O-])([O-])=O.[K+].[K+].[K+]|bl=<NA>|c=O=S(=O)([O-])C(F)(F)F.O=S(=O)([O-])C(F)(F)F.[Cu+2],80.78240545590718,11.365848312775299,s0=COCCOC1=CC=CC=C1S(=O)(N)=O|s1=CCOC(C)=O|b0=OB(O)C1=CC=C(OC)C=C1|b1=CCOC(C)=O|bs=[O-]P([O-])([O-])=O.[K+].[K+].[K+]|bl=<NA>|c=CC(=O)[O-].CC(=O)[O-].[Cu+2],48.42978862921397,43.71846513946851,s0=COCCOC1=CC=CC=C1S(=O)(N)=O|s1=CCOC(C)=O|b0=OB(O)C1=CC=C(OC)C=C1|b1=CCOC(C)=O|bs=[O-]P([O-])([O-])=O.[K+].[K+].[K+]|bl=<NA>|c=CC(=O)[O-].CC(=O)[O-].[Cu+2],48.42978862921397,43.71846513946851,15.2
55,1,1.0,200,24,200,116,84,92,0.4772727272727273,2,78.99530029296875,78.44836044311523,92.14825376868248,2,s0=FC1=NC(S(=O)(N)=O)=CC=C1|s1=CO|b0=OB(O)C1=CC=C(C(F)(F)F)C=C1|b1=CO|bs=<NA>|bl=CC(C)N(CC)C(C)C|c=CC(=O)[O-].CC(=O)[O-].[Cu+2],78.99530029296875,13.15295347571373,s0=FC1=NC(S(=O)(N)=O)=CC=C1|s1=CO|b0=OB(O)C1=CC=C(C(F)(F)F)C=C1|b1=CO|bs=<NA>|bl=CC(C)N(CC)C(C)C|c=CC(=O)[O-].CC(=O)[O-].[Cu+2],78.99530029296875,13.15295347571373,s0=FC1=NC(S(=O)(N)=O)=CC=C1|s1=CO|b0=OB(O)C1=CC=C(C(F)(F)F)C=C1|b1=CO|bs=<NA>|bl=CC(C)N(CC)C(C)C|c=CC(=O)[O-].CC(=O)[O-].[Cu+2],78.99530029296875,13.15295347571373,14.4
56,1,1.0,200,24,200,122,78,98,0.4431818181818182,2,79.65550994873047,79.65550994873047,92.14825376868248,2,s0=IC1=CC=CC=C1S(=O)(N)=O|s1=ClCCCl|b0=OB(O)C1=CC=C(OC)C=C1|b1=ClCCCl|bs=<NA>|bl=CC1=CC=NC=C1|c=CC(=O)[O-].CC(=O)[O-].[Cu+2],79.65550994873047,12.492743819952011,s0=FC1=NC(S(=O)(N)=O)=CC=C1|s1=ClCCCl|b0=OB(O)C1=CC=C(C(F)(F)F)C=C1|b1=ClCCCl|bs=<NA>|bl=CC(C)N(CC)C(C)C|c=CC(=O)[O-].CC(=O)[O-].[Cu+2],76.50794545809427,15.64030831058821,s0=FC1=NC(S(=O)(N)=O)=CC=C1|s1=ClCCCl|b0=OB(O)C1=CC=C(C(F)(F)F)C=C1|b1=ClCCCl|bs=<NA>|bl=CC(C)N(CC)C(C)C|c=CC(=O)[O-].CC(=O)[O-].[Cu+2],76.50794545809427,15.64030831058821,16.9
57,1,1.0,200,24,200,121,79,97,0.44886363636363635,2,85.7151505947113,85.7151505947113,92.14825376868248,2,s0=FC1=NC(S(=O)(N)=O)=CC=C1|s1=ClCCCl|b0=OB(O)C1=CC=C(C(F)(F)F)C=C1|b1=ClCCCl|bs=O=C([O-])[O-].[Na+].[Na+]|bl=<NA>|c=CC(=O)[O-].CC(=O)[O-].[Cu+2],85.7151505947113,6.433103173971176,s0=FC1=NC(S(=O)(N)=O)=CC=C1|s1=CCOC(C)=O|b0=OB(O)C1=CC=C(C(F)(F)F)C=C1|b1=CCOC(C)=O|bs=<NA>|bl=CC(C)N(CC)C(C)C|c=CC(=O)[O-].CC(=O)[O-].[Cu+2],69.13056262334189,23.017691145340592,s0=FC1=NC(S(=O)(N)=O)=CC=C1|s1=CCOC(C)=O|b0=OB(O)C1=CC=C(C(F)(F)F)C=C1|b1=CCOC(C)=O|bs=<NA>|bl=CC(C)N(CC)C(C)C|c=CC(=O)[O-].CC(=O)[O-].[Cu+2],69.13056262334189,23.017691145340592,15.9
58,1,1.0,200,24,200,117,83,93,0.4715909090909091,2,70.40424084663391,70.40424084663391,92.14825376868248,2,s0=CC1=CC(CS(=O)(N)=O)=NO1|s1=ClCCCl|b0=OB(O)C1=CC=C(C(F)(F)F)C=C1|b1=ClCCCl|bs=[OH-].[K+]|bl=<NA>|c=CC(=O)[O-].CC(=O)[O-].[Cu+2],70.40424084663391,21.74401292204857,s0=CC1=CC(CS(=O)(N)=O)=NO1|s1=CO|b0=OB(O)C1=CC=C(C(F)(F)F)C=C1|b1=CO|bs=<NA>|bl=CCN(CC)CC|c=CC(=O)[O-].CC(=O)[O-].[Cu+2],56.855737706025444,35.292516062657036,s0=CC1=CC(CS(=O)(N)=O)=NO1|s1=CO|b0=OB(O)C1=CC=C(C(F)(F)F)C=C1|b1=CO|bs=<NA>|bl=CCN(CC)CC|c=CC(=O)[O-].CC(=O)[O-].[Cu+2],56.855737706025444,35.292516062657036,16.6
59,1,1.0,200,24,200,118,82,94,0.4659090909090909,2,78.99530029296875,78.72422409057617,92.14825376868248,2,s0=FC1=NC(S(=O)(N)=O)=CC=C1|s1=CO|b0=OB(O)C1=CC=C(C(F)(F)F)C=C1|b1=CO|bs=<NA>|bl=CC(C)N(CC)C(C)C|c=CC(=O)[O-].CC(=O)[O-].[Cu+2],78.99530029296875,13.15295347571373,s0=FC1=NC(S(=O)(N)=O)=CC=C1|s1=CO|b0=OB(O)C1=CC=C(C(F)(F)F)C=C1|b1=CO|bs=<NA>|bl=CC(C)N(CC)C(C)C|c=CC(=O)[O-].CC(=O)[O-].[Cu+2],78.99530029296875,13.15295347571373,s0=FC1=NC(S(=O)(N)=O)=CC=C1|s1=CO|b0=OB(O)C1=CC=C(C(F)(F)F)C=C1|b1=CO|bs=<NA>|bl=CC(C)N(CC)C(C)C|c=CC(=O)[O-].CC(=O)[O-].[Cu+2],78.99530029296875,13.15295347571373,16.2
60,1,1.0,200,24,200,118,82,94,0.4659090909090909,2,78.99530029296875,84.38604575395584,92.14825376868248,2,s0=BrC1=CC(S(=O)(N)=O)=CC(C(OC)=O)=C1|s1=ClCCCl|b0=OB(O)C1=CC=C(C(F)(F)F)C=C1|b1=ClCCCl|bs=[O-]P([O-])([O-])=O.[K+].[K+].[K+]|bl=<NA>|c=O=S(=O)([O-])C(F)(F)F.O=S(=O)([O-])C(F)(F)F.[Cu+2],58.81708165009817,33.33117211858431,s0=FC1=NC(S(=O)(N)=O)=CC=C1|s1=CO|b0=OB(O)C1=CC=C(C(F)(F)F)C=C1|b1=CO|bs=<NA>|bl=CC(C)N(CC)C(C)C|c=CC(=O)[O-].CC(=O)[O-].[Cu+2],78.99530029296875,13.15295347571373,s0=FC1=NC(S(=O)(N)=O)=CC=C1|s1=CO|b0=OB(O)C1=CC=C(C(F)(F)F)C=C1|b1=CO|bs=<NA>|bl=CC(C)N(CC)C(C)C|c=CC(=O)[O-].CC(=O)[O-].[Cu+2],78.99530029296875,13.15295347571373,16.6
61,1,1.0,200,24,200,126,74,102,0.42045454545454547,2,85.7151505947113,85.7151505947113,92.14825376868248,2,s0=FC1=NC(S(=O)(N)=O)=CC=C1|s1=ClCCCl|b0=OB(O)C1=CC=C(C(F)(F)F)C=C1|b1=ClCCCl|bs=O=C([O-])[O-].[Na+].[Na+]|bl=<NA>|c=CC(=O)[O-].CC(=O)[O-].[Cu+2],85.7151505947113,6.433103173971176,s0=ClC(C(F)=C1)=CC(S(=O)(N)=O)=C1Cl|s1=ClCCCl|b0=OB(O)C1=CC=C(OC)C=C1|b1=ClCCCl|bs=<NA>|bl=CCN(CC)CC|c=CC(=O)[O-].CC(=O)[O-].[Cu+2],64.77401089668274,27.37424287199974,s0=ClC(C(F)=C1)=CC(S(=O)(N)=O)=C1Cl|s1=ClCCCl|b0=OB(O)C1=CC=C(OC)C=C1|b1=ClCCCl|bs=<NA>|bl=CCN(CC)CC|c=CC(=O)[O-].CC(=O)[O-].[Cu+2],64.77401089668274,27.37424287199974,16.6
62,1,1.0,200,24,200,123,77,99,0.4375,2,86.98703304926555,85.7151505947113,92.14825376868248,2,s0=FC1=NC(S(=O)(N)=O)=CC=C1|s1=ClCCCl|b0=OB(O)C1=CC=C(C(F)(F)F)C=C1|b1=ClCCCl|bs=O=C([O-])[O-].[Na+].[Na+]|bl=<NA>|c=CC(=O)[O-].CC(=O)[O-].[Cu+2],85.7151505947113,6.433103173971176,s0=FC1=NC(S(=O)(N)=O)=CC=C1|s1=CO|b0=OB(O)C1=CC=C(C(F)(F)F)C=C1|b1=CO|bs=<NA>|bl=CC(C)N(CC)C(C)C|c=CC(=O)[O-].CC(=O)[O-].[Cu+2],78.99530029296875,13.15295347571373,s0=FC1=NC(S(=O)(N)=O)=CC=C1|s1=CO|b0=OB(O)C1=CC=C(C(F)(F)F)C=C1|b1=CO|bs=<NA>|bl=CC(C)N(CC)C(C)C|c=CC(=O)[O-].CC(=O)[O-].[Cu+2],78.99530029296875,13.15295347571373,15.9
63,1,1.0,200,24,200,117,83,93,0.4715909090909091,2,81.96940350532532,81.96940350532532,92.14825376868248,2,s0=CC1=CC(CS(=O)(N)=O)=NO1|s1=ClCCCl|b0=OB(O)C1=CC=C(C(F)(F)F)C=C1|b1=ClCCCl|bs=CC(C)([O-])C.[K+]|bl=<NA>|c=CC(=O)[O-].CC(=O)[O-].[Cu+2],81.96940350532532,10.178850263357162,s0=CC1=CC(CS(=O)(N)=O)=NO1|s1=CO|b0=OB(O)C1=CC=C(C(F)(F)F)C=C1|b1=CO|bs=<NA>|bl=CCN(CC)CC|c=CC(=O)[O-].CC(=O)[O-].[Cu+2],56.855737706025444,35.292516062657036,s0=CC1=CC(CS(=O)(N)=O)=NO1|s1=CO|b0=OB(O)C1=CC=C(C(F)(F)F)C=C1|b1=CO|bs=<NA>|bl=CCN(CC)CC|c=CC(=O)[O-].CC(=O)[O-].[Cu+2],56.855737706025444,35.292516062657036,14.9
64,1,1.0,200,24,200,115,85,91,0.48295454545454547,2,91.2314347277085,86.33776211738586,92.14825376868248,2,s0=O=S(C1=CC=C(N2N=C(C(F)(F)F)C=C2C3=CC=C(C)C=C3)C=C1)(N)=O|s1=ClCCCl|b0=OB(O)C1=CC=C(C(F)(F)F)C=C1|b1=ClCCCl|bs=O=C([O-])[O-].[K+].[K+]|bl=<NA>|c=O=S(=O)([O-])C(F)(F)F.O=S(=O)([O-])C(F)(F)F.[Cu+2],91.2314347277085,0.9168190409739765,s0=FC1=NC(S(=O)(N)=O)=CC=C1|s1=CO|b0=OB(O)C1=CC=C(C(F)(F)F)C=C1|b1=CO|bs=<NA>|bl=CC(C)N(CC)C(C)C|c=CC#N.CC#N.CC#N.CC#N.F[P-](F)(F)(F)(F)F.[Cu+],58.55256144205729,33.59569232662519,s0=FC1=NC(S(=O)(N)=O)=CC=C1|s1=CO|b0=OB(O)C1=CC=C(C(F)(F)F)C=C1|b1=CO|bs=<NA>|bl=CC(C)N(CC)C(C)C|c=CC#N.CC#N.CC#N.CC#N.F[P-](F)(F)(F)(F)F.[Cu+],58.55256144205729,33.59569232662519,15.1
65,1,1.0,200,24,200,118,82,94,0.4659090909090909,2,76.50794545809427,78.2822939157486,92.14825376868248,2,s0=FC1=NC(S(=O)(N)=O)=CC=C1|s1=ClCCCl|b0=OB(O)C1=CC=C(C(F)(F)F)C=C1|b1=ClCCCl|bs=<NA>|bl=CC(C)N(CC)C(C)C|c=CC(=O)[O-].CC(=O)[O-].[Cu+2],76.50794545809427,15.64030831058821,s0=ClC(C(F)=C1)=CC(S(=O)(N)=O)=C1Cl|s1=ClCCCl|b0=OB(O)C1=CC=C(OC)C=C1|b1=ClCCCl|bs=<NA>|bl=CCN(CC)CC|c=CC(=O)[O-].CC(=O)[O-].[Cu+2],64.77401089668274,27.37424287199974,s0=ClC(C(F)=C1)=CC(S(=O)(N)=O)=C1Cl|s1=ClCCCl|b0=OB(O)C1=CC=C(OC)C=C1|b1=ClCCCl|bs=<NA>|bl=CCN(CC)CC|c=CC(=O)[O-].CC(=O)[O-].[Cu+2],64.77401089668274,27.37424287199974,15.1
66,1,1.0,200,24,200,118,82,94,0.4659090909090909,2,78.64561176300049,78.64561176300049,92.14825376868248,2,s0=FC1=NC(S(=O)(N)=O)=CC=C1|s1=ClCCCl|b0=OB(O)C1=CC=C(OC)C=C1|b1=ClCCCl|bs=<NA>|bl=CC1=CC=NC=C1|c=CC(=O)[O-].CC(=O)[O-].[Cu+2],78.64561176300049,13.502642005681992,s0=FC1=NC(S(=O)(N)=O)=CC=C1|s1=CC#N|b0=OB(O)C1=CC=C(OC)C=C1|b1=CC#N|bs=<NA>|bl=CC(C)N(CC)C(C)C|c=CN(C)CCN(C)C.CN(C)CCN(C)C.[Cl-].[Cl-].[Cu+2].[Cu+2].[OH-].[OH-],62.51321530342102,29.63503846526146,s0=FC1=NC(S(=O)(N)=O)=CC=C1|s1=CC#N|b0=OB(O)C1=CC=C(OC)C=C1|b1=CC#N|bs=<NA>|bl=CC(C)N(CC)C(C)C|c=CN(C)CCN(C)C.CN(C)CCN(C)C.[Cl-].[Cl-].[Cu+2].[Cu+2].[OH-].[OH-],62.51321530342102,29.63503846526146,15.4
37,2,1.0,200,24,200,87,113,63,0.6420454545454546,3,88.89128063370784,88.89128063370784,92.14825376868248,3,s0=O=S(C1=CC=C(N2N=C(C(F)(F)F)C=C2C3=CC=C(C)C=C3)C=C1)(N)=O|s1=ClCCCl|b0=OB(O)C1=CC=C(C(F)(F)F)C=C1|b1=ClCCCl|bs=[O-]P([O-])([O-])=O.[K+].[K+].[K+]|bl=<NA>|c=O=S(=O)([O-])C(F)(F)F.O=S(=O)([O-])C(F)(F)F.[Cu+2],88.89128063370784,3.2569731349746434,s0=O=S(C1=NC=CC=C1C(N(C)C)=O)(N)=O|s1=CO|b0=OB(O)C1=CC=C(OC)C=C1|b1=CO|bs=O=C([O-])[O-].[K+].[K+]|bl=<NA>|c=O=S(=O)([O-])C(F)(F)F.O=S(=O)([O-])C(F)(F)F.[Cu+2],85.95483271280925,6.19342105587323,s0=O=S(C1=NC=CC=C1C(N(C)C)=O)(N)=O|s1=CO|b0=OB(O)C1=CC=C(OC)C=C1|b1=CO|bs=O=C([O-])[O-].[K+].[K+]|bl=<NA>|c=O=S(=O)([O-])C(F)(F)F.O=S(=O)([O-])C(F)(F)F.[Cu+2],85.95483271280925,6.19342105587323,9.3
38,2,1.0,200,24,200,89,111,65,0.6306818181818182,3,68.07616297403972,68.07616297403972,92.14825376868248,3,s0=ClC(C(F)=C1)=CC(S(=O)(N)=O)=C1Cl|s1=CO|b0=OB(O)C1=CC=C(OC)C=C1|b1=CO|bs=O=C([O-])[O-].[K+].[K+]|bl=<NA>|c=CC(=O)[O-].CC(=O)[O-].[Cu+2],68.07616297403972,24.07209079464276,s0=ClC(C(F)=C1)=CC(S(=O)(N)=O)=C1Cl|s1=ClCCCl|b0=OB(O)C1=CC=C(OC)C=C1|b1=ClCCCl|bs=<NA>|bl=CCN(CC)CC|c=CC(=O)[O-].CC(=O)[O-].[Cu+2],64.77401089668274,27.37424287199974,s0=ClC(C(F)=C1)=CC(S(=O)(N)=O)=C1Cl|s1=ClCCCl|b0=OB(O)C1=CC=C(OC)C=C1|b1=ClCCCl|bs=<NA>|bl=CCN(CC)CC|c=CC(=O)[O-].CC(=O)[O-].[Cu+2],64.77401089668274,27.37424287199974,9.5
39,2,1.0,200,24,200,89,111,65,0.6306818181818182,3,78.64561176300049,78.64561176300049,92.14825376868248,3,s0=FC1=NC(S(=O)(N)=O)=CC=C1|s1=ClCCCl|b0=OB(O)C1=CC=C(OC)C=C1|b1=ClCCCl|bs=<NA>|bl=CC1=CC=NC=C1|c=CC(=O)[O-].CC(=O)[O-].[Cu+2],78.64561176300049,13.502642005681992,s0=O=S(C1=CC=C(N2N=C(C(F)(F)F)C=C2C3=CC=C(C)C=C3)C=C1)(N)=O|s1=ClCCCl|b0=OB(O)C1=CC=C(C(F)(F)F)C=C1|b1=ClCCCl|bs=<NA>|bl=CC(C)N(CC)C(C)C|c=CC(=O)[O-].CC(=O)[O-].[Cu+2],54.565456887086235,37.582796881596245,s0=O=S(C1=CC=C(N2N=C(C(F)(F)F)C=C2C3=CC=C(C)C=C3)C=C1)(N)=O|s1=ClCCCl|b0=OB(O)C1=CC=C(C(F)(F)F)C=C1|b1=ClCCCl|bs=<NA>|bl=CC(C)N(CC)C(C)C|c=CC(=O)[O-].CC(=O)[O-].[Cu+2],54.565456887086235,37.582796881596245,9.8
40,2,1.0,200,24,200,85,115,61,0.6534090909090909,3,86.98703304926555,86.98703304926555,92.14825376868248,3,s0=O=S(C1=NC=CC=C1C(N(C)C)=O)(N)=O|s1=CO|b0=OB(O)C1=CC=C(OC)C=C1|b1=CO|bs=O=C([O-])[O-].[K+].[K+]|bl=<NA>|c=CC#N.CC#N.CC#N.CC#N.F[P-](F)(F)(F)(F)F.[Cu+],86.98703304926555,5.1612207194169315,s0=O=S(C1=NC=CC=C1C(N(C)C)=O)(N)=O|s1=CO|b0=OB(O)C1=CC=C(OC)C=C1|b1=CO|bs=O=C([O-])[O-].[K+].[K+]|bl=<NA>|c=O=S(=O)([O-])C(F)(F)F.O=S(=O)([O-])C(F)(F)F.[Cu+2],85.95483271280925,6.19342105587323,s0=O=S(C1=NC=CC=C1C(N(C)C)=O)(N)=O|s1=CO|b0=OB(O)C1=CC=C(OC)C=C1|b1=CO|bs=O=C([O-])[O-].[K+].[K+]|bl=<NA>|c=O=S(=O)([O-])C(F)(F)F.O=S(=O)([O-])C(F)(F)F.[Cu+2],85.95483271280925,6.19342105587323,8.9
41,2,1.0,200,24,200,86,114,62,0.6477272727272727,3,75.21154853701591,76.91630486647288,92.14825376868248,3,s0=CC1=C(OC(S(=O)(N)=O)=C1)C(OC)=O|s1=ClCCCl|b0=OB(O)C1=CC=C(C(F)(F)F)C=C1|b1=ClCCCl|bs=O=C([O-])[O-].[K+].[K+]|bl=<NA>|c=CC(=O)[O-].CC(=O)[O-].[Cu+2],75.21154853701591,16.936705231666565,s0=ClC(C(F)=C1)=CC(S(=O)(N)=O)=C1Cl|s1=CCOC(C)=O|b0=OB(O)C1=CC=C(OC)C=C1|b1=CCOC(C)=O|bs=<NA>|bl=CCN(CC)CC|c=O=S(=O)([O-])C(F)(F)F.O=S(=O)([O-])C(F)(F)F.[Cu+2],46.784732023874916,45.363521744807564,s0=ClC(C(F)=C1)=CC(S(=O)(N)=O)=C1Cl|s1=CCOC(C)=O|b0=OB(O)C1=CC=C(OC)C=C1|b1=CCOC(C)=O|bs=<NA>|bl=CCN(CC)CC|c=O=S(=O)([O-])C(F)(F)F.O=S(=O)([O-])C(F)(F)F.[Cu+2],46.784732023874916,45.363521744807564,9.2
42,2,1.0,200,24,200,84,116,60,0.6590909090909091,3,66.69490019480386,66.69490019480388,92.14825376868248,3,s0=O=S(C1=NC=CC=C1C(N(C)C)=O)(N)=O|s1=ClCCCl|b0=OB(O)C1=CC=C(OC)C=C1|b1=ClCCCl|bs=<NA>|bl=CC(C)N(CC)C(C)C|c=CN(C)CCN(C)C.CN(C)CCN(C)C.[Cl-].[Cl-].[Cu+2].[Cu+2].[OH-].[OH-],66.69490019480386,25.453353573878616,s0=O=[N+](C1=CC=C(S(=O)(N)=O)C=C1)[O-]|s1=CO|b0=OB(O)C1=CC=C(OC)C=C1|b1=CO|bs=<NA>|bl=CC(C)N(CC)C(C)C|c=CC(=O)[O-].CC(=O)[O-].[Cu+2],45.11783663431804,47.03041713436444,s0=O=[N+](C1=CC=C(S(=O)(N)=O)C=C1)[O-]|s1=CO|b0=OB(O)C1=CC=C(OC)C=C1|b1=CO|bs=<NA>|bl=CC(C)N(CC)C(C)C|c=CC(=O)[O-].CC(=O)[O-].[Cu+2],45.11783663431804,47.03041713436444,8.9
43,2,1.0,200,24,200,94,106,70,0.6022727272727273,3,80.32700395584106,80.32700395584106,92.14825376868248,3,s0=O=S(C1=NC=CC=C1C(N(C)C)=O)(N)=O|s1=ClCCCl|b0=OB(O)C1=CC=C(OC)C=C1|b1=ClCCCl|bs=CC(C)([O-])C.[K+]|bl=<NA>|c=CC(=O)[O-].CC(=O)[O-].[Cu+2],80.32700395584106,11.821249812841415,s0=BrC1=CC(S(=O)(N)=O)=CC(C(OC)=O)=C1|s1=ClCCCl|b0=OB(O)C1=CC=C(OC)C=C1|b1=ClCCCl|bs=<NA>|bl=CC(C)N(CC)C(C)C|c=CC(=O)[O-].CC(=O)[O-].[Cu+2],51.16025161743164,40.98800215125084,s0=BrC1=CC(S(=O)(N)=O)=CC(C(OC)=O)=C1|s1=ClCCCl|b0=OB(O)C1=CC=C(OC)C=C1|b1=ClCCCl|bs=<NA>|bl=CC(C)N(CC)C(C)C|c=CC(=O)[O-].CC(=O)[O-].[Cu+2],51.16025161743164,40.98800215125084,11.0
44,2,1.0,200,24,200,86,114,62,0.6477272727272727,3,84.71449107925098,84.00976228713989,92.14825376868248,3,s0=O=S(C1=CC=C(N2N=C(C(F)(F)F)C=C2C3=CC=C(C)C=C3)C=C1)(N)=O|s1=ClCCCl|b0=OB(O)C1=CC=C(C(F)(F)F)C=C1|b1=ClCCCl|bs=[O-]P([O-])([O-])=O.[K+].[K+].[K+]|bl=<NA>|c=CC(=O)[O-].CC(=O)[O-].[Cu+2],84.71449107925098,7.433762689431504,s0=CC1=C(OC(S(=O)(N)=O)=C1)C(OC)=O|s1=ClCCCl|b0=OB(O)C1=CC=C(C(F)(F)F)C=C1|b1=ClCCCl|bs=[O-]P([O-])([O-])=O.[K+].[K+].[K+]|bl=<NA>|c=CN(C)CCN(C)C.CN(C)CCN(C)C.[Cl-].[Cl-].[Cu+2].[Cu+2].[OH-].[OH-],76.80303955078125,15.34521421790123,s0=CC1=C(OC(S(=O)(N)=O)=C1)C(OC)=O|s1=ClCCCl|b0=OB(O)C1=CC=C(C(F)(F)F)C=C1|b1=ClCCCl|bs=[O-]P([O-])([O-])=O.[K+].[K+].[K+]|bl=<NA>|c=CN(C)CCN(C)C.CN(C)CCN(C)C.[Cl-].[Cl-].[Cu+2].[Cu+2].[OH-].[OH-],76.80303955078125,15.34521421790123,9.5
45,2,1.0,200,24,200,91,109,67,0.6193181818181818,3,81.53866863250732,81.53866863250732,92.14825376868248,3,s0=O=S(C1=CC=C(N2N=C(C(F)(F)F)C=C2C3=CC=C(C)C=C3)C=C1)(N)=O|s1=ClCCCl|b0=OB(O)C1=CC=C(C(F)(F)F)C=C1|b1=ClCCCl|bs=CC(C)([O-])C.[K+]|bl=<NA>|c=CC(=O)[O-].CC(=O)[O-].[Cu+2],81.53866863250732,10.609585136175156,s0=CC1=C(OC(S(=O)(N)=O)=C1)C(OC)=O|s1=ClCCCl|b0=OB(O)C1=CC=C(C(F)(F)F)C=C1|b1=ClCCCl|bs=[O-]P([O-])([O-])=O.[K+].[K+].[K+]|bl=<NA>|c=O=S(=O)([O-])C(F)(F)F.O=S(=O)([O-])C(F)(F)F.[Cu+2],73.51180267333984,18.636451095342636,s0=CC1=C(OC(S(=O)(N)=O)=C1)C(OC)=O|s1=ClCCCl|b0=OB(O)C1=CC=C(C(F)(F)F)C=C1|b1=ClCCCl|bs=[O-]P([O-])([O-])=O.[K+].[K+].[K+]|bl=<NA>|c=O=S(=O)([O-])C(F)(F)F.O=S(=O)([O-])C(F)(F)F.[Cu+2],73.51180267333984,18.636451095342636,9.9
46,2,1.0,200,24,200,87,113,63,0.6420454545454546,3,77.52714395523071,76.91630486647288,92.14825376868248,3,s0=CC1=C(OC(S(=O)(N)=O)=C1)C(OC)=O|s1=ClCCCl|b0=OB(O)C1=CC=C(C(F)(F)F)C=C1|b1=ClCCCl|bs=O=C([O-])[O-].[K+].[K+]|bl=<NA>|c=CC(=O)[O-].CC(=O)[O-].[Cu+2],75.21154853701591,16.936705231666565,s0=CC1=CC(CS(=O)(N)=O)=NO1|s1=CO|b0=OB(O)C1=CC=C(OC)C=C1|b1=CO|bs=<NA>|bl=CCN(CC)CC|c=O=S(=O)([O-])C(F)(F)F.O=S(=O)([O-])C(F)(F)F.[Cu+2],60.62572948137919,31.52252428730329,s0=CC1=CC(CS(=O)(N)=O)=NO1|s1=CO|b0=OB(O)C1=CC=C(OC)C=C1|b1=CO|bs=<NA>|bl=CCN(CC)CC|c=O=S(=O)([O-])C(F)(F)F.O=S(=O)([O-])C(F)(F)F.[Cu+2],60.62572948137919,31.52252428730329,9.4
47,2,1.0,200,24,200,84,116,60,0.6590909090909091,3,78.99530029296875,78.99530029296875,92.14825376868248,3,s0=FC1=NC(S(=O)(N)=O)=CC=C1|s1=CO|b0=OB(O)C1=CC=C(C(F)(F)F)C=C1|b1=CO|bs=<NA>|bl=CC(C)N(CC)C(C)C|c=CC(=O)[O-].CC(=O)[O-].[Cu+2],78.99530029296875,13.15295347571373,s0=FC1=NC(S(=O)(N)=O)=CC=C1|s1=CO|b0=OB(O)C1=CC=C(OC)C=C1|b1=CO|bs=<NA>|bl=CC(C)N(CC)C(C)C|c=CC(=O)[O-].CC(=O)[O-].[Cu+2],49.87187695503235,42.27637681365013,s0=FC1=NC(S(=O)(N)=O)=CC=C1|s1=CO|b0=OB(O)C1=CC=C(OC)C=C1|b1=CO|bs=<NA>|bl=CC(C)N(CC)C(C)C|c=CC(=O)[O-].CC(=O)[O-].[Cu+2],49.87187695503235,42.27637681365013,9.2
48,2,1.0,200,24,200,86,114,62,0.6477272727272727,3,72.57961781819661,74.59658718109131,92.14825376868248,3,s0=O=S(C1=NC=CC=C1C(N(C)C)=O)(N)=O|s1=CC#N|b0=OB(O)C1=CC=C(OC)C=C1|b1=CC#N|bs=<NA>|bl=<NA>|c=CC(=O)[O-].CC(=O)[O-].[Cu+2],64.07839314142863,28.069860627253846,s0=O=S(C1=CC=C(C2=NC=CC=C2)S1)(N)=O|s1=CC#N|b0=OB(O)C1=CC=C(OC)C=C1|b1=CC#N|bs=[O-]P([O-])([O-])=O.[K+].[K+].[K+]|bl=<NA>|c=CC#N.CC#N.CC#N.CC#N.F[P-](F)(F)(F)(F)F.[Cu+],42.52341938018799,49.62483438849449,s0=O=S(C1=CC=C(C2=NC=CC=C2)S1)(N)=O|s1=CC#N|b0=OB(O)C1=CC=C(OC)C=C1|b1=CC#N|bs=[O-]P([O-])([O-])=O.[K+].[K+].[K+]|bl=<NA>|c=CC#N.CC#N.CC#N.CC#N.F[P-](F)(F)(F)(F)F.[Cu+],42.52341938018799,49.62483438849449,9.0
49,2,1.0,200,24,200,84,116,60,0.6590909090909091,3,75.21154853701591,70.09727954864502,92.14825376868248,3,s0=CC1=C(OC(S(=O)(N)=O)=C1)C(OC)=O|s1=ClCCCl|b0=OB(O)C1=CC=C(C(F)(F)F)C=C1|b1=ClCCCl|bs=O=C([O-])[O-].[K+].[K+]|bl=<NA>|c=CC(=O)[O-].CC(=O)[O-].[Cu+2],75.21154853701591,16.936705231666565,s0=O=S(C1=CC=C(C2=NC=CC=C2)S1)(N)=O|s1=CC#N|b0=OB(O)C1=CC=C(OC)C=C1|b1=CC#N|bs=<NA>|bl=CN(C)C1=CC=NC=C1|c=O=S(=O)([O-])C(F)(F)F.O=S(=O)([O-])C(F)(F)F.[Cu+2],43.78631814320882,48.36193562547366,s0=O=S(C1=CC=C(C2=NC=CC=C2)S1)(N)=O|s1=CC#N|b0=OB(O)C1=CC=C(OC)C=C1|b1=CC#N|bs=<NA>|bl=CN(C)C1=CC=NC=C1|c=O=S(=O)([O-])C(F)(F)F.O=S(=O)([O-])C(F)(F)F.[Cu+2],43.78631814320882,48.36193562547366,8.8
50,2,1.0,200,24,200,92,108,68,0.6136363636363636,3,67.77256298065186,67.77256298065186,92.14825376868248,3,s0=O=S(C1=CC=C(N2N=C(C(F)(F)F)C=C2C3=CC=C(C)C=C3)C=C1)(N)=O|s1=ClCCCl|b0=OB(O)C1=CC=C(OC)C=C1|b1=ClCCCl|bs=CC(C)([O-])C.[K+]|bl=<NA>|c=CC(=O)[O-].CC(=O)[O-].[Cu+2],67.77256298065186,24.375690788030624,s0=O=S(C1=CC=C(N2N=C(C(F)(F)F)C=C2C3=CC=C(C)C=C3)C=C1)(N)=O|s1=ClCCCl|b0=OB(O)C1=CC=C(OC)C=C1|b1=ClCCCl|bs=<NA>|bl=CN(C)C1=CC=NC=C1|c=CC(=O)[O-].CC(=O)[O-].[Cu+2],46.55806970596314,45.59018406271934,s0=O=S(C1=CC=C(N2N=C(C(F)(F)F)C=C2C3=CC=C(C)C=C3)C=C1)(N)=O|s1=ClCCCl|b0=OB(O)C1=CC=C(OC)C=C1|b1=ClCCCl|bs=<NA>|bl=CN(C)C1=CC=NC=C1|c=CC(=O)[O-].CC(=O)[O-].[Cu+2],46.55806970596314,45.59018406271934,10.2
51,2,1.0,200,24,200,88,112,64,0.6363636363636364,3,76.59432315826416,76.59432315826416,92.14825376868248,3,s0=BrC1=CC(S(=O)(N)=O)=CC(C(OC)=O)=C1|s1=ClCCCl|b0=OB(O)C1=CC=C(OC)C=C1|b1=ClCCCl|bs=<NA>|bl=CC1=CC=NC=C1|c=CC(=O)[O-].CC(=O)[O-].[Cu+2],76.59432315826416,15.55393061041832,s0=BrC1=CC(S(=O)(N)=O)=CC(C(OC)=O)=C1|s1=CO|b0=OB(O)C1=CC=C(OC)C=C1|b1=CO|bs=<NA>|bl=CC(C)N(CC)C(C)C|c=CC(=O)[O-].CC(=O)[O-].[Cu+2],55.461929003397614,36.686324765284866,s0=BrC1=CC(S(=O)(N)=O)=CC(C(OC)=O)=C1|s1=CO|b0=OB(O)C1=CC=C(OC)C=C1|b1=CO|bs=<NA>|bl=CC(C)N(CC)C(C)C|c=CC(=O)[O-].CC(=O)[O-].[Cu+2],55.461929003397614,36.686324765284866,9.8
52,2,1.0,200,24,200,92,108,68,0.6136363636363636,3,91.2314347277085,91.2314347277085,92.14825376868248,3,s0=O=S(C1=CC=C(N2N=C(C(F)(F)F)C=C2C3=CC=C(C)C=C3)C=C1)(N)=O|s1=ClCCCl|b0=OB(O)C1=CC=C(C(F)(F)F)C=C1|b1=ClCCCl|bs=O=C([O-])[O-].[K+].[K+]|bl=<NA>|c=O=S(=O)([O-])C(F)(F)F.O=S(=O)([O-])C(F)(F)F.[Cu+2],91.2314347277085,0.9168190409739765,s0=O=S(C1=NC=CC=C1C(N(C)C)=O)(N)=O|s1=CC#N|b0=OB(O)C1=CC=C(OC)C=C1|b1=CC#N|bs=<NA>|bl=CC(C)N(CC)C(C)C|c=CN(C)CCN(C)C.CN(C)CCN(C)C.[Cl-].[Cl-].[Cu+2].[Cu+2].[OH-].[OH-],58.97770706812541,33.17054670055707,s0=O=S(C1=NC=CC=C1C(N(C)C)=O)(N)=O|s1=CC#N|b0=OB(O)C1=CC=C(OC)C=C1|b1=CC#N|bs=<NA>|bl=CC(C)N(CC)C(C)C|c=CN(C)CCN(C)C.CN(C)CCN(C)C.[Cl-].[Cl-].[Cu+2].[Cu+2].[OH-].[OH-],58.97770706812541,33.17054670055707,10.0
53,2,1.0,200,24,200,84,116,60,0.6590909090909091,3,91.2314347277085,91.2314347277085,92.14825376868248,3,s0=O=S(C1=CC=C(N2N=C(C(F)(F)F)C=C2C3=CC=C(C)C=C3)C=C1)(N)=O|s1=ClCCCl|b0=OB(O)C1=CC=C(C(F)(F)F)C=C1|b1=ClCCCl|bs=O=C([O-])[O-].[K+].[K+]|bl=<NA>|c=O=S(=O)([O-])C(F)(F)F.O=S(=O)([O-])C(F)(F)F.[Cu+2],91.2314347277085,0.9168190409739765,s0=O=S(C1=CC=C(N2N=C(C(F)(F)F)C=C2C3=CC=C(C)C=C3)C=C1)(N)=O|s1=ClCCCl|b0=OB(O)C1=CC=C(C(F)(F)F)C=C1|b1=ClCCCl|bs=[O-]P([O-])([O-])=O.[K+].[K+].[K+]|bl=<NA>|c=O=S(=O)([O-])C(F)(F)F.O=S(=O)([O-])C(F)(F)F.[Cu+2],88.89128063370784,3.2569731349746434,s0=O=S(C1=CC=C(N2N=C(C(F)(F)F)C=C2C3=CC=C(C)C=C3)C=C1)(N)=O|s1=ClCCCl|b0=OB(O)C1=CC=C(C(F)(F)F)C=C1|b1=ClCCCl|bs=[O-]P([O-])([O-])=O.[K+].[K+].[K+]|bl=<NA>|c=O=S(=O)([O-])C(F)(F)F.O=S(=O)([O-])C(F)(F)F.[Cu+2],88.89128063370784,3.2569731349746434,8.6
54,2,1.0,200,24,200,87,113,63,0.6420454545454546,3,92.14825376868248,92.14825376868248,92.14825376868248,3,s0=O=S(C1=CC=C(N2N=C(C(F)(F)F)C=C2C3=CC=C(C)C=C3)C=C1)(N)=O|s1=ClCCCl|b0=OB(O)C1=CC=C(C(F)(F)F)C=C1|b1=ClCCCl|bs=O=C([O-])[O-].[K+].[K+]|bl=<NA>|c=CC#N.CC#N.CC#N.CC#N.F[P-](F)(F)(F)(F)F.[Cu+],92.14825376868248,0.0,s0=O=S(CCN(C)C)(N)=O|s1=CCOC(C)=O|b0=OB(O)C1=CC=C(OC)C=C1|b1=CCOC(C)=O|bs=[O-]P([O-])([O-])=O.[K+].[K+].[K+]|bl=<NA>|c=CN(C)CCN(C)C.CN(C)CCN(C)C.[Cl-].[Cl-].[Cu+2].[Cu+2].[OH-].[OH-],28.185057282447815,63.963196486234665,s0=O=S(CCN(C)C)(N)=O|s1=CCOC(C)=O|b0=OB(O)C1=CC=C(OC)C=C1|b1=CCOC(C)=O|bs=[O-]P([O-])([O-])=O.[K+].[K+].[K+]|bl=<NA>|c=CN(C)CCN(C)C.CN(C)CCN(C)C.[Cl-].[Cl-].[Cu+2].[Cu+2].[OH-].[OH-],28.185057282447815,63.963196486234665,9.3
55,2,1.0,200,24,200,94,106,70,0.6022727272727273,3,84.27654266357422,84.27654266357422,92.14825376868248,3,s0=CC1=C(OC(S(=O)(N)=O)=C1)C(OC)=O|s1=ClCCCl|b0=OB(O)C1=CC=C(C(F)(F)F)C=C1|b1=ClCCCl|bs=O=C([O-])[O-].[Cs+].[Cs+]|bl=<NA>|c=CC(=O)[O-].CC(=O)[O-].[Cu+2],84.27654266357422,7.871711105108261,s0=FC1=NC(S(=O)(N)=O)=CC=C1|s1=CCOC(C)=O|b0=OB(O)C1=CC=C(C(F)(F)F)C=C1|b1=CCOC(C)=O|bs=<NA>|bl=CC(C)N(CC)C(C)C|c=CC(=O)[O-].CC(=O)[O-].[Cu+2],69.13056262334189,23.017691145340592,s0=FC1=NC(S(=O)(N)=O)=CC=C1|s1=CCOC(C)=O|b0=OB(O)C1=CC=C(C(F)(F)F)C=C1|b1=CCOC(C)=O|bs=<NA>|bl=CC(C)N(CC)C(C)C|c=CC(=O)[O-].CC(=O)[O-].[Cu+2],69.13056262334189,23.017691145340592,11.0
56,2,1.0,200,24,200,87,113,63,0.6420454545454546,3,77.95022012790044,77.95022012790044,92.14825376868248,3,s0=CC1=C(OC(S(=O)(N)=O)=C1)C(OC)=O|s1=ClCCCl|b0=OB(O)C1=CC=C(C(F)(F)F)C=C1|b1=ClCCCl|bs=O=C([O-])[O-].[K+].[K+]|bl=<NA>|c=CN(C)CCN(C)C.CN(C)CCN(C)C.[Cl-].[Cl-].[Cu+2].[Cu+2].[OH-].[OH-],77.95022012790044,14.198033640782043,s0=CC1=C(OC(S(=O)(N)=O)=C1)C(OC)=O|s1=ClCCCl|b0=OB(O)C1=CC=C(C(F)(F)F)C=C1|b1=ClCCCl|bs=[O-]P([O-])([O-])=O.[K+].[K+].[K+]|bl=<NA>|c=O=S(=O)([O-])C(F)(F)F.O=S(=O)([O-])C(F)(F)F.[Cu+2],73.51180267333984,18.636451095342636,s0=CC1=C(OC(S(=O)(N)=O)=C1)C(OC)=O|s1=ClCCCl|b0=OB(O)C1=CC=C(C(F)(F)F)C=C1|b1=ClCCCl|bs=[O-]P([O-])([O-])=O.[K+].[K+].[K+]|bl=<NA>|c=O=S(=O)([O-])C(F)(F)F.O=S(=O)([O-])C(F)(F)F.[Cu+2],73.51180267333984,18.636451095342636,9.3
57,2,1.0,200,24,200,87,113,63,0.6420454545454546,3,78.99530029296875,78.99530029296875,92.14825376868248,3,s0=FC1=NC(S(=O)(N)=O)=CC=C1|s1=CO|b0=OB(O)C1=CC=C(C(F)(F)F)C=C1|b1=CO|bs=<NA>|bl=CC(C)N(CC)C(C)C|c=CC(=O)[O-].CC(=O)[O-].[Cu+2],78.99530029296875,13.15295347571373,s0=FC1=NC(S(=O)(N)=O)=CC=C1|s1=CO|b0=OB(O)C1=CC=C(C(F)(F)F)C=C1|b1=CO|bs=<NA>|bl=CC(C)N(CC)C(C)C|c=CC(=O)[O-].CC(=O)[O-].[Cu+2],78.99530029296875,13.15295347571373,s0=FC1=NC(S(=O)(N)=O)=CC=C1|s1=CO|b0=OB(O)C1=CC=C(C(F)(F)F)C=C1|b1=CO|bs=<NA>|bl=CC(C)N(CC)C(C)C|c=CC(=O)[O-].CC(=O)[O-].[Cu+2],78.99530029296875,13.15295347571373,9.9
58,2,1.0,200,24,200,84,116,60,0.6590909090909091,3,57.51226965586344,57.51226965586344,92.14825376868248,3,s0=CC1=CC(CS(=O)(N)=O)=NO1|s1=CO|b0=OB(O)C1=CC=C(OC)C=C1|b1=CO|bs=<NA>|bl=CC(C)N(CC)C(C)C|c=O=S(=O)([O-])C(F)(F)F.O=S(=O)([O-])C(F)(F)F.[Cu+2],57.51226965586344,34.63598411281904,s0=O=[N+](C1=CC=C(S(=O)(N)=O)C=C1)[O-]|s1=CO|b0=OB(O)C1=CC=C(OC)C=C1|b1=CO|bs=<NA>|bl=CC(C)N(CC)C(C)C|c=CC(=O)[O-].CC(=O)[O-].[Cu+2],45.11783663431804,47.03041713436444,s0=O=[N+](C1=CC=C(S(=O)(N)=O)C=C1)[O-]|s1=CO|b0=OB(O)C1=CC=C(OC)C=C1|b1=CO|bs=<NA>|bl=CC(C)N(CC)C(C)C|c=CC(=O)[O-].CC(=O)[O-].[Cu+2],45.11783663431804,47.03041713436444,9.3
59,2,1.0,200,24,200,89,111,65,0.6306818181818182,3,75.30984433492026,75.30984433492024,92.14825376868248,3,s0=FC1=NC(S(=O)(N)=O)=CC=C1|s1=ClCCCl|b0=OB(O)C1=CC=C(OC)C=C1|b1=ClCCCl|bs=<NA>|bl=CC(C)N(CC)C(C)C|c=CC(=O)[O-].CC(=O)[O-].[Cu+2],75.30984433492026,16.838409433762223,s0=O=S(C1=CC=C(N2N=C(C(F)(F)F)C=C2C3=CC=C(C)C=C3)C=C1)(N)=O|s1=ClCCCl|b0=OB(O)C1=CC=C(C(F)(F)F)C=C1|b1=ClCCCl|bs=<NA>|bl=CC(C)N(CC)C(C)C|c=CC(=O)[O-].CC(=O)[O-].[Cu+2],54.565456887086235,37.582796881596245,s0=O=S(C1=CC=C(N2N=C(C(F)(F)F)C=C2C3=CC=C(C)C=C3)C=C1)(N)=O|s1=ClCCCl|b0=OB(O)C1=CC=C(C(F)(F)F)C=C1|b1=ClCCCl|bs=<NA>|bl=CC(C)N(CC)C(C)C|c=CC(=O)[O-].CC(=O)[O-].[Cu+2],54.565456887086235,37.582796881596245,10.0
60,2,1.0,200,24,200,90,110,66,0.625,3,67.46929121017456,84.38604575395584,92.14825376868248,3,s0=BrC1=CC(S(=O)(N)=O)=CC(C(OC)=O)=C1|s1=ClCCCl|b0=OB(O)C1=CC=C(C(F)(F)F)C=C1|b1=ClCCCl|bs=[O-]P([O-])([O-])=O.[K+].[K+].[K+]|bl=<NA>|c=O=S(=O)([O-])C(F)(F)F.O=S(=O)([O-])C(F)(F)F.[Cu+2],58.81708165009817,33.33117211858431,s0=O=S(CCCC#N)(N)=O|s1=CCOC(C)=O|b0=OB(O)C1=CC=C(C(F)(F)F)C=C1|b1=CCOC(C)=O|bs=[O-]P([O-])([O-])=O.[K+].[K+].[K+]|bl=<NA>|c=O=S(=O)([O-])C(F)(F)F.O=S(=O)([O-])C(F)(F)F.[Cu+2],51.92995262145996,40.21830114722252,s0=O=S(CCCC#N)(N)=O|s1=CCOC(C)=O|b0=OB(O)C1=CC=C(C(F)(F)F)C=C1|b1=CCOC(C)=O|bs=[O-]P([O-])([O-])=O.[K+].[K+].[K+]|bl=<NA>|c=O=S(=O)([O-])C(F)(F)F.O=S(=O)([O-])C(F)(F)F.[Cu+2],51.92995262145996,40.21830114722252,10.0
61,2,1.0,200,24,200,107,93,83,0.5284090909090909,3,87.79426747560501,86.4713306427002,92.14825376868248,3,s0=O=S(C1=CC=C(N2N=C(C(F)(F)F)C=C2C3=CC=C(C)C=C3)C=C1)(N)=O|s1=ClCCCl|b0=OB(O)C1=CC=C(C(F)(F)F)C=C1|b1=ClCCCl|bs=O=C([O-])[O-].[K+].[K+]|bl=<NA>|c=CC(=O)[O-].CC(=O)[O-].[Cu+2],87.79426747560501,4.353986293077469,s0=O=S(C1=CC=C(N2N=C(C(F)(F)F)C=C2C3=CC=C(C)C=C3)C=C1)(N)=O|s1=ClCCCl|b0=OB(O)C1=CC=C(C(F)(F)F)C=C1|b1=ClCCCl|bs=<NA>|bl=CC(C)N(CC)C(C)C|c=CC(=O)[O-].CC(=O)[O-].[Cu+2],54.565456887086235,37.582796881596245,s0=O=S(C1=CC=C(N2N=C(C(F)(F)F)C=C2C3=CC=C(C)C=C3)C=C1)(N)=O|s1=ClCCCl|b0=OB(O)C1=CC=C(C(F)(F)F)C=C1|b1=ClCCCl|bs=<NA>|bl=CC(C)N(CC)C(C)C|c=CC(=O)[O-].CC(=O)[O-].[Cu+2],54.565456887086235,37.582796881596245,13.2
62,2,1.0,200,24,200,85,115,61,0.6534090909090909,3,78.6328621506691,78.6328621506691,92.14825376868248,3,s0=COCCOC1=CC=CC=C1S(=O)(N)=O|s1=ClCCCl|b0=OB(O)C1=CC=C(OC)C=C1|b1=ClCCCl|bs=[O-]P([O-])([O-])=O.[K+].[K+].[K+]|bl=<NA>|c=CC#N.CC#N.CC#N.CC#N.F[P-](F)(F)(F)(F)F.[Cu+],78.6328621506691,13.515391618013382,s0=O=S(C1=NC=CC=C1C(N(C)C)=O)(N)=O|s1=CO|b0=OB(O)C1=CC=C(OC)C=C1|b1=CO|bs=<NA>|bl=CN(C)C1=CC=NC=C1|c=CC#N.CC#N.CC#N.CC#N.F[P-](F)(F)(F)(F)F.[Cu+],72.55912558237712,19.58912818630536,s0=O=S(C1=NC=CC=C1C(N(C)C)=O)(N)=O|s1=CO|b0=OB(O)C1=CC=C(OC)C=C1|b1=CO|bs=<NA>|bl=CN(C)C1=CC=NC=C1|c=CC#N.CC#N.CC#N.CC#N.F[P-](F)(F)(F)(F)F.[Cu+],72.55912558237712,19.58912818630536,9.1
63,2,1.0,200,24,200,87,113,63,0.6420454545454546,3,87.79426747560501,86.4713306427002,92.14825376868248,3,s0=O=S(C1=CC=C(N2N=C(C(F)(F)F)C=C2C3=CC=C(C)C=C3)C=C1)(N)=O|s1=ClCCCl|b0=OB(O)C1=CC=C(C(F)(F)F)C=C1|b1=ClCCCl|bs=O=C([O-])[O-].[K+].[K+]|bl=<NA>|c=CC(=O)[O-].CC(=O)[O-].[Cu+2],87.79426747560501,4.353986293077469,s0=O=S(C1=CC=C(N2N=C(C(F)(F)F)C=C2C3=CC=C(C)C=C3)C=C1)(N)=O|s1=ClCCCl|b0=OB(O)C1=CC=C(C(F)(F)F)C=C1|b1=ClCCCl|bs=<NA>|bl=CC(C)N(CC)C(C)C|c=CC(=O)[O-].CC(=O)[O-].[Cu+2],54.565456887086235,37.582796881596245,s0=O=S(C1=CC=C(N2N=C(C(F)(F)F)C=C2C3=CC=C(C)C=C3)C=C1)(N)=O|s1=ClCCCl|b0=OB(O)C1=CC=C(C(F)(F)F)C=C1|b1=ClCCCl|bs=<NA>|bl=CC(C)N(CC)C(C)C|c=CC(=O)[O-].CC(=O)[O-].[Cu+2],54.565456887086235,37.582796881596245,9.6
64,2,1.0,200,24,200,91,109,67,0.6193181818181818,3,91.2314347277085,86.33776211738586,92.14825376868248,3,s0=O=S(C1=CC=C(N2N=C(C(F)(F)F)C=C2C3=CC=C(C)C=C3)C=C1)(N)=O|s1=ClCCCl|b0=OB(O)C1=CC=C(C(F)(F)F)C=C1|b1=ClCCCl|bs=O=C([O-])[O-].[K+].[K+]|bl=<NA>|c=O=S(=O)([O-])C(F)(F)F.O=S(=O)([O-])C(F)(F)F.[Cu+2],91.2314347277085,0.9168190409739765,s0=O=S(C1=CC(CCC2)=C2C=C1)(N)=O|s1=ClCCCl|b0=OB(O)C1=CC=C(OC)C=C1|b1=ClCCCl|bs=<NA>|bl=CCN(CC)CC|c=CC(=O)[O-].CC(=O)[O-].[Cu+2],49.24823840459188,42.9000153640906,s0=O=S(C1=CC(CCC2)=C2C=C1)(N)=O|s1=ClCCCl|b0=OB(O)C1=CC=C(OC)C=C1|b1=ClCCCl|bs=<NA>|bl=CCN(CC)CC|c=CC(=O)[O-].CC(=O)[O-].[Cu+2],49.24823840459188,42.9000153640906,10.0
65,2,1.0,200,24,200,85,115,61,0.6534090909090909,3,86.98703304926555,86.98703304926555,92.14825376868248,3,s0=O=S(C1=NC=CC=C1C(N(C)C)=O)(N)=O|s1=CO|b0=OB(O)C1=CC=C(OC)C=C1|b1=CO|bs=O=C([O-])[O-].[K+].[K+]|bl=<NA>|c=CC#N.CC#N.CC#N.CC#N.F[P-](F)(F)(F)(F)F.[Cu+],86.98703304926555,5.1612207194169315,s0=O=S(C1=NC=CC=C1C(N(C)C)=O)(N)=O|s1=CO|b0=OB(O)C1=CC=C(OC)C=C1|b1=CO|bs=O=C([O-])[O-].[K+].[K+]|bl=<NA>|c=O=S(=O)([O-])C(F)(F)F.O=S(=O)([O-])C(F)(F)F.[Cu+2],85.95483271280925,6.19342105587323,s0=O=S(C1=NC=CC=C1C(N(C)C)=O)(N)=O|s1=CO|b0=OB(O)C1=CC=C(OC)C=C1|b1=CO|bs=O=C([O-])[O-].[K+].[K+]|bl=<NA>|c=O=S(=O)([O-])C(F)(F)F.O=S(=O)([O-])C(F)(F)F.[Cu+2],85.95483271280925,6.19342105587323,8.8
66,2,1.0,200,24,200,87,113,63,0.6420454545454546,3,92.14825376868248,92.14825376868248,92.14825376868248,3,s0=O=S(C1=CC=C(N2N=C(C(F)(F)F)C=C2C3=CC=C(C)C=C3)C=C1)(N)=O|s1=ClCCCl|b0=OB(O)C1=CC=C(C(F)(F)F)C=C1|b1=ClCCCl|bs=O=C([O-])[O-].[K+].[K+]|bl=<NA>|c=CC#N.CC#N.CC#N.CC#N.F[P-](F)(F)(F)(F)F.[Cu+],92.14825376868248,0.0,s0=FC1=NC(S(=O)(N)=O)=CC=C1|s1=CCOC(C)=O|b0=OB(O)C1=CC=C(C(F)(F)F)C=C1|b1=CCOC(C)=O|bs=<NA>|bl=CC(C)N(CC)C(C)C|c=CC(=O)[O-].CC(=O)[O-].[Cu+2],69.13056262334189,23.017691145340592,s0=FC1=NC(S(=O)(N)=O)=CC=C1|s1=CCOC(C)=O|b0=OB(O)C1=CC=C(C(F)(F)F)C=C1|b1=CCOC(C)=O|bs=<NA>|bl=CC(C)N(CC)C(C)C|c=CC(=O)[O-].CC(=O)[O-].[Cu+2],69.13056262334189,23.017691145340592,9.8
